date,daily.returns,daily_sentiment,articles_per_day,chunks_per_day,incomplete_chunks_per_day,failed_chunks_per_day,chunks_total_per_day
2010-01-04,0,0.04480301946523468,88,991,83,0,991
2010-01-05,0.00311083196675972,0.04063473577958863,114,1357,110,0,1357
2010-01-06,5.4537188782341e-4,0.07856341335506269,113,1487,110,0,1487
2010-01-07,0.00399321835465424,0.17460045995886367,125,1604,122,0,1604
2010-01-08,0.00287758307509621,0.13706113133021333,101,1029,96,0,1029
2010-01-11,0.00174523162858463,0.02038010085218249,108,1269,104,0,1269
2010-01-12,-0.00942544643894456,0.15014286716592246,93,1301,89,0,1301
2010-01-13,0.00829145633336042,0.15026441510672156,80,1103,76,0,1103
2010-01-14,0.00242348642141418,0.06200164292296107,89,1234,85,0,1234
2010-01-15,-0.0108821263012086,0.11389058294227608,82,1095,79,0,1095
2010-01-19,0.0124221512077371,0.12636146224147798,106,1411,102,0,1411
2010-01-20,-0.0106543866018613,0.14126609480033792,115,1486,112,0,1486
2010-01-21,-0.0191266572729878,0.12265307961605916,107,1310,101,0,1310
2010-01-22,-0.022389779630109,0.22355900153832495,84,1100,79,0,1100
2010-01-25,0.00458755905379601,0.1037995569278428,100,1283,95,0,1283
2010-01-26,-0.00421205784778559,0.18589122386440388,85,1206,80,0,1206
2010-01-27,0.00486828286861181,0.15044540113214885,90,1420,86,0,1420
2010-01-28,-0.0118881255342793,0.09006434792673593,106,1340,102,0,1340
2010-01-29,-0.00987779904998258,0.05490496095301227,99,1390,89,0,1390
2010-02-01,0.0141653055463697,0.09908468466449752,120,1477,116,0,1477
2010-02-02,0.0128895204452028,0.09055788806076367,102,1194,98,0,1194
2010-02-03,-0.00548935038253854,0.05627208841906395,113,1510,107,0,1510
2010-02-04,-0.0316358560498069,0.10023739136717844,123,1741,118,0,1741
2010-02-05,0.0028929303608266,0.12681004651258102,113,1573,109,0,1573
2010-02-08,-0.00890280310037419,0.07959090691700246,108,1552,101,0,1552
2010-02-09,0.0129558417735864,-0.00211634565303624,107,1422,102,0,1422
2010-02-10,-0.00223506942800742,0.20712916171641851,86,1155,82,0,1155
2010-02-11,0.00963388233510129,0.13718233312502723,98,1425,93,0,1425
2010-02-12,-0.00274836611994113,0.07413499650305096,101,1451,96,0,1451
2010-02-16,0.0178406535362614,0.0335672147445042,99,1419,92,0,1419
2010-02-17,0.00422900459671037,-0.03488331329562234,109,1655,106,0,1655
2010-02-18,0.00656315773379546,0.1746790111821113,117,1739,113,0,1739
2010-02-19,0.00218423486359101,0.19714598385155177,116,1741,111,0,1741
2010-02-22,-0.00104640512492032,0.07104461810759906,114,1362,109,0,1362
2010-02-23,-0.0121766449451987,0.1414257139380847,112,1466,110,0,1466
2010-02-24,0.00967351969718988,0.1344711586474053,114,1656,111,0,1656
2010-02-25,-0.00208320855286515,0.16126545350276242,112,1682,109,0,1682
2010-02-26,0.00140439255685794,0.02993600238214161,95,1372,91,0,1372
2010-03-01,0.0101072574236037,0.10929363025566456,87,1368,84,0,1368
2010-03-02,0.00232773100288627,0.10664973382524603,109,1588,107,0,1588
2010-03-03,4.2910952140039e-4,0.09062317755427406,105,1514,100,0,1514
2010-03-04,0.00372915607957138,0.02039241297837349,91,1366,88,0,1366
2010-03-05,0.013910282801604,0.0256274421857382,93,1387,87,0,1387
2010-03-08,-1.7561143217653e-4,-0.02093171773055844,81,1317,79,0,1317
2010-03-09,0.0017112720239721,0.1634528144344336,102,1336,98,0,1336
2010-03-10,0.00451435490421295,0.11554836796695243,98,1359,93,0,1359
2010-03-11,0.00403337431350597,0.1088490751556362,91,1339,86,0,1339
2010-03-12,-2.1736957009269e-4,0.11492345470595984,92,1263,86,0,1263
2010-03-15,4.5209262343589e-4,0.3047471692201877,96,1192,93,0,1192
2010-03-16,0.00774901498315996,0.1690569415191452,95,1333,90,0,1333
2010-03-17,0.00580479533256364,0.12786419639938265,121,1634,117,0,1634
2010-03-18,-3.2589912668909e-4,0.22747710280981304,86,1232,83,0,1232
2010-03-19,-0.00509942645161271,0.11776820046907233,88,1025,84,0,1025
2010-03-22,0.00508235909918007,0.16823027334988805,95,1277,92,0,1277
2010-03-23,0.00714537778480017,0.1594621646521558,93,1344,90,0,1344
2010-03-24,-0.00550844788728831,0.16344839070299322,102,1428,99,0,1428
2010-03-25,-0.00170562108332868,0.07542615365837621,102,1228,99,0,1228
2010-03-26,7.3745061598841e-4,0.12275920391087616,90,1165,87,0,1165
2010-03-29,0.00566714631279806,0.15395828138146803,96,1367,94,0,1367
2010-03-30,4.26584629303888e-5,0.1382958248128677,87,1128,85,0,1128
2010-03-31,-0.00327824231803275,0.14925996000267044,101,1378,96,0,1378
2010-04-01,0.0073864540055243,0.01753088662278673,86,1187,82,0,1187
2010-04-05,0.00789672944308788,-0.02379397104555715,90,1023,87,0,1023
2010-04-06,0.00168287887534903,0.15437565278715465,77,946,74,0,946
2010-04-07,-0.00589404296726202,0.11041664356618604,102,1429,100,0,1429
2010-04-08,0.00336866143085493,0.01862968932965443,84,1192,81,0,1192
2010-04-09,0.00666166829683167,9.1399155999804e-4,86,1163,82,0,1163
2010-04-12,0.00176505085714011,0.11695324520785644,108,1410,105,0,1410
2010-04-13,6.8516603983684e-4,0.05868515170790157,88,1133,85,0,1133
2010-04-14,0.0110883630999086,-0.1509203873694435,124,1663,116,0,1663
2010-04-15,8.4218399117682e-4,-0.07205685821225653,115,1442,107,0,1442
2010-04-16,-0.0162579824185471,0.09187633329615318,103,1508,97,0,1508
2010-04-19,0.0045111407395298,0.11357773191897044,105,1300,101,0,1300
2010-04-20,0.00802604573707138,-0.08166226811432813,83,1366,81,0,1366
2010-04-21,-0.00101951643570197,0.06204266677992159,90,1471,88,0,1471
2010-04-22,0.0022613206430902,0.1010474682213766,85,1314,82,0,1314
2010-04-23,0.00709826768321825,-0.06395733065121942,83,1433,77,0,1433
2010-04-26,-0.00430570435509311,0.02465280012040818,91,1295,83,0,1295
2010-04-27,-0.0236596401787016,-0.00793563178005642,101,1530,96,0,1530
2010-04-28,0.0064419583781809,0.02066157017596685,82,1340,77,0,1340
2010-04-29,0.0128601802812896,-0.04066826217922936,89,1433,86,0,1433
2010-04-30,-0.0167878101398663,0.04304536566510192,77,1174,70,0,1174
2010-05-03,0.0130352574532621,0.03603319785016698,85,1446,83,0,1446
2010-05-04,-0.0241271999574182,0.1153619494023722,108,1727,104,0,1727
2010-05-05,-0.0066083418007801,0.1387256766740792,82,1374,79,0,1374
2010-05-06,-0.0328884406439637,0.22683347941211135,115,1777,108,0,1777
2010-05-07,-0.0154266461809075,0.0922500834036854,95,1289,88,0,1289
2010-05-10,0.0430347041456154,0.16085744776102084,93,1474,89,0,1474
2010-05-11,-0.00340307591846623,0.22632001196041948,104,1553,98,0,1553
2010-05-12,0.0136459924018245,0.08870959779042528,105,1658,102,0,1658
2010-05-13,-0.0122194998892251,0.10278464686132338,80,1258,78,0,1258
2010-05-14,-0.0189789813879498,0.12859639144336998,103,1342,99,0,1342
2010-05-17,0.00110875362100844,0.27553085824272666,94,1322,85,0,1322
2010-05-18,-0.0142976317849977,0.22790618111709168,98,1335,90,0,1335
2010-05-19,-0.00514346886001559,0.1622657358069902,99,1356,94,0,1356
2010-05-20,-0.0397557958377663,0.27137064011913026,147,1882,141,0,1882
2010-05-21,0.0149126325857043,0.13196056397187614,92,982,84,0,982
2010-05-24,-0.0129920463236877,0.14189447815369113,89,1018,86,0,1018
2010-05-25,3.5387476465256e-4,0.20161968862628263,109,1427,104,0,1427
2010-05-26,-0.00567707869365167,0.05409763498744529,131,1617,127,0,1617
2010-05-27,0.0323473117686771,0.04600572251593289,115,1364,110,0,1364
2010-05-28,-0.0124518923454058,0.08379878102842095,108,1207,104,0,1207
2010-06-01,-0.0173143533245988,0.02464699453858268,93,1014,90,0,1014
2010-06-02,0.0255144281083427,0.06754262776686336,113,1357,108,0,1357
2010-06-03,0.00404319198344244,0.07617504743325827,86,1199,82,0,1199
2010-06-04,-0.0350174420898311,0.17451061167829116,96,1153,89,0,1153
2010-06-07,-0.0136244661657156,0.15847496538297878,127,1625,124,0,1625
2010-06-08,0.010916267643519,0.15055901665006544,101,1253,98,0,1253
2010-06-09,-0.00595939674188801,0.03573405661573634,125,1417,117,0,1417
2010-06-10,0.0290798456661769,0.11570589721061128,115,1317,109,0,1317
2010-06-11,0.00437011574261751,0.09140211938210996,110,1393,106,0,1393
2010-06-14,-0.00180629393175672,0.17548059422753137,94,1041,91,0,1041
2010-06-15,0.0232224505985004,0.08338077376462631,96,1091,92,0,1091
2010-06-16,-5.5608935409542e-4,0.15865058701123855,116,1243,112,0,1243
2010-06-17,0.0012821858123894,0.12782873789259172,91,985,89,0,985
2010-06-18,0.00131626413845491,0.20860210599405665,93,976,89,0,976
2010-06-21,-0.00386429794339889,0.1526579778854284,100,1133,95,0,1133
2010-06-22,-0.0162012250869894,0.1958787715225101,92,989,88,0,989
2010-06-23,-0.00298993926106872,0.19627746042407615,104,1051,97,0,1051
2010-06-24,-0.0169462832049513,0.167974624372687,93,1102,89,0,1102
2010-06-25,0.00285528193154541,0.14635594470808505,94,1058,91,0,1058
2010-06-28,-0.00203600961065444,0.1923779057407995,93,998,90,0,998
2010-06-29,-0.0315082303422089,0.2584143950908631,152,1675,137,0,1675
2010-06-30,-0.0101644539733353,0.23844477807095896,156,1707,148,0,1707
2010-07-01,-0.00324571330924411,0.3331952352463564,112,1506,110,0,1506
2010-07-02,-0.00467327175430151,0.3038565183902392,75,620,70,0,620
2010-07-06,0.00534472588745773,0.03024502549620949,97,1056,93,0,1056
2010-07-07,0.0308500230082638,0.08795201308842684,124,1223,112,0,1223
2010-07-08,0.00936865495165787,0.13580712724551755,146,1460,138,0,1460
2010-07-09,0.00717806376662946,0.26827316754053254,131,1322,123,0,1322
2010-07-12,7.3263360595281e-4,0.04029101398162599,101,1197,98,0,1197
2010-07-13,0.0152618227355731,0.182323686985607,96,1315,93,0,1315
2010-07-14,-1.5514366479342e-4,0.06925822246672163,101,1369,98,0,1369
2010-07-15,0.00119538855641361,0.1867893386900913,116,1616,112,0,1616
2010-07-16,-0.0292429097007501,0.2291490856811459,85,1219,78,0,1219
2010-07-19,0.0059640695879086,0.08204892215515286,102,1207,96,0,1207
2010-07-20,0.0113518741689928,0.10582297332624736,104,1322,100,0,1322
2010-07-21,-0.0129026995822862,-0.06558294079465579,113,1721,110,0,1721
2010-07-22,0.0222636878224256,-0.02152761289846349,99,1541,94,0,1541
2010-07-23,0.00818642018434479,0.00150644063517239,95,1298,89,0,1298
2010-07-26,0.0111379087167298,0.08534088761016469,119,1625,116,0,1625
2010-07-27,-0.00104990830751979,0.11669056836496262,120,1740,116,0,1740
2010-07-28,-0.00694603263828012,0.19495538001589807,128,1724,124,0,1724
2010-07-29,-0.00416729222051664,0.06338664993703322,129,1780,122,0,1780
2010-07-30,6.34971961989902e-5,0.04771657027314566,105,1366,95,0,1366
2010-08-02,0.0217835287811668,0.04993121833308799,103,1416,99,0,1416
2010-08-03,-0.00480789464133039,0.1249970584532936,109,1624,106,0,1624
2010-08-04,0.00603287806002803,0.05104810426541183,93,1516,90,0,1516
2010-08-05,-0.00126932984321474,0.07961577494126776,81,1289,79,0,1289
2010-08-06,-0.0037109155663973,0.11178235739741164,102,1524,98,0,1524
2010-08-09,0.00546808710740553,0.1327588280615266,87,1291,81,0,1291
2010-08-10,-0.00598528160392761,0.18590507097194303,92,1241,87,0,1241
2010-08-11,-0.0285834059979616,0.18565126641579827,98,1438,95,0,1438
2010-08-12,-0.0053932664000714,0.13745107665388126,88,1217,85,0,1217
2010-08-13,-0.00403169071218904,0.14663404559827098,74,1059,71,0,1059
2010-08-16,1.2045128871151e-4,0.23479850833670832,79,1023,76,0,1023
2010-08-17,0.0121184896013476,0.09540016757996868,88,1128,85,0,1128
2010-08-18,0.00148168048593926,0.14990257053334774,97,1062,94,0,1062
2010-08-19,-0.0170804358568971,0.1396691876565607,96,1194,92,0,1194
2010-08-20,-0.00366975392291934,0.18684761713863277,97,1067,93,0,1067
2010-08-23,-0.0040484907945532,0.26670904953399016,82,942,78,0,942
2010-08-24,-0.0146187683619913,0.2095031807374463,91,970,87,0,970
2010-08-25,0.00328394469163812,0.1664537038109715,88,959,86,0,959
2010-08-26,-0.00771446658089242,0.1505284472436341,86,900,82,0,900
2010-08-27,0.016450710403283,0.07578254635441944,76,799,72,0,799
2010-08-30,-0.0148286111130857,0.238158282172702,92,858,89,0,858
2010-08-31,3.907180884926e-4,0.20997074159199008,98,991,94,0,991
2010-09-01,0.0290777363867502,0.08349164313343813,109,1084,102,0,1084
2010-09-02,0.00903985298673457,0.16796184540167858,86,895,83,0,895
2010-09-03,0.013132393793161,0.14994363603659375,93,1055,90,0,1055
2010-09-07,-0.0115374914127683,0.20720777443499716,97,1095,95,0,1095
2010-09-08,0.00641805949090317,0.03696996260477295,97,1265,94,0,1265
2010-09-09,0.00482065205899672,0.19261420524271672,80,837,77,0,837
2010-09-10,0.00485154504069032,0.12188092633561395,85,1092,83,0,1092
2010-09-13,0.0110691266031444,-0.01422931350187887,99,1154,96,0,1154
2010-09-14,-7.1337392960673e-4,0.07375057796617601,91,1194,88,0,1194
2010-09-15,0.00353488380226877,0.25393066862475233,93,1062,91,0,1062
2010-09-16,-3.6441005584664e-4,0.228551113733764,98,1236,95,0,1236
2010-09-17,8.2651411493246e-4,0.20868715092090295,90,1138,85,0,1138
2010-09-20,0.0150952878895575,0.1491863514478413,111,1100,100,0,1100
2010-09-21,-0.00256731312071386,0.13463361858510642,103,1136,97,0,1136
2010-09-22,-0.00483717279445164,0.09094595013598536,92,1247,89,0,1247
2010-09-23,-0.00836624017784138,0.14472846162440392,85,1072,81,0,1072
2010-09-24,0.0209729155478082,0.16329066620961089,74,930,69,0,930
2010-09-27,-0.00568355318193358,0.17505941784756648,93,943,90,0,943
2010-09-28,0.00483866073584859,0.0960565436011986,102,1261,99,0,1261
2010-09-29,-0.00259111288314472,0.19338166065096052,88,989,84,0,989
2010-09-30,-0.00308848670645526,0.16230936604128643,110,1326,105,0,1326
2010-10-01,0.00440671435989458,0.17807310755487185,99,1156,95,0,1156
2010-10-04,-0.00806738651972172,0.10838050844865696,75,735,72,0,735
2010-10-05,0.0206467225071641,0.10682578546877028,92,1065,87,0,1065
2010-10-06,-6.7223045959562e-4,0.073023794852521,71,957,69,0,957
2010-10-07,-0.00164787558179349,0.19603470231156173,77,1010,75,0,1010
2010-10-08,0.00610361317128407,0.35865500571841286,134,1258,131,0,1258
2010-10-11,1.4582627318711e-4,0.3561238030511049,96,758,94,0,758
2010-10-12,0.00381148366414966,0.43532144977444553,136,1147,128,0,1147
2010-10-13,0.00709578556155926,0.3527804914314359,129,1007,124,0,1007
2010-10-14,-0.00364803218440302,0.3995741974857673,148,1207,145,0,1207
2010-10-15,0.00202543287327513,0.2473893689778516,146,1367,143,0,1367
2010-10-18,0.00721763469070623,0.3718755624420071,172,1424,167,0,1424
2010-10-19,-0.0160046440290548,0.3719514784997128,154,1486,149,0,1486
2010-10-20,0.0104690826136784,0.43039463849658544,151,1145,146,0,1145
2010-10-21,0.00177233695279918,0.4148139899352375,201,1469,197,0,1469
2010-10-22,0.00238640878429064,0.5315440822214598,232,1468,226,0,1468
2010-10-25,0.00214467014688162,0.3737125139805358,148,1081,142,0,1081
2010-10-26,1.68851422180222e-5,0.3672994977729381,184,1650,176,0,1650
2010-10-27,-0.00269420963921656,0.4584167494293453,209,1826,202,0,1826
2010-10-28,0.00112421723675649,0.5447829928898364,268,1822,265,0,1822
2010-10-29,-4.3938381356833e-4,0.5412480962258996,267,1666,259,0,1666
2010-11-01,9.4608571725301e-4,0.3997619579092277,184,1392,178,0,1392
2010-11-02,0.00772933606469374,0.37265929837085254,191,1428,186,0,1428
2010-11-03,0.00367130644368575,0.4330409487622092,220,1754,215,0,1754
2010-11-04,0.0190993044096645,0.4959231022033871,311,2014,299,0,2014
2010-11-05,0.00391507905361136,0.5875055896816249,263,1473,258,0,1473
2010-11-08,-0.00212320982286066,0.4463822407884668,235,1774,226,0,1774
2010-11-09,-0.00808489454066106,0.3886316404228207,199,1558,194,0,1558
2010-11-10,0.00436653357972526,0.4927647432670846,242,1756,236,0,1756
2010-11-11,-0.00425114989085714,0.4366601261135656,227,1656,219,0,1656
2010-11-12,-0.0118787662447534,0.4257787395454772,229,1654,221,0,1654
2010-11-15,-0.00121817730945508,0.4048883340271589,168,1394,166,0,1394
2010-11-16,-0.0163381574146881,0.44117881399730313,187,1366,181,0,1366
2010-11-17,2.1214037598773e-4,0.436637739839108,131,1100,124,0,1100
2010-11-18,0.0152405835436477,0.41145347245153013,167,1166,161,0,1166
2010-11-19,0.0025371519119105,0.2709061089110655,153,1297,147,0,1297
2010-11-22,-0.0015766088850613,0.3624933001276391,162,1392,159,0,1392
2010-11-23,-0.01438703159055,0.3357829006765894,182,1487,178,0,1487
2010-11-24,0.0148127155186172,0.23819143611478427,138,1056,132,0,1056
2010-11-26,-0.00749659142423389,0.41223947682241985,66,702,63,0,702
2010-11-29,-0.00137981026523708,0.37434037090781586,153,1209,149,0,1209
2010-11-30,-0.00608871561016386,0.3939429888617139,154,1203,147,0,1203
2010-12-01,0.0213866222631298,0.31552564595672133,175,1420,172,0,1420
2010-12-02,0.0127371001606208,0.33182221923472827,192,1542,187,0,1542
2010-12-03,0.0025998540163515,0.4331974524203926,148,1087,141,0,1087
2010-12-06,-0.00129908210330036,0.4514492128195056,152,1157,149,0,1157
2010-12-07,5.14947584458e-4,0.3163145044396883,178,1414,172,0,1414
2010-12-08,0.00369492575261482,0.36260981353588345,179,1382,175,0,1382
2010-12-09,0.00383538356700926,0.313983152892527,165,1403,155,0,1403
2010-12-10,0.00598370374436029,0.2900939047736617,183,1295,175,0,1295
2010-12-13,4.83191504584528e-5,0.38342365069463863,191,1344,188,0,1344
2010-12-14,9.1054168468004e-4,0.3623216292256435,212,1472,206,0,1472
2010-12-15,-0.0051356170153354,0.42804211385370494,182,1435,177,0,1435
2010-12-16,0.00616604570427394,0.379185090554139,168,1194,163,0,1194
2010-12-17,8.3645445989307e-4,0.4199566589110488,149,1023,143,0,1023
2010-12-20,0.00254511146054295,0.4411202400896158,158,1030,155,0,1030
2010-12-21,0.0060119938497866,0.4234320064632561,149,1171,147,0,1171
2010-12-22,0.00337385762554262,0.348178650574962,163,1241,160,0,1241
2010-12-23,-0.00164568177760465,0.3433468289168389,123,1081,120,0,1081
2010-12-27,6.1250962481097e-4,0.3967807121284218,77,755,75,0,755
2010-12-28,7.7102659514201e-4,0.21067525734177753,69,589,67,0,589
2010-12-29,0.00100863651066486,0.2861043342132368,85,656,83,0,656
2010-12-30,-0.00150935769641743,0.36792812387444074,82,677,79,0,677
2010-12-31,-1.9080765268397e-4,0.356666059455867,57,531,54,0,531
2011-01-03,0.0112512941477614,0.40685452812040435,141,916,138,0,916
2011-01-04,-0.00131392465263505,0.3591416000927783,182,1396,178,0,1396
2011-01-05,0.0049946760743085,0.42934311023593097,173,1136,169,0,1136
2011-01-06,-0.00212521437063723,0.4150953425371737,176,1224,174,0,1224
2011-01-07,-0.0018464857690819,0.4382522101947732,203,1532,199,0,1532
2011-01-10,-0.00137727518081989,0.3649350084650115,214,1736,209,0,1736
2011-01-11,0.0037182062584072,0.3932719530122372,205,1553,202,0,1553
2011-01-12,0.00896725379885082,0.4328742334120661,217,1443,215,0,1443
2011-01-13,-0.00171221124045936,0.4381981943899539,178,1318,172,0,1318
2011-01-14,0.00735741034730148,0.35575184077827415,182,1610,176,0,1610
2011-01-18,0.00137546426618325,0.4264473239264204,208,1685,203,0,1685
2011-01-19,-0.0101671657933856,0.37886213019771053,185,1495,179,0,1495
2011-01-20,-0.0012957984038339,0.3955962376779085,211,1790,207,0,1790
2011-01-21,0.00241063760426044,0.3795361944366753,176,1577,170,0,1577
2011-01-24,0.00581931523459544,0.37171310236437693,161,1325,159,0,1325
2011-01-25,2.6342777361852e-4,0.41704357653378143,175,1444,172,0,1444
2011-01-26,0.00421202414848,0.4447294330743627,255,1765,250,0,1765
2011-01-27,0.00224179106079982,0.3616785452002564,228,1990,225,0,1990
2011-01-28,-0.0180138054241828,0.5117060988559843,220,1667,214,0,1667
2011-01-31,0.00763334993288115,0.40178076562056414,213,1887,208,0,1887
2011-02-01,0.0165557918378344,0.3816463492858877,191,1581,185,0,1581
2011-02-02,-0.00272623025936293,0.4118529740202764,183,1468,178,0,1468
2011-02-03,0.00235143229012668,0.47087410074084346,192,1379,188,0,1379
2011-02-04,0.00288011106275256,0.5153279821595687,251,1745,243,0,1745
2011-02-07,0.00622078234595265,0.3957744298647984,194,1721,189,0,1721
2011-02-08,0.0041760203758397,0.39721977139942144,191,1619,188,0,1619
2011-02-09,-0.0027896530778007,0.4720815486674029,180,1427,177,0,1427
2011-02-10,7.492122074986e-4,0.4753921829728481,225,1594,210,0,1594
2011-02-11,0.00549226150188646,0.5589513627512036,243,1665,239,0,1665
2011-02-14,0.00238208464406883,0.491365950064778,226,1634,219,0,1634
2011-02-15,-0.00324015469157897,0.4327511941258997,173,1602,171,0,1602
2011-02-16,0.00623793869885081,0.4484461012187306,218,1690,212,0,1690
2011-02-17,0.00307097088038049,0.5039048155681701,231,1806,227,0,1806
2011-02-18,0.00192287272202449,0.5190008306429302,230,1468,224,0,1468
2011-02-22,-0.0207422049204545,0.5122474561662878,196,1335,188,0,1335
2011-02-23,-0.00613071501050863,0.4202896633122214,223,1693,214,0,1693
2011-02-24,-9.948719612429e-4,0.5030733345647761,232,1787,224,0,1787
2011-02-25,0.0104952481653247,0.4953964922435536,252,1788,246,0,1788
2011-02-28,0.00554567995123304,0.45125090818055086,237,1890,230,0,1890
2011-03-01,-0.0158648617910586,0.353665246277033,172,1522,170,0,1522
2011-03-02,0.00161389788952018,0.44481270602993594,180,1448,177,0,1448
2011-03-03,0.0170724345792386,0.4443968286986954,193,1590,190,0,1590
2011-03-04,-0.00740538978936872,0.5130323397849014,201,1227,195,0,1227
2011-03-07,-0.0083762152562698,0.4378186276226912,201,1607,196,0,1607
2011-03-08,0.00888316153017617,0.3800934372642399,174,1471,171,0,1471
2011-03-09,-0.00136263139297081,0.4398507621106195,197,1564,194,0,1564
2011-03-10,-0.0190512804763307,0.4596342966814673,217,1706,205,0,1706
2011-03-11,0.00705556452456962,0.5527957480253156,178,1339,175,0,1339
2011-03-14,-0.00606769695677377,0.4190755317710562,182,1537,169,0,1537
2011-03-15,-0.0112635443948455,0.45030441766165186,194,1725,188,0,1725
2011-03-16,-0.0196874819493723,0.34777122185991605,161,1434,152,0,1434
2011-03-17,0.0133092662318743,0.4715322389315231,178,1507,172,0,1507
2011-03-18,0.00430093958254581,0.4478913828353677,126,1127,122,0,1127
2011-03-21,0.0148746679301823,0.3280796810434471,167,1327,159,0,1327
2011-03-22,-0.00355688534103817,0.4000875464532422,145,1206,141,0,1206
2011-03-23,0.00290974225850292,0.3953711310732199,175,1550,171,0,1550
2011-03-24,0.00929739343547538,0.37992001956284943,193,1675,190,0,1675
2011-03-25,0.00315615100218894,0.3012979749981251,181,1468,172,0,1468
2011-03-28,-0.0027516184993914,0.3779833543679129,145,1363,143,0,1363
2011-03-29,0.00703523960730163,0.36830981941014096,157,1294,150,0,1294
2011-03-30,0.00666246262623518,0.4625309244565749,151,1349,149,0,1349
2011-03-31,-0.00183117710497525,0.4601985595847344,176,1562,170,0,1562
2011-04-01,0.00495071294445607,0.34081468712431445,173,1409,170,0,1409
2011-04-04,3.4515018085175e-4,0.3664892025719755,166,1492,164,0,1492
2011-04-05,-1.8007145753026e-4,0.4320687225072478,171,1365,169,0,1365
2011-04-06,0.00218129675815303,0.33413552087579607,167,1373,161,0,1373
2011-04-07,-0.00152116269922529,0.38344610870182216,185,1643,181,0,1643
2011-04-08,-0.0040124830009742,0.43361299844496864,151,1144,146,0,1144
2011-04-11,-0.00279728829140217,0.4521545250834334,187,1540,177,0,1540
2011-04-12,-0.00780709544572458,0.40197956061437207,171,1585,168,0,1585
2011-04-13,1.902174903101e-4,0.41748314526720887,145,1260,142,0,1260
2011-04-14,8.36730908616908e-5,0.44211864881292584,155,1364,151,0,1364
2011-04-15,0.00391772882556801,0.4093657777075909,179,1424,175,0,1424
2011-04-18,-0.011078997728578,0.5329843800293608,204,1543,200,0,1543
2011-04-19,0.00571481021809447,0.5490613307808113,204,1354,200,0,1354
2011-04-20,0.0134244351323473,0.3563461075807204,221,1668,215,0,1668
2011-04-21,0.0052629084996557,0.40323902109717424,217,1735,211,0,1735
2011-04-25,-0.00159393955009581,0.5789496788262259,237,1343,230,0,1343
2011-04-26,0.00893950779019299,0.43988734927965434,195,1727,192,0,1727
2011-04-27,0.00623039779982882,0.5630172446960433,312,2142,306,0,2142
2011-04-28,0.00354911847143455,0.567295192331665,341,2417,336,0,2417
2011-04-29,0.00229801974202078,0.5408813260631943,341,2445,332,0,2445
2011-05-02,-0.00175424910904546,0.45082761201941673,195,1510,192,0,1510
2011-05-03,-0.00338502637105266,0.4815142143137788,219,1656,216,0,1656
2011-05-04,-0.00687891425283236,0.5319032510738696,267,1859,264,0,1859
2011-05-05,-0.00911121718069453,0.6125494980024148,297,2196,294,0,2196
2011-05-06,0.00381264299587672,0.5192521012701372,303,2217,297,0,2217
2011-05-09,0.00453387010193141,0.4829555537629015,205,1466,201,0,1466
2011-05-10,0.00804161600966336,0.4536789460601016,165,1352,161,0,1352
2011-05-11,-0.0111736896878856,0.43279708863516225,205,1566,200,0,1566
2011-05-12,0.00488349367216749,0.5162402991831355,215,1803,212,0,1803
2011-05-13,-0.00810004704542527,0.4488634740691982,207,1422,203,0,1422
2011-05-16,-0.00622371863809574,0.5068007497749244,193,1434,183,0,1434
2011-05-17,-3.6862852333003e-4,0.47057188296595104,196,1365,189,0,1365
2011-05-18,0.00876527198370313,0.44226537662647586,166,1235,164,0,1235
2011-05-19,0.00217557258916749,0.4904359751517772,173,1446,169,0,1446
2011-05-20,-0.00771797461261402,0.5343438088497439,166,1031,161,0,1031
2011-05-23,-0.0119972648409887,0.4039661059013735,123,965,121,0,965
2011-05-24,-8.2772264533146e-4,0.5123000020953812,135,894,131,0,894
2011-05-25,0.00317811315666957,0.4420049990310906,163,1116,160,0,1116
2011-05-26,0.00394532276769923,0.4643011250436083,162,1259,156,0,1259
2011-05-27,0.00407261531876592,0.5045229838053451,164,1179,160,0,1179
2011-05-31,0.0105370148563679,0.4642952546201093,139,1050,135,0,1050
2011-06-01,-0.0230482257006404,0.4189579159088392,183,1472,179,0,1472
2011-06-02,-0.00122558611404752,0.4617828763763851,126,1100,123,0,1100
2011-06-03,-0.00978149266519151,0.48407996932440456,174,1332,170,0,1332
2011-06-06,-0.0108185160137223,0.3839611759543614,158,1257,152,0,1257
2011-06-07,-9.5686504266768e-4,0.4368725580966674,188,1491,185,0,1491
2011-06-08,-0.0041956644216077,0.4549994955560906,147,1257,143,0,1257
2011-06-09,0.00735040932899167,0.37407916843232986,162,1464,160,0,1464
2011-06-10,-0.0140784828818463,0.4542017973013167,180,1430,176,0,1430
2011-06-13,6.6853255950122e-4,0.4349225095851494,169,1319,163,0,1319
2011-06-14,0.0125329134851073,0.39680137666800874,166,1353,160,0,1353
2011-06-15,-0.017585569507258,0.4650402890088062,166,1402,163,0,1402
2011-06-16,0.00175279797568275,0.4226221115419343,161,1418,158,0,1418
2011-06-17,0.00304039029179979,0.4828869010827624,171,1378,163,0,1378
2011-06-20,0.00538068909015873,0.4332794338408519,128,1039,126,0,1039
2011-06-21,0.0133341790614636,0.37829834743009066,141,1041,138,0,1041
2011-06-22,-0.00648945984440773,0.41208703230370886,125,1078,122,0,1078
2011-06-23,-0.00283199285819394,0.44927724539552905,144,1183,136,0,1183
2011-06-24,-0.0117950771768584,0.4136790520482227,123,1186,120,0,1186
2011-06-27,0.00914253665573084,0.472123709655132,147,1248,141,0,1248
2011-06-28,0.0128612927359968,0.3533791914393627,106,879,104,0,879
2011-06-29,0.00824863353491317,0.4089357590441237,129,1023,125,0,1023
2011-06-30,0.0100683715951627,0.4187798694602962,180,1488,174,0,1488
2011-07-01,0.0143068691060824,0.35233512824843854,94,831,91,0,831
2011-07-05,-0.0013370725450782,0.43287510092037945,141,1127,137,0,1127
2011-07-06,0.00100105781960528,0.3994591842177718,121,967,118,0,967
2011-07-07,0.0103995828920926,0.39820121547836607,148,1126,145,0,1126
2011-07-08,-0.00698545810693612,0.5229331564782357,150,1280,146,0,1280
2011-07-11,-0.0182561669365739,0.47153987861864216,114,985,110,0,985
2011-07-12,-0.00444336982983722,0.42160292955714185,151,1309,147,0,1309
2011-07-13,0.00310102710912212,0.3451454656713991,119,1099,116,0,1099
2011-07-14,-0.00673878236933476,0.3765087419188644,134,1209,129,0,1209
2011-07-15,0.00553905554028309,0.457073118785816,123,966,120,0,966
2011-07-18,-0.0081631175393684,0.4344477740644574,140,1152,138,0,1152
2011-07-19,0.0161771496468436,0.35251194822698056,151,1361,148,0,1361
2011-07-20,-6.710584073998e-4,0.5479064211943947,183,1275,179,0,1275
2011-07-21,0.0134552627862652,0.5069810327017319,196,1402,192,0,1402
2011-07-22,9.0743951311276e-4,0.5636939230459944,185,1325,181,0,1325
2011-07-25,-0.00565899522324395,0.5390149206907164,179,1321,176,0,1321
2011-07-26,-0.00411342006232854,0.4536215077669994,227,1722,224,0,1722
2011-07-27,-0.0205177248072915,0.5327607962873878,245,1696,242,0,1696
2011-07-28,-0.00323920715550559,0.5823027890437656,258,1841,253,0,1841
2011-07-29,-0.00647142728717314,0.5954792723348602,322,2261,312,0,2261
2011-08-01,-0.00414086086623074,0.4540448945861274,178,1570,175,0,1570
2011-08-02,-0.0258889091906239,0.4586650145627066,219,1653,211,0,1653
2011-08-03,0.00500314595271752,0.5409694905173859,317,2243,313,0,2243
2011-08-04,-0.0490016550437416,0.5415793632449437,305,2166,295,0,2166
2011-08-05,-5.7508298927246e-4,0.5807320919160125,422,2455,406,0,2455
2011-08-08,-0.0689583693926251,0.6194485602419761,336,2225,325,0,2225
2011-08-09,0.046317441063388,0.4857531626096517,302,2104,288,0,2104
2011-08-10,-0.0451567970274744,0.5326884403342135,367,2177,359,0,2177
2011-08-11,0.0452505943637716,0.4954780972499462,317,2143,306,0,2143
2011-08-12,0.00524787506727594,0.5819154804440229,313,2033,306,0,2033
2011-08-15,0.0215507279760337,0.5334908195389156,247,1626,241,0,1626
2011-08-16,-0.00978627517762017,0.5290183374258663,231,1675,226,0,1675
2011-08-17,9.4693813981266e-4,0.5610643271881919,268,1761,264,0,1761
2011-08-18,-0.0456185989323634,0.4633803113684149,169,1374,162,0,1374
2011-08-19,-0.015122756128208,0.5674674653040702,223,1513,216,0,1513
2011-08-22,2.5800787322427e-4,0.32789527305529287,148,1278,142,0,1278
2011-08-23,0.033710248386474,0.39410394004952687,167,1383,163,0,1383
2011-08-24,0.0130346513685468,0.4608896706132631,210,1689,207,0,1689
2011-08-25,-0.0156879347379615,0.5424320660839442,181,1302,177,0,1302
2011-08-26,0.0150084182749156,0.5212802138861837,155,1111,149,0,1111
2011-08-29,0.0278875050121643,0.2962463498351457,66,758,63,0,758
2011-08-30,0.00234427502376924,0.3301587917569944,62,651,58,0,651
2011-08-31,0.00490990871207055,0.22335160172866275,68,772,58,0,772
2011-09-01,-0.0119424607923037,0.35988668625284315,62,866,59,0,866
2011-09-02,-0.0256070172917528,0.3985762116139727,51,705,48,0,705
2011-09-06,-0.00746407645760971,0.36632784016816705,93,1121,88,0,1121
2011-09-07,0.0282438249591472,0.22130313269688837,62,853,58,0,853
2011-09-08,-0.0106688903873025,0.36801817145456106,66,884,63,0,884
2011-09-09,-0.0270685625109622,0.3844769394011048,74,948,68,0,948
2011-09-12,0.00694156818202293,0.4221331789198428,87,1131,80,0,1131
2011-09-13,0.0090787261803543,0.3201237874466698,49,670,46,0,670
2011-09-14,0.0133897605182304,0.3684244928252753,67,813,63,0,813
2011-09-15,0.0170410467181051,0.3038553938725575,75,964,68,0,964
2011-09-16,0.00569047556193546,0.2758452676614123,51,714,45,0,714
2011-09-19,-0.00985094868808036,0.3776794730949526,75,1046,71,0,1046
2011-09-20,-0.00166238645272414,0.30510836491772225,58,787,52,0,787
2011-09-21,-0.0298309950871474,0.3403455929679939,67,823,60,0,823
2011-09-22,-0.0324024567592298,0.3599431434246071,80,973,73,0,973
2011-09-23,0.00606358882946975,0.3374818573014104,82,997,75,0,997
2011-09-26,0.0230680212969695,0.43974637963897706,88,1119,84,0,1119
2011-09-27,0.0106316653572947,0.2724064956343715,81,1089,75,0,1089
2011-09-28,-0.0209081958526955,0.41881033846283183,70,866,65,0,866
2011-09-29,0.00808148643535866,0.3751258546503128,91,1095,86,0,1095
2011-09-30,-0.0252912744788657,0.41220980363298926,60,845,55,0,845
2011-10-03,-0.0288636029037849,0.3985050968416769,73,676,67,0,676
2011-10-04,0.0222393061311547,0.3331839886370545,114,1243,106,0,1243
2011-10-05,0.0177079189455108,0.24111047637460148,66,800,60,0,800
2011-10-06,0.0181381684664805,0.19582131503893135,65,820,61,0,820
2011-10-07,-0.00819681118762265,0.3285857075001438,68,881,62,0,881
2011-10-10,0.0335556439192884,0.1754627846897347,50,595,46,0,595
2011-10-11,5.4385563725265e-4,0.2683650376872576,57,706,54,0,706
2011-10-12,0.00974704693763806,0.31969649219120455,70,910,66,0,910
2011-10-13,-0.00297810239513613,0.325977393760906,69,1030,66,0,1030
2011-10-14,0.0172309488024781,0.20260576477797768,73,968,68,0,968
2011-10-17,-0.0195599375994496,0.2877506320215616,80,959,76,0,959
2011-10-18,0.0202130493803112,0.19644830528237175,91,1002,83,0,1002
2011-10-19,-0.0127298187870266,0.2679726398968011,66,836,64,0,836
2011-10-20,0.0045438398210844,0.4307658603715998,73,959,68,0,959
2011-10-21,0.0186340674924346,0.21914400070741785,57,829,54,0,829
2011-10-24,0.0127908066803718,0.253188379381139,68,857,64,0,857
2011-10-25,-0.0202483461993821,0.22504011066641244,71,869,68,0,869
2011-10-26,0.0104814305440872,0.18567365272252984,62,719,58,0,719
2011-10-27,0.0337165911681343,0.24073485250773957,80,1059,75,0,1059
2011-10-28,3.8915352854135e-4,0.11162021084601292,64,907,61,0,907
2011-10-31,-0.0250486166129776,0.25401594887975637,52,614,49,0,614
2011-11-01,-0.0283400596215946,0.2622649790230207,75,905,69,0,905
2011-11-02,0.0159763633043972,0.303891705553854,49,608,46,0,608
2011-11-03,0.0186076072009304,0.20379769122190472,62,716,56,0,716
2011-11-04,-0.00629981953718956,0.26461924524221103,50,752,47,0,752
2011-11-07,0.0062760082111666,0.34724717608719885,47,583,45,0,583
2011-11-08,0.0116673103217252,0.36006117730253856,56,660,52,0,660
2011-11-09,-0.0373853470989881,0.3832600304320093,54,712,49,0,712
2011-11-10,0.00858720109948174,0.29078126352693223,54,728,52,0,728
2011-11-11,0.0192932230045136,0.3007637567521306,50,559,46,0,559
2011-11-14,-0.00959603668755477,0.3740030031859046,43,549,40,0,549
2011-11-15,0.00480559827730043,0.2864216758304771,43,501,41,0,501
2011-11-16,-0.016755798341955,0.2960245142579986,51,519,44,0,519
2011-11-17,-0.0169426719877064,0.3749510347856682,70,796,65,0,796
2011-11-18,-3.9475649047242e-4,0.4382418230806045,57,631,52,0,631
2011-11-21,-0.0188245711049488,0.35536021334980294,73,819,67,0,819
2011-11-22,-0.00414943885700579,0.3390095931948884,46,549,43,0,549
2011-11-23,-0.0223429704585963,0.3549628862075239,59,725,56,0,725
2011-11-25,-0.00268911930025052,0.3583616251690262,41,422,34,0,422
2011-11-28,0.0288210790386099,0.1986112955772249,54,608,49,0,608
2011-11-29,0.00221120696939699,0.22219111761569368,51,558,49,0,558
2011-11-30,0.0424034383362276,0.17545930609547164,73,772,66,0,772
2011-12-01,-0.00191046957785265,0.26637024519095576,64,777,59,0,777
2011-12-02,-2.4101537332728e-4,0.2827237075281288,59,613,55,0,613
2011-12-05,0.0102344632992658,0.5238903337724653,109,973,106,0,973
2011-12-06,0.00110513790652629,0.3624689953343478,50,612,48,0,612
2011-12-07,0.00201632078265752,0.3702517271751344,53,621,50,0,621
2011-12-08,-0.0213684989509299,0.34683125557467065,64,694,58,0,694
2011-12-09,0.0167424129070854,0.2532591049227146,48,576,44,0,576
2011-12-12,-0.015026386904779,0.3913284571709501,49,622,46,0,622
2011-12-13,-0.00872395302030521,0.4121311511359333,69,760,62,0,760
2011-12-14,-0.0114132514971376,0.47396567215978663,51,589,48,0,589
2011-12-15,0.00323785285808169,0.3156730559478957,61,835,58,0,835
2011-12-16,0.00321098910190045,0.24103008618618807,46,563,41,0,563
2011-12-19,-0.0118021984585577,0.34232865709232213,41,478,37,0,478
2011-12-20,0.0293892959309441,0.33146716105447166,48,608,44,0,608
2011-12-21,0.00194760816485434,0.4117877707192408,59,696,55,0,696
2011-12-22,0.00823157716982983,0.3066243558353908,71,899,69,0,899
2011-12-23,0.00899448078310552,0.1748981350997033,65,788,60,0,788
2011-12-27,7.91048190391861e-5,0.31388407224558584,54,600,51,0,600
2011-12-28,-0.0125565062565024,0.4203537027073749,66,764,61,0,764
2011-12-29,0.0106501724632806,0.29843988292458773,52,684,50,0,684
2011-12-30,-0.00430057074006463,0.23627799110831152,56,611,53,0,611
2012-01-03,0.0153554836701779,0.07639864081595858,56,593,54,0,593
2012-01-04,1.8790634443729e-4,0.1781186715456994,47,523,46,0,523
2012-01-05,0.00293939266949387,0.2643443074814665,60,784,57,0,784
2012-01-06,-0.00254018500253913,0.2338892374431122,55,672,52,0,672
2012-01-09,0.00225904436260864,0.39605339784622107,70,896,67,0,896
2012-01-10,0.0088465236130604,0.3200181086674671,55,652,51,0,652
2012-01-11,3.0954934463217e-4,0.30570168006079257,48,580,46,0,580
2012-01-12,0.00233388273856919,0.4010081188954328,55,797,53,0,797
2012-01-13,-0.0049602044478694,0.3811572538011877,61,741,57,0,741
2012-01-17,0.00354665776817413,0.27914892679213416,56,708,52,0,708
2012-01-18,0.0110466891302223,0.2553414753868613,54,630,49,0,630
2012-01-19,0.00492650171724402,0.12456541804633824,66,1000,62,0,1000
2012-01-20,6.6923579328562e-4,0.22038705553384308,49,656,45,0,656
2012-01-23,4.7123192204085e-4,0.253717595982513,41,525,39,0,525
2012-01-24,-0.0010263438252236,0.20855290618211647,63,820,61,0,820
2012-01-25,0.00864169471719602,0.2154433716422054,62,734,57,0,734
2012-01-26,-0.00577050828798906,0.2133288219841804,51,850,48,0,850
2012-01-27,-0.00159414754529095,0.2826298510109941,59,734,56,0,734
2012-01-30,-0.00252530908634537,0.29501926885374513,45,599,43,0,599
2012-01-31,-4.5705112807793e-4,0.1855010913773707,61,733,57,0,733
2012-02-01,0.00886023747426596,0.1510262508617982,53,697,51,0,697
2012-02-02,0.00109454783066712,0.19008143163145572,53,878,50,0,878
2012-02-03,0.0144997259481076,0.11166217416847175,61,966,57,0,966
2012-02-06,-4.2396401353111e-4,0.32009642782857733,61,791,59,0,791
2012-02-07,0.00202133752547015,0.31592743705901927,58,827,56,0,827
2012-02-08,0.00215788093332504,0.2197277756246463,55,724,53,0,724
2012-02-09,0.00147302512587866,0.32045830489273686,61,964,59,0,964
2012-02-10,-0.00691012264361618,0.29485940011083867,52,690,48,0,690
2012-02-13,0.00677702332649738,0.2722523723007931,62,850,60,0,850
2012-02-14,-9.3996500392592e-4,0.28500572757190334,60,786,58,0,786
2012-02-15,-0.00539774753621669,0.24949546668315217,59,793,55,0,793
2012-02-16,0.0109653658332769,0.260051051751816,64,982,60,0,982
2012-02-17,0.0023461758829403,0.1757800393233699,62,952,59,0,952
2012-02-21,7.1966375769573e-4,0.3026410025042878,64,838,57,0,838
2012-02-22,-0.00334569741214553,0.36163252645887695,53,782,51,0,782
2012-02-23,0.00426290318060624,0.2966094717865002,57,993,52,0,993
2012-02-24,0.00167084117550843,0.19080246865632944,48,746,44,0,746
2012-02-27,0.00135364255187921,0.3237101777110407,69,888,65,0,888
2012-02-28,0.00335071349231478,0.2140965484826573,59,742,57,0,742
2012-02-29,-0.00474824275695338,0.23719119584311557,80,1153,74,0,1153
2012-03-01,0.00613915654453294,0.21591190425698303,53,866,47,0,866
2012-03-02,-0.00325103502785812,0.39758311343421854,52,945,49,0,945
2012-03-05,-0.00387720050282114,0.4056300549720287,55,929,53,0,929
2012-03-06,-0.0154895061275441,0.3845643049626576,53,909,50,0,909
2012-03-07,0.00687692172299413,0.2779580581428794,60,1007,56,0,1007
2012-03-08,0.00977004917472224,0.3349838642316172,48,827,45,0,827
2012-03-09,0.00362467302073152,0.24885364140509553,63,968,59,0,968
2012-03-12,1.6044778678812e-4,0.38545464122462153,43,763,41,0,763
2012-03-13,0.0179691330904342,0.1215326148557131,66,1016,62,0,1016
2012-03-14,-0.00119697808859614,0.243156490680264,51,912,49,0,912
2012-03-15,0.00594946570156022,0.17621194971150828,77,1091,72,0,1091
2012-03-16,0.00111877247670047,0.09459870316831734,84,1118,80,0,1118
2012-03-19,0.00396597151407116,0.29253045465642796,73,1106,69,0,1106
2012-03-20,-0.00300502873439037,0.33081735764022824,64,944,58,0,944
2012-03-21,-0.00187294990377423,0.38952680117508864,60,995,56,0,995
2012-03-22,-0.00723263422689784,0.3898555197370899,58,977,56,0,977
2012-03-23,0.00310403600755616,0.31058021022049204,66,1025,61,0,1025
2012-03-26,0.0137902999640883,0.19470519018994475,44,787,42,0,787
2012-03-27,-0.00282074975424632,0.29787360009073316,54,958,51,0,958
2012-03-28,-0.00495375868328902,0.35184711309053596,52,932,48,0,932
2012-03-29,-0.00160922394338739,0.32985550568414584,63,1019,59,0,1019
2012-03-30,0.00369161362162136,0.3484136647336224,63,1006,57,0,1006
2012-04-02,0.0074766261209824,0.24355938255059895,49,738,47,0,738
2012-04-03,-0.00399661182014125,0.27356771770157917,70,1119,67,0,1119
2012-04-04,-0.010254926852538,0.30873213453402665,60,939,57,0,939
2012-04-05,-6.2924015242139e-4,0.2651071893244238,46,792,44,0,792
2012-04-09,-0.0114234379995426,0.29700178300219704,50,652,47,0,652
2012-04-10,-0.0172290252771858,0.30428295689100043,71,1075,68,0,1075
2012-04-11,0.00742128980012376,0.2957499527933114,49,829,46,0,829
2012-04-12,0.0136853152359757,0.23895089023470956,49,878,47,0,878
2012-04-13,-0.0125534671250561,0.4154639689131727,48,865,45,0,865
2012-04-16,-5.0372724017345e-4,0.2701184694863301,47,813,43,0,813
2012-04-17,0.0153679791579546,0.22766442023285272,62,965,59,0,965
2012-04-18,-0.00406353376174602,0.3162197662038097,66,1091,63,0,1091
2012-04-19,-0.00595207547720233,0.2426500234299244,53,770,49,0,770
2012-04-20,0.00116858262133733,0.15932014345682027,56,967,53,0,967
2012-04-23,-0.00844311310288743,0.3046573891814321,51,834,46,0,834
2012-04-24,0.0036730196416289,0.2288529341449248,48,783,46,0,783
2012-04-25,0.0135523428987414,0.1511003188794075,75,1195,71,0,1195
2012-04-26,0.0066579521335078,0.1955011475674286,66,1013,62,0,1013
2012-04-27,0.00241141392902309,0.16608660145657664,46,737,43,0,737
2012-04-30,-0.00389106227536961,0.3326856167666253,49,919,46,0,919
2012-05-01,0.00564243571968413,0.15002513054212996,57,916,54,0,916
2012-05-02,-0.00249980557665876,0.3659215154443817,39,668,37,0,668
2012-05-03,-0.00768835110350684,0.353148255742361,52,861,50,0,861
2012-05-04,-0.01627899572159,0.2945896932729299,58,921,52,0,921
2012-05-07,3.5051958289764e-4,0.31287207676777157,61,993,58,0,993
2012-05-08,-0.00428785313496931,0.4034020535172919,47,752,45,0,752
2012-05-09,-0.00672482753178195,0.21016845715313404,62,824,55,0,824
2012-05-10,0.00251424740638525,0.3269242589724284,59,688,52,0,688
2012-05-11,-0.00339309133428174,0.29640554129752883,47,786,44,0,786
2012-05-14,-0.0111750731023385,0.42638655368087214,44,492,39,0,492
2012-05-15,-0.00576240827650248,0.2918248147167959,49,509,46,0,509
2012-05-16,-0.00441354392894792,0.31679637758679746,56,634,52,0,634
2012-05-17,-0.0151657974056045,0.28258231057462596,59,596,53,0,596
2012-05-18,-0.00741520182675486,0.4378502761802255,55,809,51,0,809
2012-05-21,0.0159086843958393,0.3907970532159198,64,688,61,0,688
2012-05-22,4.8621879514186e-4,0.380882127987164,43,476,41,0,476
2012-05-23,0.00169227051454876,0.42665193935128626,50,590,47,0,590
2012-05-24,0.00137908015858809,0.3174187467235175,54,647,52,0,647
2012-05-25,-0.00216798070276072,0.4076760789228666,44,438,40,0,438
2012-05-29,0.0110180552788285,0.31485545011237265,35,389,32,0,389
2012-05-30,-0.0144386293047973,0.3735591751122984,47,575,44,0,575
2012-05-31,-0.00227926106004326,0.29608746571539085,70,789,63,0,789
2012-06-01,-0.0249512954143615,0.3675379879990781,68,795,60,0,795
2012-06-04,1.0954819498779e-4,0.3684100545427502,61,923,57,0,923
2012-06-05,0.00571051459435903,0.3430632959313119,44,680,42,0,680
2012-06-06,0.0227877760480483,0.26560486720538595,54,790,49,0,790
2012-06-07,-1.0647016016737e-4,0.21481305639169657,57,827,55,0,827
2012-06-08,0.00808142079998961,0.3878192723458051,50,780,46,0,780
2012-06-11,-0.0127004238154011,0.3804215310597325,61,920,58,0,920
2012-06-12,0.0115833899012398,0.2168212028615096,46,629,42,0,629
2012-06-13,-0.00704803007110417,0.3719194057813313,35,573,33,0,573
2012-06-14,0.0107565926498698,0.3921599182413913,42,546,40,0,546
2012-06-15,0.0102847456521468,0.35876662489974087,51,793,48,0,793
2012-06-18,0.00144370395893536,0.4407978011974289,39,668,37,0,668
2012-06-19,0.00976783441761275,0.39667519958806224,50,778,47,0,778
2012-06-20,-0.00168778051277172,0.4046789434203809,54,669,52,0,669
2012-06-21,-0.0225132081833759,0.31861969485444075,69,928,62,0,928
2012-06-22,0.00714898923450435,0.355170788471393,48,674,44,0,674
2012-06-25,-0.016083502390603,0.4533804123002483,48,545,43,0,545
2012-06-26,0.00476136816102021,0.4113899023121121,40,549,38,0,549
2012-06-27,0.00894478141961743,0.259064013516359,36,343,28,0,343
2012-06-28,-0.00211202834576675,0.4255421350228264,54,838,50,0,838
2012-06-29,0.0246147937349202,0.3148839413289092,56,818,48,0,818
2012-07-02,0.00245629215870684,0.27048256128390286,56,852,50,0,852
2012-07-03,0.00621277156842425,0.29127686499774236,38,591,34,0,591
2012-07-05,-0.0046980415663212,0.3566773497108939,44,559,42,0,559
2012-07-06,-0.00947741865558198,0.42191623609879864,53,788,49,0,788
2012-07-09,-0.00164017617051813,0.39065733944294656,36,471,34,0,471
2012-07-10,-0.00815912178959069,0.35815306107790756,44,596,42,0,596
2012-07-11,-1.49236889905786e-5,0.45848419497633586,46,577,43,0,577
2012-07-12,-0.00499957435245908,0.2641916480930781,45,619,43,0,619
2012-07-13,0.0163627592475733,0.29117158156703227,50,819,47,0,819
2012-07-16,-0.00231699589162055,0.3550075602825018,40,490,37,0,490
2012-07-17,0.00738235580991176,0.24506121422187832,43,524,39,0,524
2012-07-18,0.00665827533008501,0.01031330211373963,68,778,63,0,778
2012-07-19,0.00271341524851138,0.11027559963986278,69,849,65,0,849
2012-07-20,-0.010112620534169,0.2470233990395597,75,1155,71,0,1155
2012-07-23,-0.00894897900370725,0.20597696529842133,43,499,39,0,499
2012-07-24,-0.00908205019242412,0.1498856553835453,58,757,55,0,757
2012-07-25,-3.1391072211795e-4,0.06421831539513216,67,842,64,0,842
2012-07-26,0.016405662864951098,0.0107713542523919,59,749,55,0,749
2012-07-27,0.0189008144904503,0.11226653295767998,60,865,55,0,865
2012-07-30,-4.8347644461061e-4,0.37331875914657886,49,639,47,0,639
2012-07-31,-0.00432617276622022,0.33132349925119564,49,660,45,0,660
2012-08-01,-0.00290419290174543,0.36656363415859233,60,1088,57,0,1088
2012-08-02,-0.00753196362413605,0.33631677054581816,60,981,57,0,981
2012-08-03,0.0188612881853025,0.11207510169306598,54,801,51,0,801
2012-08-06,0.00232656072405768,0.14183928192072753,42,634,40,0,634
2012-08-07,0.00509376274259291,0.20003887888255123,50,847,47,0,847
2012-08-08,6.2063380745319e-4,0.2696333743224386,51,878,48,0,878
2012-08-09,4.1359999517301e-4,0.3005020764919779,59,969,57,0,969
2012-08-10,0.00218605066710479,0.3547029813338185,49,737,46,0,737
2012-08-13,-0.00125268507819395,0.3061807727008272,56,706,50,0,706
2012-08-14,-1.2815461201997e-4,0.13447180356915026,55,677,53,0,677
2012-08-15,0.00113899162944907,0.32966651913593525,55,735,53,0,735
2012-08-16,0.00707542038750547,0.24671836764080957,63,933,60,0,933
2012-08-17,0.0018703837394767,0.33722623402665536,55,928,52,0,928
2012-08-20,-2.11750536528216e-5,0.3929339172658122,45,554,43,0,554
2012-08-21,-0.00350366681444463,0.27999040494785454,65,695,61,0,695
2012-08-22,2.2637762345679e-4,0.251413772268279,64,735,62,0,735
2012-08-23,-0.00810499959772257,0.4313403216821036,53,722,48,0,722
2012-08-24,0.00643398834326227,0.4552266937679243,56,793,53,0,793
2012-08-27,-4.8913442052244e-4,0.40913081425537096,37,527,35,0,527
2012-08-28,-8.0850904279628e-4,0.4769995825893354,44,626,42,0,626
2012-08-29,8.4399296429947e-4,0.35811506735838206,49,567,45,0,567
2012-08-30,-0.00783642972967338,0.38938676956405815,57,821,54,0,821
2012-08-31,0.00506046976764517,0.43284480024042504,44,536,41,0,536
2012-09-04,-0.00116663932268808,0.28747276461958876,53,712,50,0,712
2012-09-05,-0.0010682316532888,0.543129445207634,56,759,53,0,759
2012-09-06,0.0202295366120069,0.2785081609451611,63,814,58,0,814
2012-09-07,0.00404179498894303,0.2301898527023565,63,949,60,0,949
2012-09-10,-0.00616680565465284,0.36052317971744313,57,778,55,0,778
2012-09-11,0.00313005210145287,0.38349328394203136,60,881,58,0,881
2012-09-12,0.00209050560259694,0.39599961870281614,46,631,43,0,631
2012-09-13,0.0161781721538443,0.2697500800535189,57,843,52,0,843
2012-09-14,0.00395113529280813,0.26669651832842073,76,1214,72,0,1214
2012-09-17,-0.00312958286026552,0.29667881402491153,49,738,47,0,738
2012-09-18,-0.00128059513211733,0.330502277936862,57,851,55,0,851
2012-09-19,0.00118485174437426,0.3076971552591882,67,1016,65,0,1016
2012-09-20,-5.4087999282134e-4,0.2817566956174509,69,974,65,0,974
2012-09-21,-7.53218557170515e-5,0.23398728465319288,49,778,46,0,778
2012-09-24,-0.00223515006937995,0.3805982989331331,59,930,56,0,930
2012-09-25,-0.0105573894185677,0.38782730585930264,73,1087,68,0,1087
2012-09-26,-0.00575325321174096,0.32856560112229155,82,1168,78,0,1168
2012-09-27,0.0096027277082347,0.38249135607069806,70,1053,68,0,1053
2012-09-28,-0.00448780823676683,0.3569705058978412,66,1015,61,0,1015
2012-10-01,0.00264799766799467,0.31712290977267943,59,936,56,0,936
2012-10-02,8.7190672726581e-4,0.3809791404936631,54,855,51,0,855
2012-10-03,0.00361785729303365,0.3999838661979344,56,814,51,0,814
2012-10-04,0.00714882173169736,0.3166090400619864,66,952,62,0,952
2012-10-05,-3.2164108407512e-4,0.21425604181301505,79,1020,74,0,1020
2012-10-08,-0.0034627238474289,0.3664539515217092,55,867,52,0,867
2012-10-09,-0.00994018213514197,0.3810815629350387,79,1172,77,0,1172
2012-10-10,-0.00620725556648114,0.36805621769017305,70,1058,68,0,1058
2012-10-11,1.9537043698457e-4,0.3475070488784695,64,980,62,0,980
2012-10-12,-0.00297054495601654,0.22307379457313375,69,1086,65,0,1086
2012-10-15,0.00804547075266693,0.32079586904387036,66,978,64,0,978
2012-10-16,0.0102175558171705,0.19307154115416447,55,859,53,0,859
2012-10-17,0.0041086061259548,0.1657952056898747,81,1439,79,0,1439
2012-10-18,-0.00244671987689496,0.2375139268106208,65,1134,63,0,1134
2012-10-19,-0.016710144600036,0.43752433525777534,72,1202,69,0,1202
2012-10-22,4.3948567855086e-4,0.36269634706210735,54,947,52,0,947
2012-10-23,-0.014549234970738,0.2872436414942578,70,1178,68,0,1178
2012-10-24,-0.00309015248358783,0.3203184322828747,64,1315,62,0,1315
2012-10-25,0.00299106494839471,0.19290449758219932,51,894,48,0,894
2012-10-26,-7.292475686444e-4,0.171018004703725,54,925,50,0,925
2012-10-31,1.5586755128053e-4,0.22685234165140267,58,873,54,0,873
2012-11-01,0.010867212600986,0.12714523819088372,62,764,59,0,764
2012-11-02,-0.00942371824289251,0.13373730566110514,66,995,59,0,995
2012-11-05,0.00216147134505759,0.3712008855445674,64,1069,61,0,1069
2012-11-06,0.00782250912272711,0.39572313413567906,71,1160,69,0,1160
2012-11-07,-0.0239904841792047,0.25060134895668923,104,1555,96,0,1555
2012-11-08,-0.0122799333135091,0.29660582737010877,72,1054,68,0,1054
2012-11-09,0.00169725127982159,0.30737723376002957,62,862,60,0,862
2012-11-12,1.3047937654856e-4,0.3390782943025688,63,859,61,0,859
2012-11-13,-0.00399338347474533,0.3372095307030787,52,598,46,0,598
2012-11-14,-0.0139488704443276,0.2513647526850901,61,742,58,0,742
2012-11-15,-0.00159481595701673,0.31993428918969014,51,608,47,0,608
2012-11-16,0.0048282747351757,0.37448692713451787,83,1365,81,0,1365
2012-11-19,0.0196673767395476,0.23334850004493177,55,671,51,0,671
2012-11-20,6.6316643582769e-4,0.33513391584676266,63,781,59,0,781
2012-11-21,0.00231749366097161,0.38405605752275074,55,737,53,0,737
2012-11-23,0.0129422020689683,0.3400832017011963,41,606,38,0,606
2012-11-26,-0.00203164426932634,0.3362173319333509,59,710,56,0,710
2012-11-27,-0.00524029368522775,0.429552151864548,66,809,62,0,809
2012-11-28,0.00782533076012526,0.37227059756492054,64,853,62,0,853
2012-11-29,0.00426055356688181,0.2686148702386688,71,867,64,0,867
2012-11-30,1.6249433406811e-4,0.3780788095748113,61,836,57,0,836
2012-12-03,-0.00475651916626006,0.33646070162321334,71,909,68,0,909
2012-12-04,-0.00171127579105421,0.5365261613246332,57,955,55,0,955
2012-12-05,0.00158360765458698,0.350597758924302,65,1064,62,0,1064
2012-12-06,0.00330113585870938,0.3883173825204006,61,1054,59,0,1054
2012-12-07,0.00291666199935049,0.4466534630019882,58,826,53,0,826
2012-12-10,3.3850324997589e-4,0.27133206901924006,63,792,60,0,792
2012-12-11,0.00652753131529298,0.3050233439658768,55,688,51,0,688
2012-12-12,4.481393339567e-4,0.3619242130112133,73,821,69,0,821
2012-12-13,-0.00634148997700835,0.37797918290290405,69,904,65,0,904
2012-12-14,-0.00414397567949153,0.43371766216802954,56,808,52,0,808
2012-12-17,0.011800688037811,0.2668500297904928,53,587,51,0,587
2012-12-18,0.0114211856667756,0.3019131092818674,62,777,60,0,777
2012-12-19,-0.00761814556282122,0.29101003856265967,59,734,56,0,734
2012-12-20,0.00547310469356863,0.387382397132728,63,749,60,0,749
2012-12-21,-0.00942294445014479,0.32581741319088786,61,893,58,0,893
2012-12-24,-0.0024432789712664,0.4811282136092814,32,354,29,0,354
2012-12-26,-0.00479895678992572,0.359122724266277,41,592,39,0,592
2012-12-27,-0.00121918491626641,0.4383584741461583,52,666,49,0,666
2012-12-28,-0.0111114456749615,0.42168520733597686,50,843,47,0,843
2012-12-31,0.0168000272698858,0.317501942447052,48,521,43,0,521
2013-01-02,0.0250861159586973,0.23256494636734715,64,920,60,0,920
2013-01-03,-0.00208779542352457,0.3730386911828881,54,812,52,0,812
2013-01-04,0.00485329997898107,0.25458580886507187,63,977,59,0,977
2013-01-07,-0.00312800325912268,0.3750213883386558,59,1049,57,0,1049
2013-01-08,-0.00324763918073311,0.39086918366895274,49,796,47,0,796
2013-01-09,0.00265234535868163,0.22800972633810415,52,760,50,0,760
2013-01-10,0.00756870010921085,0.19419609657912093,44,584,41,0,584
2013-01-11,-4.75151149775223e-5,0.309214314605211,51,851,49,0,851
2013-01-14,-9.3110490491978e-4,0.4026543256652076,50,776,48,0,776
2013-01-15,0.00112803329530431,0.3121735244928542,55,664,52,0,664
2013-01-16,1.9697250995626e-4,0.3810453357961937,51,632,48,0,632
2013-01-17,0.00562706054135458,0.2188568637256553,55,699,52,0,699
2013-01-18,0.0033974923781511,0.2159090362822798,65,1024,63,0,1024
2013-01-22,0.00441833162771152,0.23293864448490417,47,674,45,0,674
2013-01-23,0.00150634192429312,0.15493152530937707,82,1076,80,0,1076
2013-01-24,6.61466154430249e-6,0.18082035367932311,65,1012,61,0,1012
2013-01-25,0.00543070866186818,0.08275052990074983,80,1148,76,0,1148
2013-01-28,-0.00185133427479212,0.24454118199318123,78,1145,76,0,1145
2013-01-29,0.00509300378120506,0.24177026947976887,70,1150,68,0,1150
2013-01-30,-0.00390724467175171,0.18937963392444152,70,1092,68,0,1092
2013-01-31,-0.00256659195839202,0.01972907875927213,78,1164,74,0,1164
2013-02-01,0.0100025132240097,0.07250625373098955,80,1328,77,0,1328
2013-02-04,-0.0116058327096515,0.2908406882849358,71,1102,69,0,1102
2013-02-05,0.0103626322220596,0.23972524664875688,72,1239,70,0,1239
2013-02-06,5.4901985913393e-4,0.18841814102020377,69,1240,67,0,1240
2013-02-07,-0.00180703105585677,0.4073580385432272,86,1481,82,0,1481
2013-02-08,0.00564199458504315,0.2153793434502707,72,1242,70,0,1242
2013-02-11,-6.0630124763827e-4,0.38932082177198024,45,798,43,0,798
2013-02-12,0.00159400113760421,0.4389162850458323,58,1063,56,0,1063
2013-02-13,5.9208777479065e-4,0.33027120902569906,66,1020,63,0,1020
2013-02-14,6.904332650536e-4,0.4086626529824251,57,1089,55,0,1089
2013-02-15,-0.00104562779601362,0.3465594151291606,63,1155,58,0,1155
2013-02-19,0.00730969444136124,0.25791265622995396,56,830,53,0,830
2013-02-20,-0.0124817114300058,0.30761240570739445,70,1254,67,0,1254
2013-02-21,-0.00632300546566533,0.3070329620884931,67,1144,65,0,1144
2013-02-22,0.00873421338677442,0.15784302126098004,62,967,59,0,967
2013-02-25,-0.0184792755847744,0.37913657184521743,57,966,53,0,966
2013-02-26,0.00609087686256739,0.3042456914244735,47,874,45,0,874
2013-02-27,0.0126456991190196,0.19233966522680765,55,891,53,0,891
2013-02-28,-8.6445346145724e-4,0.2378422721398828,57,1111,53,0,1111
2013-03-01,0.00232115944952672,0.25744901530745823,63,1265,60,0,1265
2013-03-04,0.00460012654834963,0.33599369129267154,61,978,57,0,978
2013-03-05,0.00952055187249998,0.2288703808199557,64,1062,60,0,1062
2013-03-06,0.00108392505541468,0.20907529184610624,66,1083,63,0,1083
2013-03-07,0.00181484361720642,0.2610331000192673,60,1056,58,0,1056
2013-03-08,0.00447112871295497,0.23635742573131008,54,849,49,0,849
2013-03-11,0.00324381886587369,0.22956862100217415,51,783,48,0,783
2013-03-12,-0.00240614539680199,0.26638234678500644,75,1213,73,0,1213
2013-03-13,0.00131318915717076,0.31229728473659507,58,915,55,0,915
2013-03-14,0.005587352158972,0.18723103580808076,68,920,65,0,920
2013-03-15,-0.00161977374998876,0.2025068183491905,70,1115,67,0,1115
2013-03-18,-0.00552557033502405,0.4687878028246322,61,966,57,0,966
2013-03-19,-0.00242546972687623,0.3883805371463609,64,990,60,0,990
2013-03-20,0.00667516381581794,0.3391371884907999,67,903,62,0,903
2013-03-21,-0.00831692375600508,0.523656031136501,57,913,55,0,913
2013-03-22,0.00714864380329989,0.4292452084272109,47,817,45,0,817
2013-03-25,-0.00334562930094728,0.5720110747304493,49,819,46,0,819
2013-03-26,0.00775496319463499,0.3609782847359487,53,868,51,0,868
2013-03-27,-5.8852305256459e-4,0.36049319526801504,75,1082,73,0,1082
2013-03-28,0.00404846339619112,0.2218130402853739,87,1306,80,0,1306
2013-04-01,-0.00448361686535603,0.25831069946518076,61,945,59,0,945
2013-04-02,0.00515893389885343,0.2547961055199067,73,1261,71,0,1261
2013-04-03,-0.0106021332188412,0.32015291442410276,74,1267,71,0,1267
2013-04-04,0.0040402790127371,0.3493911016545534,71,1170,68,0,1170
2013-04-05,-0.00430414516890764,0.35963122434796313,63,1064,61,0,1064
2013-04-08,0.00628295876527095,0.264996116809247,59,1000,55,0,1000
2013-04-09,0.00353806580657747,0.2426491527326612,54,916,52,0,916
2013-04-10,0.0121154433295489,0.2541336877471915,87,1374,82,0,1374
2013-04-11,0.00354595617957657,0.2769084953941137,93,1434,91,0,1434
2013-04-12,-0.00284079831854925,0.3779910649424905,67,1097,64,0,1097
2013-04-15,-0.0232341245503643,0.3220429094689583,60,961,57,0,961
2013-04-16,0.0142058408280645,0.1931917709506937,67,1113,65,0,1113
2013-04-17,-0.0144313136859846,0.44721332548695775,53,957,50,0,957
2013-04-18,-0.0067235559695443,0.2705467928410631,71,1093,68,0,1093
2013-04-19,0.00880898905105472,0.26272144783709744,58,1098,56,0,1098
2013-04-22,0.00465079821542739,0.2534208364646337,53,920,51,0,920
2013-04-23,0.0103653128055528,0.2942489437952512,89,1445,86,0,1445
2013-04-24,6.3401700728400404e-06,0.1847033925599265,70,1363,66,0,1363
2013-04-25,0.00402661456499138,0.15194593651996305,75,1451,71,0,1451
2013-04-26,-0.00184381180151776,0.2149772296195604,54,1050,51,0,1050
2013-04-29,0.00716031536940742,0.1887039110582436,49,626,46,0,626
2013-04-30,0.00248181741858196,0.18971496241768668,72,1269,68,0,1269
2013-05-01,-0.0093514726495644,0.24119096271791815,62,1060,60,0,1060
2013-05-02,0.00936400381032071,0.25349125972643377,55,993,53,0,993
2013-05-03,0.0104795639481703,0.1309478740960913,80,1388,75,0,1388
2013-05-06,0.00190596112848394,0.17620972842425825,65,921,63,0,921
2013-05-07,0.00521663915983786,0.18187547294583056,90,1424,87,0,1424
2013-05-08,0.00413053886669659,0.21896024618908996,80,1257,77,0,1257
2013-05-09,-0.00369391802877331,0.10352660217440512,69,943,67,0,943
2013-05-10,0.00431234377158485,0.22903254952941027,52,959,47,0,959
2013-05-13,4.2888448869531e-5,0.34737590881680563,63,863,59,0,863
2013-05-14,0.0100910669691503,0.29469716352374936,62,767,55,0,767
2013-05-15,0.00510110349021089,0.31991943212800095,69,1114,67,0,1114
2013-05-16,-0.00502233198541075,0.31529343050485925,65,955,60,0,955
2013-05-17,0.0102474119865626,0.1892929823564676,63,942,57,0,942
2013-05-20,-7.0786840470723e-4,0.3236739978105494,61,883,58,0,883
2013-05-21,0.00172090468300235,0.3970002839259611,62,962,56,0,962
2013-05-22,-0.00830807426577855,0.34063412135772336,77,1006,74,0,1006
2013-05-23,-0.00292811510460609,0.3984352764895275,84,1132,81,0,1132
2013-05-24,-5.5151749898889e-4,0.4249145875162511,46,732,42,0,732
2013-05-28,0.00632096210916013,0.3153930867789313,60,972,58,0,972
2013-05-29,-0.00707293624316586,0.34868714284338814,54,752,52,0,752
2013-05-30,0.00366362511431342,0.31673906350168457,59,846,57,0,846
2013-05-31,-0.0144105769218571,0.37278915708996535,52,797,44,0,797
2013-06-03,0.00591843985974169,0.4049954969315508,69,949,63,0,949
2013-06-04,-0.00552604800560554,0.4936556632878902,55,753,51,0,753
2013-06-05,-0.0138755545439222,0.4240691114822645,75,1028,71,0,1028
2013-06-06,0.00845445414423064,0.38557000007225023,62,823,58,0,823
2013-06-07,0.0127499145269457,0.3866953854735852,68,1005,63,0,1005
2013-06-10,-3.4687360363703e-4,0.42366005375997584,77,1116,73,0,1116
2013-06-11,-0.0102052641848211,0.5167688899980729,72,1068,70,0,1068
2013-06-12,-0.00840477690805098,0.4444193645371558,59,752,56,0,752
2013-06-13,0.0146760690973593,0.3601869916913777,55,726,51,0,726
2013-06-14,-0.00590240106245797,0.4608378592874942,54,766,47,0,766
2013-06-17,0.00753887556271468,0.553131292354495,60,1146,56,0,1146
2013-06-18,0.0077609634287833,0.44690639460733017,67,865,64,0,865
2013-06-19,-0.013948301328482,0.4204144176354235,68,1069,66,0,1069
2013-06-20,-0.0253284243922983,0.41064011486460295,62,1040,57,0,1040
2013-06-21,0.00266621905352556,0.4093971187671301,62,950,54,0,950
2013-06-24,-0.0122193689596269,0.5780513987673986,94,1271,91,0,1271
2013-06-25,0.00945245655930237,0.5262637181747964,78,1214,76,0,1214
2013-06-26,0.00954478966619003,0.4786543735548469,69,1087,67,0,1087
2013-06-27,0.0061806913002966,0.4427055722830811,63,904,61,0,904
2013-06-28,-0.0042987889804679,0.34249257810036204,61,872,55,0,872
2013-07-01,0.00538919960938981,0.4794047417715597,82,916,74,0,916
2013-07-02,-5.4505669005089e-4,0.6146771639181974,74,789,72,0,789
2013-07-03,8.2370789457544e-4,0.6047992200312009,87,998,85,0,998
2013-07-05,0.010150045703226,0.4529115157390826,62,831,58,0,831
2013-07-08,0.00523780521383603,0.46520660338340303,61,876,56,0,876
2013-07-09,0.00720366193486301,0.40996607888210845,72,1301,69,0,1301
2013-07-10,1.8157596462801e-4,0.4259255717178884,73,1072,69,0,1072
2013-07-11,0.0134632127653538,0.241623624977564,73,1197,69,0,1197
2013-07-12,0.00308173022062884,0.3510504176707346,101,1490,93,0,1490
2013-07-15,0.00137393515155615,0.40521334807525144,69,1021,67,0,1021
2013-07-16,-0.00371565541770699,0.3986473705048504,78,1105,76,0,1105
2013-07-17,0.00277020664839814,0.4659169598976622,84,1292,80,0,1292
2013-07-18,0.00502034171200673,0.23250711814473424,68,1152,65,0,1152
2013-07-19,0.00160875557964565,0.3665690393198262,75,1137,71,0,1137
2013-07-22,0.00203096254242682,0.2120813413457654,60,856,58,0,856
2013-07-23,-0.00185365386833642,0.19244132776571027,59,890,57,0,890
2013-07-24,-0.00381850272971842,0.2613893634367808,82,1166,76,0,1166
2013-07-25,0.00255320998518882,0.2857496110856748,65,1058,63,0,1058
2013-07-26,8.2795143790922e-4,0.362209838513361,65,1018,59,0,1018
2013-07-29,-0.00374303417536772,0.3848724176169387,59,906,57,0,906
2013-07-30,3.7374708533409e-4,0.3216401946837115,57,1004,53,0,1004
2013-07-31,-1.3641851599842e-4,0.29532833097599603,75,1172,71,0,1172
2013-08-01,0.012462588230416599,0.16965677158008474,100,1607,96,0,1607
2013-08-02,0.00163911408794703,0.1760575370676265,74,1209,69,0,1209
2013-08-05,-0.00148093087756364,0.2882238078992073,55,813,52,0,813
2013-08-06,-0.00573947283055402,0.30073195444043344,51,871,49,0,871
2013-08-07,-0.00381312566194176,0.35089701848630933,59,976,53,0,976
2013-08-08,0.00387792107404654,0.20266895879022015,49,1014,46,0,1014
2013-08-09,-0.00357634804142687,0.4309648826708629,60,913,54,0,913
2013-08-12,-0.00115358586052489,0.38209900073357855,50,969,48,0,969
2013-08-13,0.00277221000726836,0.315182273112721,52,969,49,0,969
2013-08-14,-0.00519006322785811,0.3013795033177649,42,799,40,0,799
2013-08-15,-0.0143845649479619,0.2922602443107583,48,845,45,0,845
2013-08-16,-0.00331006762347807,0.3193924210789326,54,843,49,0,843
2013-08-19,-0.00591777795715382,0.5093034596882039,51,827,49,0,827
2013-08-20,0.00381391309837114,0.2971600663971485,51,818,49,0,818
2013-08-21,-0.00579636946734686,0.4526298176734363,54,745,51,0,745
2013-08-22,0.00858244174341397,0.4274831474907235,48,762,46,0,762
2013-08-23,0.00393924191021318,0.3097982673304311,48,767,43,0,767
2013-08-26,-0.00404783923005856,0.45282289257406577,46,770,44,0,770
2013-08-27,-0.0160015392291834,0.4119435012889561,57,911,55,0,911
2013-08-28,0.00274387730896898,0.45556313984144375,53,873,51,0,873
2013-08-29,0.00196147664909565,0.2605448556811704,48,888,44,0,888
2013-08-30,-0.00317936719263518,0.3539128844845739,60,900,55,0,900
2013-09-03,0.00415557522695959,0.36252810409839115,52,808,50,0,808
2013-09-04,0.00808418792856031,0.4152237467505521,59,838,55,0,838
2013-09-05,0.00120913153946734,0.2766317814788761,58,900,56,0,900
2013-09-06,5.44296597822318e-5,0.3021886696351146,64,736,54,0,736
2013-09-09,0.00994328213897012,0.2842290387532018,54,890,52,0,890
2013-09-10,0.00731894048480241,0.24488008167278372,53,997,51,0,997
2013-09-11,0.00304763461381848,0.30512402062972627,54,838,49,0,838
2013-09-12,-0.00338614182780178,0.4962766158183903,56,956,53,0,956
2013-09-13,0.00271100165310343,0.35099011422923804,38,555,33,0,555
2013-09-16,0.0056770082958208,0.3972705524873972,36,607,34,0,607
2013-09-17,0.00420886959655227,0.3183470239463212,37,633,35,0,633
2013-09-18,0.0121041215584158,0.27999083449760337,78,1389,73,0,1389
2013-09-19,-0.00184465414848156,0.3284868361641139,58,999,56,0,999
2013-09-20,-0.0072430539628475,0.3705410674545334,43,735,38,0,735
2013-09-23,-0.00473075894195106,0.3063540323461705,53,912,51,0,912
2013-09-24,-0.00260052149773187,0.4574897663228007,45,725,43,0,725
2013-09-25,-0.00274322515437771,0.334275599076473,54,918,52,0,918
2013-09-26,0.00347936584799795,0.38746637021970065,61,1014,59,0,1014
2013-09-27,-0.00408212166344353,0.41415684722954194,57,870,53,0,870
2013-09-30,-0.00604747998119095,0.35202862390831824,61,940,56,0,940
2013-10-01,0.00796672468340678,0.4026469319676555,52,939,50,0,939
2013-10-02,-6.6689187034086e-4,0.3762221199731217,65,949,62,0,949
2013-10-03,-0.00901997250055299,0.28897523889066756,55,924,53,0,924
2013-10-04,0.00702846670428386,0.31584796760425693,47,792,43,0,792
2013-10-07,-0.0085427475368196,0.4235961051059636,57,992,55,0,992
2013-10-08,-0.0124087499310835,0.4096746892171157,61,1028,57,0,1028
2013-10-09,5.7374173060579e-4,0.3432959466740223,70,1150,65,0,1150
2013-10-10,0.0215956228828365,0.29004731921912624,67,1092,63,0,1092
2013-10-11,0.00626659561732723,0.33783584378657644,56,982,52,0,982
2013-10-14,0.00406644114528856,0.3834380552027736,49,893,47,0,893
2013-10-15,-0.00708878961375875,0.3763599714483475,71,1299,68,0,1299
2013-10-16,0.0137328043071323,0.298150650370875,65,1377,62,0,1377
2013-10-17,0.00672131441373708,0.30626021301911865,74,1308,70,0,1308
2013-10-18,0.00652740546362272,0.08273946400731802,71,1246,67,0,1246
2013-10-21,9.17322096046548e-5,0.2207510567030921,72,1248,65,0,1248
2013-10-22,0.0057211162396272304,0.19423088059184232,82,1383,80,0,1383
2013-10-23,-0.00473575324003675,0.27986782100006313,61,1178,59,0,1178
2013-10-24,0.00325283854435557,0.26734922163658276,56,1068,54,0,1068
2013-10-25,0.00438521439277468,0.2093514045151302,53,931,48,0,931
2013-10-28,0.00132881651923697,0.2328321735395279,71,1108,64,0,1108
2013-10-29,0.00556866121409417,0.24238768602310412,66,1143,61,0,1143
2013-10-30,-0.0048878496945693,0.24187659034956405,76,1328,71,0,1328
2013-10-31,-0.00384677056793835,0.29239447969661525,69,1289,65,0,1289
2013-11-01,0.00289921441220961,0.29862549279671524,49,752,45,0,752
2013-11-04,0.00356419937809817,0.34617272424317586,45,837,43,0,837
2013-11-05,-0.00280953084834028,0.23340197276635224,52,860,46,0,860
2013-11-06,0.00425646871228757,0.32980831385066267,60,1152,58,0,1152
2013-11-07,-0.0132704359995948,0.31243575294500636,63,987,59,0,987
2013-11-08,0.0133382087922641,0.1944403581657036,66,1022,60,0,1022
2013-11-11,7.226700649729e-4,0.3349394188050858,44,710,42,0,710
2013-11-12,-0.00237320544561995,0.34793923481218214,46,1121,44,0,1121
2013-11-13,0.00806275272049936,0.32357573971474685,65,982,63,0,982
2013-11-14,0.00482559682045066,0.3050349062292709,62,1025,59,0,1025
2013-11-15,0.00421314627388108,0.2186187545827964,52,826,47,0,826
2013-11-18,-0.0037050524235047,0.3534353519542037,72,1221,69,0,1221
2013-11-19,-0.00204505527760066,0.34176918921411925,64,1094,61,0,1094
2013-11-20,-0.00364223599616131,0.44246291130892207,73,1138,71,0,1138
2013-11-21,0.0080957054207559,0.34251540207558057,55,993,53,0,993
2013-11-22,0.00494919050002917,0.205526494574634,47,802,41,0,802
2013-11-25,-0.00126414078723975,0.25351024537230843,45,705,42,0,705
2013-11-26,1.4979323550383e-4,0.3318975928574984,38,601,36,0,601
2013-11-27,0.00248199867746074,0.32299474525331917,42,617,40,0,617
2013-11-29,-7.8599845711643e-4,0.2891264354661366,36,556,32,0,556
2013-12-02,-0.00272272353471643,0.3495765534838266,46,830,42,0,830
2013-12-03,-0.00319795599189361,0.3647047445214971,52,760,46,0,760
2013-12-04,-0.0013043434697868,0.3338928770457564,68,991,63,0,991
2013-12-05,-0.0043490158130801,0.2897477426371188,50,907,48,0,907
2013-12-06,0.0111751948768759,0.29375382585843407,58,841,52,0,841
2013-12-09,0.00181545124795098,0.35077951546740155,51,803,49,0,803
2013-12-10,-0.00318472489565705,0.3269845732123567,39,614,37,0,614
2013-12-11,-0.011381397674607,0.35714278639947084,52,660,43,0,660
2013-12-12,-0.00377768837915634,0.2567148871323366,53,827,50,0,827
2013-12-13,-1.0141528650587e-4,0.3739465414903364,53,716,48,0,716
2013-12-16,0.00630015212939622,0.41336810387118655,46,703,44,0,703
2013-12-17,-0.00310580593637141,0.4351733441232379,48,687,46,0,687
2013-12-18,0.0165109060091742,0.23099482116350503,61,917,57,0,917
2013-12-19,-5.8009742839373e-4,0.2145690677472671,68,1065,66,0,1065
2013-12-20,0.00480715544069071,0.2057716829230707,63,1044,60,0,1044
2013-12-23,0.00530402888620606,0.24501783780117584,41,721,39,0,721
2013-12-24,0.00291150430430603,0.35099419675831695,42,589,39,0,589
2013-12-26,0.00473430462113208,0.2110465729849473,31,372,27,0,372
2013-12-27,-3.3664101060747e-4,0.20335866972853087,38,535,36,0,535
2013-12-30,-1.7926996201467e-4,0.3008010006479679,31,501,27,0,501
2013-12-31,0.00395185634911155,0.2835636454479148,45,548,40,0,548
2014-01-02,-0.00890141301662919,0.26878371809115853,42,640,40,0,640
2014-01-03,-3.330205201606e-4,0.27318697857914404,42,593,39,0,593
2014-01-06,-0.00251492725375944,0.33819567058447786,37,640,33,0,640
2014-01-07,0.00606334537539104,0.24478330884717012,38,712,36,0,712
2014-01-08,-2.1223150345108e-4,0.2257978304896824,40,677,38,0,677
2014-01-09,3.4824854351417e-4,0.3109278221180578,47,753,44,0,753
2014-01-10,0.0023040304904553,0.28352606573298544,48,759,43,0,759
2014-01-13,-0.012655966458794,0.3222364170910992,37,697,35,0,697
2014-01-14,0.0107598761199341,0.16075769144261923,58,949,56,0,949
2014-01-15,0.00515288913468222,0.10172976491856388,50,785,47,0,785
2014-01-16,-0.00134802848642581,0.1557298562820506,48,808,44,0,808
2014-01-17,-0.00390278032001508,0.29012270635757886,64,991,57,0,991
2014-01-21,0.00276991224281767,0.15935941688561192,48,714,46,0,714
2014-01-22,5.7470004976816e-4,0.17956859025419974,49,892,47,0,892
2014-01-23,-0.00892932476457093,0.20401496730982235,51,1194,49,0,1194
2014-01-24,-0.0210964214273408,0.18746333906052187,58,934,51,0,934
2014-01-27,-0.00488822185333935,0.2717670841730768,52,768,48,0,768
2014-01-28,0.00612187562243207,0.3183515160092681,52,879,50,0,879
2014-01-29,-0.010261703908496,0.27598177998478773,49,806,47,0,806
2014-01-30,0.0112040443722182,0.06949619161102667,55,1003,53,0,1003
2014-01-31,-0.00648629021425038,0.16931032296114218,56,836,49,0,836
2014-02-03,-0.0230966047044866,0.3836633602599138,49,783,42,0,783
2014-02-04,0.00761204368308143,0.22573902399085885,53,919,51,0,919
2014-02-05,-0.00203028240865659,0.2032328013422344,47,896,44,0,896
2014-02-06,0.0123630544533757,0.08256640754272947,39,782,36,0,782
2014-02-07,0.0132141935042969,0.11150016623680133,50,924,45,0,924
2014-02-10,0.00156800480325404,0.2541662344786649,36,654,33,0,654
2014-02-11,0.011001375944255,0.22787722134643107,51,819,48,0,819
2014-02-12,-2.6929864772088e-4,0.0887590556494182,42,745,39,0,745
2014-02-13,0.00579321197877668,0.17719868372063127,39,685,37,0,685
2014-02-14,0.0047976893855483,0.08691164512091722,39,678,34,0,678
2014-02-18,0.00115780339255877,0.19099332335037095,35,561,33,0,561
2014-02-19,-0.006545861773196,0.3088480802890401,42,745,40,0,745
2014-02-20,0.00601334182693401,0.1708209519420052,40,750,38,0,750
2014-02-21,-0.00192056667318107,0.20876309913298,49,787,44,0,787
2014-02-24,0.00616745555233145,0.2123754336642824,53,952,49,0,952
2014-02-25,-0.00134859067677465,0.1284299014412805,59,815,56,0,815
2014-02-26,2.16997421246296e-5,0.27895189916792634,36,733,34,0,733
2014-02-27,0.00493588140841654,0.3243279180033108,47,710,42,0,710
2014-02-28,0.00277882428133809,0.1471079108733273,68,1152,63,0,1152
2014-03-03,-0.00740586620045479,0.392164068078273,46,724,43,0,724
2014-03-04,0.0151523226761418,0.286081688741762,47,695,43,0,695
2014-03-05,-5.33527496645535e-5,0.25870080751095276,45,692,43,0,692
2014-03-06,0.00171693349685709,0.2925167960236736,42,646,40,0,646
2014-03-07,5.379445771157e-4,0.2288504162028331,51,701,46,0,701
2014-03-10,-4.6335364121949e-4,0.47748389234588257,48,746,46,0,746
2014-03-11,-0.00509509697521584,0.2876627123522648,49,699,44,0,699
2014-03-12,3.0512432321e-4,0.4291316425986588,50,768,48,0,768
2014-03-13,-0.0117700916958836,0.26394700047173747,44,682,41,0,682
2014-03-14,-0.00282576641744517,0.28691925782477484,40,621,36,0,621
2014-03-17,0.00956771769503896,0.32354147707034525,36,606,33,0,606
2014-03-18,0.00719368224547319,0.3888624878593929,49,717,47,0,717
2014-03-19,-0.0061505250967345,0.41641031532459527,38,587,36,0,587
2014-03-20,0.00602233408752175,0.22218428321207895,37,585,32,0,585
2014-03-21,-0.00293698011660875,0.2758562321463995,43,667,38,0,667
2014-03-24,-0.00487658095936322,0.366004598396201,37,592,35,0,592
2014-03-25,0.00439427084882223,0.2862603315967135,40,631,38,0,631
2014-03-26,-0.00702493695487605,0.3367119782298687,40,592,35,0,592
2014-03-27,-0.00190189134397706,0.3729003989597956,43,657,41,0,657
2014-03-28,0.00462948924340966,0.2995525635525178,39,614,35,0,614
2014-03-31,0.00789287138479668,0.19397208509342984,44,593,41,0,593
2014-04-01,0.00701468804421345,0.1383143563304513,57,826,52,0,826
2014-04-02,0.00284926383183846,0.2581837711300068,64,860,62,0,860
2014-04-03,-0.00112708521301066,0.2777906554485006,49,709,47,0,709
2014-04-04,-0.012616542925314,0.25330520422854036,44,643,40,0,643
2014-04-07,-0.0108083123321498,0.30278717901329605,49,692,45,0,692
2014-04-08,0.00374353798017728,0.3239422040006016,43,616,41,0,616
2014-04-09,0.0108590393419656,0.25156645112665277,41,604,39,0,604
2014-04-10,-0.0211059677373872,0.2919479224885358,47,693,43,0,693
2014-04-11,-0.0095320597398974,0.2526759556175144,46,600,39,0,600
2014-04-14,0.00818370815074061,0.2577422771668353,50,773,48,0,773
2014-04-15,0.00673457951770341,0.29207280040502026,43,597,41,0,597
2014-04-16,0.0104338679487661,0.14860594741247118,47,721,44,0,721
2014-04-17,0.00136292370709394,0.29058027749695114,51,869,47,0,869
2014-04-21,0.00376801565557255,0.3340607177414183,35,680,33,0,680
2014-04-22,0.00408378899612783,0.12232254126156944,39,690,37,0,690
2014-04-23,-0.00221576686252206,0.2023347507776511,59,971,57,0,971
2014-04-24,0.00171548827533087,0.04047232573722402,51,831,44,0,831
2014-04-25,-0.00812934474350164,0.23798192742850172,44,682,38,0,682
2014-04-28,0.00323081116250234,0.14447218549555574,87,1338,84,0,1338
2014-04-29,0.00474946050463352,0.2139703565405328,52,875,50,0,875
2014-04-30,0.00298754980270127,0.10948468384277532,47,733,44,0,733
2014-05-01,-1.4327174433229e-4,0.09678281344620664,49,978,47,0,978
2014-05-02,-0.00134935502987091,0.20254255352673403,46,756,40,0,756
2014-05-05,0.00186946758233978,0.3290282099657513,48,806,45,0,806
2014-05-06,-0.00902903146199105,0.2029701260936435,41,753,37,0,753
2014-05-07,0.00560075487103328,0.23812793214003453,36,651,33,0,651
2014-05-08,-0.00137456923278641,0.14665421489512986,36,537,34,0,537
2014-05-09,0.00151832319487884,0.2147895724592672,32,593,28,0,593
2014-05-12,0.00962625617231551,0.3116944068583268,38,688,36,0,688
2014-05-13,4.2166878828303e-4,0.08918062158045359,56,869,52,0,869
2014-05-14,-0.00471208956501709,0.2443216189555824,50,806,48,0,806
2014-05-15,-0.00940590418393479,0.34559195982001256,45,708,43,0,708
2014-05-16,0.0037399628190006,0.22060649583969885,39,573,35,0,573
2014-05-19,0.00383741418970419,0.341372747025322,34,554,32,0,554
2014-05-20,-0.00651960460854331,0.4350863714942534,40,639,38,0,639
2014-05-21,0.00808334054774692,0.244794569196933,36,583,33,0,583
2014-05-22,0.00235944419471388,0.2215393205548114,41,693,39,0,693
2014-05-23,0.00423939291788475,0.14739198892322533,34,494,29,0,494
2014-05-27,0.00596995021152887,0.3625022568253703,41,588,37,0,588
2014-05-28,-0.00111469275005842,0.21142987027781945,71,881,67,0,881
2014-05-29,0.00535275865736112,0.2313683916484782,60,960,57,0,960
2014-05-30,0.00184198044310137,0.08329135147658617,57,776,50,0,776
2014-06-02,7.275613640587e-4,0.3035315662172233,49,652,46,0,652
2014-06-03,-3.7928846953486e-4,0.3144579040442383,31,477,29,0,477
2014-06-04,0.00188987660636293,0.28550433069288444,39,558,37,0,558
2014-06-05,0.00650408211966298,0.21756107423684057,48,715,46,0,715
2014-06-06,0.00461708354801898,0.13952632593684533,47,583,42,0,583
2014-06-09,9.3833085648681e-4,0.3629129405696101,39,569,37,0,569
2014-06-10,-2.4601388187953e-4,0.2596159978609987,43,659,41,0,659
2014-06-11,-0.00354331115166594,0.373200145123216,30,478,28,0,478
2014-06-12,-0.00711413908891029,0.37595900639485663,39,553,35,0,553
2014-06-13,0.00312965919907076,0.2812986857888679,31,421,27,0,421
2014-06-16,8.363553307868e-4,0.48786602191648853,32,442,30,0,442
2014-06-17,0.00217021244488915,0.3419639427997152,29,439,27,0,439
2014-06-18,0.0076892431607294,0.24147034557018843,45,577,40,0,577
2014-06-19,0.00127666329516504,0.20539845542033325,53,650,50,0,650
2014-06-20,0.00172856349567606,0.22144994441103855,42,618,38,0,618
2014-06-23,-1.3247285289892e-4,0.2832864940994316,36,517,33,0,517
2014-06-24,-0.00645610649861748,0.2265888119216149,34,487,29,0,487
2014-06-25,0.00488555742271719,0.28398455112428084,38,599,36,0,599
2014-06-26,-0.00117957942763911,0.2960498798613813,47,618,43,0,618
2014-06-27,0.00190904523808374,0.3217438900323032,40,650,35,0,650
2014-06-30,-3.7232599700135e-4,0.3033913425119399,49,695,43,0,695
2014-07-01,0.00665557289682252,0.2779996988364274,41,628,37,0,628
2014-07-02,6.5859607512319e-4,0.24015326939966916,53,711,50,0,711
2014-07-03,0.00546455022767239,0.2432481063746805,44,618,39,0,618
2014-07-07,-0.00393123905432363,0.3915226372292041,29,626,27,0,626
2014-07-08,-0.00707376218168069,0.30239694049426663,36,542,34,0,542
2014-07-09,0.00463351655325921,0.2934509188271477,40,689,38,0,689
2014-07-10,-0.00413962832447372,0.3762689525369418,41,590,37,0,590
2014-07-11,0.00146984199804724,0.31177225826862964,47,633,42,0,633
2014-07-14,0.00483186072699693,0.26830355463815586,42,657,38,0,657
2014-07-15,-0.00193396456794562,0.32083548454829725,32,596,30,0,596
2014-07-16,0.00419228500944856,0.2598909302440006,50,728,47,0,728
2014-07-17,-0.011904605927478,0.2597182642238317,41,649,38,0,649
2014-07-18,0.0102126088996712,0.15866749378649328,43,602,38,0,602
2014-07-21,-0.00232294642390465,0.19154368122747423,51,831,47,0,831
2014-07-22,0.00500361116730013,0.1808742959809024,50,898,48,0,898
2014-07-23,0.00175290077701288,0.05135337227866763,42,777,38,0,777
2014-07-24,4.8803681255066e-4,0.07592537296147142,49,861,46,0,861
2014-07-25,-0.00486094604610909,0.13894947624933768,47,855,42,0,855
2014-07-28,2.8811339355283e-4,0.4635370276555723,37,552,35,0,552
2014-07-29,-0.00453806841371401,0.23466708750013224,47,786,45,0,786
2014-07-30,6.09109194102014e-5,0.10378353104066004,49,741,43,0,741
2014-07-31,-0.0202019321552301,0.18519562569067435,54,888,48,0,888
2014-08-01,-0.00286321623129833,0.1864188300086218,57,803,49,0,803
2014-08-04,0.00716331444964661,0.1978492185689236,41,566,39,0,566
2014-08-05,-0.00973267919733665,0.22524466700366855,45,652,43,0,652
2014-08-06,1.56384263601236e-5,0.2562316850401044,43,644,39,0,644
2014-08-07,-0.00557211544673303,0.24248335134187665,37,626,35,0,626
2014-08-08,0.011465422557972,0.15824857710717008,47,610,40,0,610
2014-08-11,0.00275562502584185,0.3146473037449118,39,603,37,0,603
2014-08-12,-0.00163798237415594,0.23407143536270736,33,556,31,0,556
2014-08-13,0.0066847671025108,0.15404984045067224,29,550,27,0,550
2014-08-14,0.0043363982736977,0.19643598479592053,43,614,39,0,614
2014-08-15,-6.1374807571266e-5,0.21911154963667143,39,514,32,0,514
2014-08-18,0.0084954832196601,0.2978248665103598,41,627,39,0,627
2014-08-19,0.00498819017919779,0.10553416635957548,40,591,37,0,591
2014-08-20,0.00247474828254362,0.3464641115117249,36,524,33,0,524
2014-08-21,0.00294554728027062,0.14315430083499653,36,519,32,0,519
2014-08-22,-0.00199457491882262,0.2318100144452315,44,573,39,0,573
2014-08-25,0.0047763538636038504,0.22692294918406913,47,599,43,0,599
2014-08-26,0.00105052889524358,0.1245928733865274,51,644,47,0,644
2014-08-27,4.99860432845561e-5,0.1886310157106193,43,620,41,0,620
2014-08-28,-0.00169133054494616,0.2783496664206107,31,559,29,0,559
2014-08-29,0.0033149143290199,0.12359715433558448,40,551,34,0,551
2014-09-02,-5.4421421770269e-4,0.3301108973454185,35,489,33,0,489
2014-09-03,-7.7944475280154e-4,0.3876080249048149,30,468,28,0,468
2014-09-04,-0.00153559920471217,0.33066034472446787,37,571,35,0,571
2014-09-05,0.00502324770495849,0.24139316863729615,35,567,29,0,567
2014-09-08,-0.00307784585431585,0.4445250709504762,48,654,46,0,654
2014-09-09,-0.00656652153268544,0.399434089689425,45,654,42,0,654
2014-09-10,0.0036394436003678,0.3831331360415789,46,623,44,0,623
2014-09-11,8.815167647232e-4,0.3399419248261648,52,654,50,0,654
2014-09-12,-0.00598040549200654,0.3854394266706296,61,751,54,0,751
2014-09-15,-7.1040374810937e-4,0.4945671179673809,40,492,38,0,492
2014-09-16,0.00745650732455642,0.42250418748058705,46,525,43,0,525
2014-09-17,0.00129480507908843,0.2272375694463133,54,607,48,0,607
2014-09-18,0.00487925712733983,0.2761904324336986,51,626,47,0,626
2014-09-19,-4.7738351040339e-4,0.2256530192840035,42,427,37,0,427
2014-09-22,-0.0080456025302185,0.4354724594264479,49,594,47,0,594
2014-09-23,-0.00579325007962625,0.40111877407663143,47,567,45,0,567
2014-09-24,0.00780197675865444,0.3251042885456754,43,502,40,0,502
2014-09-25,-0.0163009132651705,0.32280608006019856,47,571,43,0,571
2014-09-26,0.00853926112400154,0.1877235805169524,60,633,54,0,633
2014-09-29,-0.00255005085691582,0.5105349802330525,38,425,34,0,425
2014-09-30,-0.00278981654431202,0.3399763860750597,43,473,41,0,473
2014-10-01,-0.0133371061126374,0.48727194688663905,44,540,42,0,540
2014-10-02,5.14332825022969e-6,0.3739539149745742,51,556,47,0,556
2014-10-03,0.0111036355239025,0.17424817121225514,45,390,40,0,390
2014-10-06,-0.00156638600139818,0.25446625843081466,36,351,34,0,351
2014-10-07,-0.0152416186191286,0.38014002175343814,41,445,38,0,445
2014-10-08,0.0173109474980592,0.2981127704495686,44,424,40,0,424
2014-10-09,-0.020877848454315,0.320405392565893,48,572,43,0,572
2014-10-10,-0.0115170800262109,0.306385802364887,55,640,47,0,640
2014-10-13,-0.0166050332025225,0.27223629605313443,44,532,40,0,532
2014-10-14,0.00157761968086677,0.23029360891580697,69,703,63,0,703
2014-10-15,-0.00813330072607735,0.2162134508602321,60,642,51,0,642
2014-10-16,1.4496720044177e-4,0.15815476815462587,70,836,66,0,836
2014-10-17,0.0128018133771461,0.02926553220657462,55,598,49,0,598
2014-10-20,0.00910111612128131,0.1463457036879845,43,494,40,0,494
2014-10-21,0.0193853708277509,0.2110965911003559,53,652,47,0,652
2014-10-22,-0.00732610066161218,0.1790611475273181,60,817,57,0,817
2014-10-23,0.0122283057215995,0.1816870652873316,49,577,46,0,577
2014-10-24,0.00702869017571619,0.1959327853191644,50,542,42,0,542
2014-10-27,-0.00150269687883788,0.3608352692340148,29,305,26,0,305
2014-10-28,0.0118683645669104,0.21947591378266224,40,421,38,0,421
2014-10-29,-0.00138631599064252,0.24063896674039265,47,451,42,0,451
2014-10-30,0.00621079724787318,0.12106252921418469,31,338,28,0,338
2014-10-31,0.0116631142331486,0.09834291458324323,38,405,31,0,405
2014-11-03,-1.1892891639947e-4,0.0922962784423665,48,490,45,0,490
2014-11-04,-0.00283385325266503,0.23398205590201543,35,397,31,0,397
2014-11-05,0.00568431106080449,0.13417881441169552,42,431,39,0,431
2014-11-06,0.00376840364432826,0.0939486277586386,36,410,33,0,410
2014-11-07,3.495251267808e-4,0.15157991893855588,42,485,37,0,485
2014-11-10,0.00311532701955886,0.15601473192806156,27,255,25,0,255
2014-11-11,6.9645163028743e-4,0.2154167993549808,44,425,42,0,425
2014-11-12,-7.0136257891798e-4,0.3209782343234538,34,413,32,0,413
2014-11-13,5.2970442840023e-4,0.2078124174699135,39,415,35,0,415
2014-11-14,2.402413485468e-4,0.18508024719502664,34,355,29,0,355
2014-11-17,7.3508877765868e-4,0.21847024476255683,32,308,29,0,308
2014-11-18,0.00512084935368839,0.2083764176738138,36,421,33,0,421
2014-11-19,-0.00150228687561882,0.26235899579666194,31,388,29,0,388
2014-11-20,0.00196516401320275,0.27468566378912795,33,375,30,0,375
2014-11-21,0.00522321260373825,0.12285513361581624,39,462,33,0,462
2014-11-24,0.00285992981373923,0.14490514506514257,26,240,23,0,240
2014-11-25,-0.00115069146841728,0.30948286148001597,30,275,26,0,275
2014-11-26,0.00280205247160356,0.3269434756221017,24,219,22,0,219
2014-11-28,-0.00254566463701222,0.2489754224340592,29,306,27,0,306
2014-12-01,-0.00685278934483443,0.32674772345399106,40,389,34,0,389
2014-12-02,0.00636416675884818,0.14773069690888335,39,480,36,0,480
2014-12-03,0.00375767383402698,0.2612926466797944,30,290,28,0,290
2014-12-04,-0.00116257173178584,0.2336424402354169,40,438,38,0,438
2014-12-05,0.00166383159892105,0.21120628703890057,36,336,30,0,336
2014-12-08,-0.00728302214971539,0.348816017587004,35,373,32,0,373
2014-12-09,-2.3785182583414e-4,0.24203902872478855,35,321,31,0,321
2014-12-10,-0.0164861211830487,0.4097713223835363,39,382,37,0,382
2014-12-11,0.00452543397162078,0.29585706700249026,34,444,32,0,444
2014-12-12,-0.0163464657916585,0.26466492020655563,33,465,29,0,465
2014-12-15,-0.00636278627172194,0.35577780424318917,32,286,29,0,286
2014-12-16,-0.00852525986538082,0.2462944195469486,38,364,31,0,364
2014-12-17,0.0201480732432956,0.21821880735437937,49,434,43,0,434
2014-12-18,0.023731374885709,0.1713301481989523,45,510,41,0,510
2014-12-19,0.00455963796741901,0.16548282941164194,51,519,45,0,519
2014-12-22,0.00380322247992715,0.2560049452548546,31,335,29,0,335
2014-12-23,0.00174483862970449,0.2115882768395952,36,337,33,0,337
2014-12-24,-1.3930624107456e-4,0.03279721025480992,36,344,34,0,344
2014-12-26,0.00330410998212095,0.1221808300298803,17,143,13,0,143
2014-12-29,8.6140342808944e-4,0.20421001261848057,33,312,30,0,312
2014-12-30,-0.00490059303450428,0.2535222018337143,35,347,31,0,347
2014-12-31,-0.0103643835612505,0.13984841777000395,41,385,35,0,385
2015-01-02,-3.4002147313528e-4,0.2087964653187702,31,312,28,0,312
2015-01-05,-0.0184472135325873,0.32213112966471064,31,240,26,0,240
2015-01-06,-0.00893325469070017,0.34113604274056053,38,345,34,0,345
2015-01-07,0.0115627358448763,0.23360760749265969,36,375,34,0,375
2015-01-08,0.0177301681271557,0.11557984923600652,29,310,27,0,310
2015-01-09,-0.00843932214707879,0.1904619230923277,27,222,21,0,222
2015-01-12,-0.00812661684347049,0.31820513372233994,37,409,35,0,409
2015-01-13,-0.00258188543581632,0.1581347328705109,37,409,34,0,409
2015-01-14,-0.00583002896797565,0.35404091203563437,40,361,34,0,361
2015-01-15,-0.00929090300456755,0.3253061311552301,34,383,28,0,383
2015-01-16,0.0133348931862673,0.31432362267253505,39,417,34,0,417
2015-01-20,0.00154875243340039,0.12209368250998004,28,276,26,0,276
2015-01-21,0.00472046502218936,0.2923865060259621,35,376,31,0,376
2015-01-22,0.0151543130706303,0.2654321752535254,39,450,37,0,450
2015-01-23,-0.00550665627930194,0.08171908192142165,46,442,41,0,442
2015-01-26,0.00256516799862327,0.4500989853757236,33,324,31,0,324
2015-01-27,-0.0134782878158576,0.33337308580782765,44,470,42,0,470
2015-01-28,-0.013587502811022,0.28063177002283435,45,425,37,0,425
2015-01-29,0.00948951705826357,0.19184921567704383,52,640,49,0,640
2015-01-30,-0.0130770990063185,0.24642347695258007,51,517,43,0,517
2015-02-02,0.0128791700002155,0.4167149673295272,36,400,33,0,400
2015-02-03,0.0143362385774531,0.07302196263951961,34,369,32,0,369
2015-02-04,-0.00416470657245296,0.22845426692647913,34,294,31,0,294
2015-02-05,0.0102388107109092,0.22439256242938516,41,494,39,0,494
2015-02-06,-0.00342402761187852,0.17064898673390202,34,295,27,0,295
2015-02-09,-0.00425623931048171,0.37100307606325306,38,372,35,0,372
2015-02-10,0.0106189795540624,0.3067773595704542,30,317,27,0,317
2015-02-11,-2.90340101582472e-5,0.22134751386191645,37,425,35,0,425
2015-02-12,0.00959829506591603,0.0447513603380528,29,417,27,0,417
2015-02-13,0.00406645922777942,0.06457086122827604,40,425,33,0,425
2015-02-17,0.0015962996977984,0.34055304603437736,24,247,21,0,247
2015-02-18,-3.1435862322874e-4,0.2537466341149727,46,542,43,0,542
2015-02-19,-0.00106262171571893,0.32124957637315676,30,287,28,0,287
2015-02-20,0.00610784272105584,0.16371813359016435,47,501,40,0,501
2015-02-23,-3.0338521198569e-4,0.29808451323381935,30,293,28,0,293
2015-02-24,0.0027549724688311,0.2475155694302105,35,387,33,0,387
2015-02-25,-7.660169636026e-4,0.35759158903030247,42,402,39,0,402
2015-02-26,-0.00147711863025381,0.38161732023013983,41,412,36,0,412
2015-02-27,-0.00296068304863237,0.2614851209076328,45,414,37,0,414
2015-03-02,0.00610623818113302,0.25104900821240556,29,301,26,0,301
2015-03-03,-0.00454887260381757,0.24433083056258817,45,441,43,0,441
2015-03-04,-0.00439816123015457,0.39020398316539023,35,368,33,0,368
2015-03-05,0.00119536525103609,0.18644171899546977,31,277,27,0,277
2015-03-06,-0.0142753563624671,0.3085920605274926,57,563,52,0,563
2015-03-09,0.00393666235797597,0.32740430315449054,46,430,42,0,430
2015-03-10,-0.0171068209371414,0.45517079004961025,43,459,39,0,459
2015-03-11,-0.00191952067648477,0.24444300153909512,57,609,54,0,609
2015-03-12,0.0125227022060371,0.2084401384548306,43,513,41,0,513
2015-03-13,-0.00609323709019684,0.23843805812591903,54,437,40,0,437
2015-03-16,0.0134429090238559,0.3495266189405045,38,302,33,0,302
2015-03-17,-0.003325697707782,0.38140103322609015,30,269,25,0,269
2015-03-18,0.0120851015016287,0.2642968929721974,30,260,26,0,260
2015-03-19,-0.00488448912695017,0.3079700451446971,34,359,31,0,359
2015-03-20,0.00897238219325968,0.11157893510283652,37,447,32,0,447
2015-03-23,-0.0017472566067133,0.24371591489762068,28,306,26,0,306
2015-03-24,-0.00615834570159093,0.41573212383431385,25,227,23,0,227
2015-03-25,-0.0146659265272391,0.37417283997210155,34,332,32,0,332
2015-03-26,-0.0023803307374739,0.3498099940144598,33,307,30,0,307
2015-03-27,0.00236576072950336,0.312861963742554,35,274,27,0,274
2015-03-30,0.0121623826471494,0.3873779174128913,32,312,27,0,312
2015-03-31,-0.0088346862175308,0.23488053283654153,36,387,33,0,387
2015-04-01,-0.00397325420184753,0.3945368339816384,27,296,25,0,296
2015-04-02,0.00352345230371415,0.23098181723617017,28,297,26,0,297
2015-04-06,0.00658707264716564,0.20068930235574953,20,204,18,0,204
2015-04-07,-0.00206403270858717,0.2615047109766716,19,188,16,0,188
2015-04-08,0.0026789415573472,0.22540836936862368,41,365,36,0,365
2015-04-09,0.0044475758736258,0.16352033528878732,27,276,23,0,276
2015-04-10,0.00518937689945622,0.1334591715787657,39,403,34,0,403
2015-04-13,-0.00459180682096114,0.3162683708144219,35,349,32,0,349
2015-04-14,0.00162843225851382,0.1886644331164929,37,343,33,0,343
2015-04-15,0.00513498904499559,0.11245639299352964,30,343,27,0,343
2015-04-16,-7.7874675798519e-4,0.15006749687890988,30,312,27,0,312
2015-04-17,-0.0113757041890532,0.24464531558692215,32,307,27,0,307
2015-04-20,0.00919274858653672,0.09429432523365204,26,223,22,0,223
2015-04-21,-0.00148170250476795,0.2743238257069606,40,347,35,0,347
2015-04-22,0.00507458285338629,0.27548849487399873,34,370,30,0,370
2015-04-23,0.00235494084255237,0.2173011995485132,38,393,33,0,393
2015-04-24,0.00225026682475349,0.13730749318288085,37,326,29,0,326
2015-04-27,-0.00414991324073465,0.25038803186099456,27,255,24,0,255
2015-04-28,0.00276540443734651,0.16909049157916076,34,347,28,0,347
2015-04-29,-0.00374734812757322,0.25069089447636844,48,479,44,0,479
2015-04-30,-0.0101805530332482,0.34968769931909166,38,349,33,0,349
2015-05-01,0.0108637765634553,0.05545552379584738,35,304,27,0,304
2015-05-04,0.00293643314776302,0.1982821218233796,31,304,28,0,304
2015-05-05,-0.0119080033585301,0.25494686945342276,39,333,32,0,333
2015-05-06,-0.00446568114093198,0.2576506688880424,30,315,26,0,315
2015-05-07,0.0037667104694754,0.3682958841109212,32,342,29,0,342
2015-05-08,0.0133681479873612,0.1430339673030618,37,338,31,0,338
2015-05-11,-0.00510255645608204,0.22956579954829068,25,242,20,0,242
2015-05-12,-0.00295399643936727,0.3973312904874749,36,379,34,0,379
2015-05-13,-3.0500129065166e-4,0.3814487754198348,41,417,38,0,417
2015-05-14,0.01072160426176,0.2230104432848748,35,376,32,0,376
2015-05-15,7.6811882786647e-4,0.19773682995444344,42,358,36,0,358
2015-05-18,0.0030433124725705,0.3081650059661692,41,369,36,0,369
2015-05-19,-6.4358159784201e-4,0.23929429290971407,39,386,36,0,386
2015-05-20,-9.3094945079404e-4,0.34059051857994666,44,376,37,0,376
2015-05-21,0.00233514590874481,0.29692669317591935,43,386,37,0,386
2015-05-22,-0.0022363851494836,0.2322470908864893,45,388,37,0,388
2015-05-26,-0.0103352049075023,0.44623446356766205,33,307,31,0,307
2015-05-27,0.00912091892911008,0.13252103744162014,32,271,28,0,271
2015-05-28,-0.00126756391748705,0.363977190719553,23,190,19,0,190
2015-05-29,-0.00633851518409766,0.2086522280339576,34,340,27,0,340
2015-06-01,0.00205734349914766,0.2165742225094137,34,295,25,0,295
2015-06-02,-0.00100910516534782,0.27996941807035985,49,358,34,0,358
2015-06-03,0.002116629469756,0.16259926784347722,43,314,27,0,314
2015-06-04,-0.00866056221510107,0.3827336414430577,26,201,19,0,201
2015-06-05,-0.00143721523273254,0.2950354250529522,36,248,25,0,248
2015-06-08,-0.00649556033830554,0.255538149114554,21,142,12,0,142
2015-06-09,4.1826551900276e-4,0.21961469065281564,40,294,27,0,294
2015-06-10,0.0119704917525144,0.1854217361723041,29,242,20,0,242
2015-06-11,0.00173711675652813,0.03217239043618919,33,318,25,0,318
2015-06-12,-0.0070188746531027,0.2613923108373355,36,278,25,0,278
2015-06-15,-0.00463328962177135,0.3297721145328764,34,302,26,0,302
2015-06-16,0.0056737305157538,0.27771507886872215,27,208,18,0,208
2015-06-17,0.00197768439507284,0.3368049144858863,42,382,35,0,382
2015-06-18,0.00985400005400884,0.14941864683860331,30,262,23,0,262
2015-06-19,-0.00531761523794962,0.1949896837731002,36,226,23,0,226
2015-06-22,0.00607636798154212,0.19483150338503316,26,225,18,0,225
2015-06-23,6.3566642519338e-4,0.1840800121999304,35,242,21,0,242
2015-06-24,-0.00738046571830526,0.26354412633356533,45,331,32,0,331
2015-06-25,-0.00297800415659641,0.23067063224776316,42,314,30,0,314
2015-06-26,-3.9015574492238e-4,0.24938600127979255,39,265,26,0,265
2015-06-29,-0.0210869695086115,0.3322382215377209,35,328,27,0,328
2015-06-30,0.00265496235246741,0.28000870009418577,50,436,38,0,436
2015-07-01,0.00691209643463704,0.22141038348565464,39,318,28,0,318
2015-07-02,-3.0807018954653e-4,0.19777125123382963,47,294,26,0,294
2015-07-06,-0.00386923269889742,0.2940751252543374,29,184,17,0,184
2015-07-07,0.00606256059386874,0.2525303506766001,44,313,26,0,313
2015-07-08,-0.0167929649121415,0.3840996128392919,49,346,31,0,346
2015-07-09,0.00225964764481999,0.30470347485035226,28,212,21,0,212
2015-07-10,0.0122629863850077,0.12173924273284266,37,276,24,0,276
2015-07-13,0.0110052685073552,0.23230685246110497,35,247,23,0,247
2015-07-14,0.00444327323650017,0.21405207834832257,40,275,26,0,275
2015-07-15,-7.3525630073728e-4,0.24157974282732336,36,336,28,0,336
2015-07-16,0.00798273344447574,0.10738152883676512,31,242,22,0,242
2015-07-17,0.00110557162445071,-0.00618452193947242,35,380,28,0,380
2015-07-20,7.709366240016e-4,0.10957454489723134,26,235,20,0,235
2015-07-21,-0.00427079624272309,0.141624717894428,31,296,27,0,296
2015-07-22,-0.00239056502019028,0.22822561118368023,27,275,23,0,275
2015-07-23,-0.00569221021137945,0.25249456678797927,34,295,26,0,295
2015-07-24,-0.0107610206966612,0.24538714852600163,37,309,30,0,309
2015-07-27,-0.00579175506506418,0.2874142261540068,28,265,25,0,265
2015-07-28,0.0123100738018894,0.1851845027449599,32,253,25,0,253
2015-07-29,0.00729214292738368,0.14120446023007388,40,351,30,0,351
2015-07-30,2.83669040223681e-5,0.2088691203035913,28,266,24,0,266
2015-07-31,-0.00227410380105171,0.09105428032489726,32,329,25,0,329
2015-08-03,-0.00276069394490455,0.261683703872881,29,299,25,0,299
2015-08-04,-0.00225223916693287,0.1875698831072077,25,256,21,0,256
2015-08-05,0.00310983818549068,0.09093031491483412,31,361,29,0,361
2015-08-06,-0.00778319592256214,0.2397036880623394,30,324,27,0,324
2015-08-07,-0.00287902285633771,0.3450909700878928,29,299,24,0,299
2015-08-10,0.0127268356320251,0.14449372637023475,37,334,32,0,334
2015-08-11,-0.00960306468018227,0.21254506348299665,35,406,30,0,406
2015-08-12,9.4960363821469e-4,0.23027054450398785,39,359,31,0,359
2015-08-13,-0.0012760258683812,0.1982469144488939,22,233,18,0,233
2015-08-14,0.00390433227435914,0.2033500867823809,37,269,25,0,269
2015-08-17,0.00519789170940295,0.17605197261461095,24,208,19,0,208
2015-08-18,-0.0026289829356331,0.24491735561484043,24,225,21,0,225
2015-08-19,-0.00828913640959711,0.2853445163520519,30,258,24,0,258
2015-08-20,-0.0213259604541462,0.28074661336540885,32,280,25,0,280
2015-08-21,-0.0323692425218782,0.261766747202157,47,485,39,0,485
2015-08-24,-0.0402114443465193,0.2468875451662133,71,587,56,0,587
2015-08-25,-0.0136142497426559,0.13704554213430076,51,539,42,0,539
2015-08-26,0.0382912994345316,0.1944969565441473,48,461,42,0,461
2015-08-27,0.02400725448969,0.07624967765766016,39,332,27,0,332
2015-08-28,6.0855115687621e-4,0.07729641624745306,43,370,28,0,370
2015-08-31,-0.00842707866398405,0.23388646965516577,24,249,21,0,249
2015-09-01,-0.030022649842428,0.3655363894547525,37,341,34,0,341
2015-09-02,0.0181276714232146,0.19245550172447967,34,353,32,0,353
2015-09-03,0.00116411569941889,0.18136493431398107,38,296,31,0,296
2015-09-04,-0.0154483087542762,0.32950225519911885,39,393,34,0,393
2015-09-08,0.0247736371970385,0.255073130560609,26,285,24,0,285
2015-09-09,-0.0139950357690847,0.2268595207258386,32,300,27,0,300
2015-09-10,0.00526407544493566,0.21612366905889036,29,302,26,0,302
2015-09-11,0.00447700644498628,0.3213073956761946,40,359,35,0,359
2015-09-14,-0.00409804122304381,0.39098273266960554,30,294,24,0,294
2015-09-15,0.0127496876314324,0.25826019344623835,22,211,20,0,211
2015-09-16,0.0086677407153759,0.327956298648408,33,364,30,0,364
2015-09-17,-0.0025643444425601,0.3336547076290909,62,573,50,0,573
2015-09-18,-0.0162962309543835,0.35985615747758065,46,378,38,0,378
2015-09-21,0.0045553920336727,0.42224353100412854,34,362,31,0,362
2015-09-22,-0.0123949300193783,0.49537658558369446,49,492,44,0,492
2015-09-23,-0.00205074422959395,0.43129009130539736,42,421,39,0,421
2015-09-24,-0.00336865187130644,0.41226294461604474,35,280,27,0,280
2015-09-25,-4.6590180122054e-4,0.2793030558968894,40,357,32,0,357
2015-09-28,-0.0260012111628091,0.27877660809854904,39,367,33,0,367
2015-09-29,0.00123209391298171,0.23035608247543377,45,354,32,0,354
2015-09-30,0.0188958986035651,0.25153390581734764,46,433,37,0,433
2015-10-01,0.00197193867833717,0.24182072976638175,41,365,31,0,365
2015-10-02,0.0142137930164055,0.23472748658704487,33,310,25,0,310
2015-10-05,0.0181245935185022,0.13419195977704865,35,370,27,0,370
2015-10-06,-0.0035946893441433,0.20769809190283128,39,366,34,0,366
2015-10-07,0.00800351985755276,0.1591716849271996,26,249,21,0,249
2015-10-08,0.00877978014455849,0.2342794552528992,39,347,32,0,347
2015-10-09,7.2484856051535e-4,0.19566785711839868,52,461,45,0,461
2015-10-12,0.00127466447733284,0.25639235904257957,34,335,31,0,335
2015-10-13,-0.00684882369012708,0.300007705263292,26,251,23,0,251
2015-10-14,-0.00472743091193914,0.26945629573234137,38,431,34,0,431
2015-10-15,0.0147435513513551,0.15894550359647336,29,321,26,0,321
2015-10-16,0.00456006137369702,0.2095475379776516,46,445,36,0,445
2015-10-19,2.7050894387306e-4,0.3294827743499939,35,385,33,0,385
2015-10-20,-0.00142210105589376,0.18656346222435655,35,363,32,0,363
2015-10-21,-0.00584244891113425,0.20629847339088364,35,429,33,0,429
2015-10-22,0.0164908470125941,0.1758993948800101,30,334,28,0,334
2015-10-23,0.0109699539690428,-0.01143883683835156,40,389,33,0,389
2015-10-26,-0.00191493300110011,0.2593351990915835,25,278,23,0,278
2015-10-27,-0.00255738586508774,0.2079783097629283,39,408,32,0,408
2015-10-28,0.0117704884881435,0.23737629256849627,31,279,26,0,279
2015-10-29,-4.4987538066072e-4,0.20956639506155625,25,271,22,0,271
2015-10-30,-0.00482148168842543,0.15588276402960563,29,247,23,0,247
2015-11-02,0.0118038763388146,0.13270484892503495,24,224,20,0,224
2015-11-03,0.00272435292506752,0.0870689998178191,27,268,24,0,268
2015-11-04,-0.00355166693964719,0.16526689900950128,35,326,29,0,326
2015-11-05,-0.0011327897564983,0.18956496878209608,22,235,19,0,235
2015-11-06,-3.4768178002366e-4,0.03054545844335936,36,366,29,0,366
2015-11-09,-0.00987129065650251,0.26885449903375047,32,261,25,0,261
2015-11-10,0.00150945515344964,0.3212306757098607,36,466,33,0,466
2015-11-11,-0.00323330732156895,0.3865073280687812,31,299,29,0,299
2015-11-12,-0.0140891633366327,0.3210226089868229,29,254,23,0,254
2015-11-13,-0.0112706404321554,0.3044911103737635,37,360,29,0,360
2015-11-16,0.0147933027942344,0.33400627595761356,36,396,31,0,396
2015-11-17,-0.00134027701824657,0.05259476671261447,35,298,29,0,298
2015-11-18,0.0160332298771722,0.17777393286572382,30,306,26,0,306
2015-11-19,-0.0011237403289792,0.13528168136631516,37,378,32,0,378
2015-11-20,0.00380295528014942,0.08493115552030786,33,270,25,0,270
2015-11-23,-0.00123562384168409,0.25035444542050495,35,330,29,0,330
2015-11-24,0.00122124994496079,0.14281850147207562,22,182,19,0,182
2015-11-25,-1.2914061496715e-4,0.19281750515495477,19,173,16,0,173
2015-11-27,5.9344155948084e-4,0.3774134312682834,19,166,15,0,166
2015-11-30,-0.00465180013961844,0.2816178315784782,25,217,19,0,217
2015-12-01,0.0106239389467392,0.21982311855147904,33,280,27,0,280
2015-12-02,-0.0110565926394489,0.28795457901865934,39,318,29,0,318
2015-12-03,-0.0144778264441501,0.29759177950450755,33,344,29,0,344
2015-12-04,0.0203178563638512,0.14709220680421875,34,296,27,0,296
2015-12-07,-0.00701404396039775,0.2957426650391426,24,226,21,0,226
2015-12-08,-0.00651105262559455,0.4330076758799675,35,350,32,0,350
2015-12-09,-0.00776908636569273,0.3467904048544976,39,361,34,0,361
2015-12-10,0.00224885657859468,0.3402699451829297,48,552,46,0,552
2015-12-11,-0.0196138677558153,0.27991386682715086,41,325,30,0,325
2015-12-14,0.00474428806406802,0.2538685808147027,37,419,32,0,419
2015-12-15,0.0105625801059144,0.2088938447181135,30,298,28,0,298
2015-12-16,0.0144106356507715,0.13341260042152894,46,430,38,0,430
2015-12-17,-0.0151547766358763,0.1767369422652278,31,257,23,0,257
2015-12-18,-0.0179574950071069,0.280638302642258,29,217,22,0,217
2015-12-21,0.0077483067271562,0.16715205515834636,35,320,29,0,320
2015-12-22,0.00877809559156889,0.26132943003904074,36,346,30,0,346
2015-12-23,0.0123415965275539,0.08071331391411443,31,315,28,0,315
2015-12-24,-0.00159991540386332,0.4428093993434838,24,211,22,0,211
2015-12-28,-0.00218093645630602,0.2549915225987708,29,235,21,0,235
2015-12-29,0.0105736641730229,0.07624348974786699,29,250,25,0,250
2015-12-30,-0.00724339878377855,0.298843685158288,31,316,26,0,316
2015-12-31,-0.00945648504146785,0.24343290996039285,35,285,29,0,285
2016-01-04,-0.0154220417978059,0.2664551489773051,27,207,21,0,207
2016-01-05,0.00201020413935994,0.2601742513912828,38,330,33,0,330
2016-01-06,-0.013202163002626,0.31879279247920655,29,273,23,0,273
2016-01-07,-0.0239858165193448,0.2548940012287457,59,541,46,0,541
2016-01-08,-0.0108975374458479,0.17368866559118032,55,415,40,0,415
2016-01-11,8.5290829582267e-4,0.2684825458834114,42,421,36,0,421
2016-01-12,0.00777251411777486,0.11646385341720264,43,337,34,0,337
2016-01-13,-0.025282375077909,0.19157912322956763,49,354,36,0,354
2016-01-14,0.016558060934384,0.2015014468261777,43,410,37,0,410
2016-01-15,-0.0218357726981624,0.1834957566856154,59,506,45,0,506
2016-01-19,5.3168018742882e-4,0.23554397994718915,28,255,24,0,255
2016-01-20,-0.0117627660258984,0.2241904994328555,48,581,39,0,581
2016-01-21,0.00518198863594806,0.26728067768169894,57,524,47,0,524
2016-01-22,0.0200807268822135,0.05015604492509738,40,368,29,0,368
2016-01-25,-0.0157615451728215,0.26154966442094696,31,278,25,0,278
2016-01-26,0.0140452378303679,0.07469232946648306,54,495,46,0,495
2016-01-27,-0.0109229223005284,0.17941990014782166,49,426,40,0,426
2016-01-28,0.00551335071759152,0.22099431824440569,26,200,19,0,200
2016-01-29,0.0244586509945564,0.05920561248938994,38,299,30,0,299
2016-02-01,-4.433348455418e-4,0.35104818749247596,30,229,23,0,229
2016-02-02,-0.0189209687182314,0.15678730485244438,39,417,34,0,417
2016-02-03,0.00497962002157402,0.15857092658231078,43,413,37,0,413
2016-02-04,0.00152556829252344,0.11057851588839183,32,505,27,0,505
2016-02-05,-0.0186541582763518,0.26720100414483267,51,446,43,0,446
2016-02-08,-0.0142550579230573,0.2828495220471398,42,384,35,0,384
2016-02-09,-6.6384064676022e-4,0.23619641948599665,45,428,40,0,428
2016-02-10,-1.8896813076091e-4,0.20480770061818904,34,252,24,0,252
2016-02-11,-0.0123774473292562,0.18506382221918707,48,462,44,0,462
2016-02-12,0.019330015207046,0.1390773634280777,40,379,33,0,379
2016-02-16,0.0163817377416849,0.11794729636943278,30,262,26,0,262
2016-02-17,0.0163461106256413,0.08073802108599527,37,351,31,0,351
2016-02-18,-0.00467663212393471,0.17924240058422777,38,284,28,0,284
2016-02-19,-2.60332818018429e-5,0.19217277044124245,27,218,22,0,218
2016-02-22,0.0143507310990761,0.03177765102450256,33,319,30,0,319
2016-02-23,-0.0125325775707885,0.358191607295469,28,261,24,0,261
2016-02-24,0.00442996003463195,0.35164965011884514,31,278,27,0,278
2016-02-25,0.0112843667304508,0.14540605081856484,32,265,27,0,265
2016-02-26,-0.00187186532956465,0.08186900148890296,37,318,30,0,318
2016-02-29,-0.0081541310915717,0.1826315635786587,34,223,26,0,223
2016-03-01,0.0235883854016189,0.09022794725098766,39,300,32,0,300
2016-03-02,0.0040859498611017,0.02524016053838178,43,396,37,0,396
2016-03-03,0.00349263432031694,0.09666409854003828,35,344,29,0,344
2016-03-04,0.0033004398659417,0.06240589379349996,41,318,29,0,318
2016-03-07,8.8462280086394e-4,0.21043783825007267,32,303,28,0,303
2016-03-08,-0.0113037560560062,0.2366824771527684,27,229,24,0,229
2016-03-09,0.00503967278281425,0.23289613255051775,31,276,26,0,276
2016-03-10,1.5579279712262e-4,0.2640749145909373,29,253,23,0,253
2016-03-11,0.0162625455888515,0.11832747348140596,37,282,30,0,282
2016-03-14,-0.00126176861661175,0.1744691257499102,33,253,29,0,253
2016-03-15,-0.00183863093431796,0.29345703919448973,34,268,31,0,268
2016-03-16,0.0055847278817797,0.17964985426344976,41,280,32,0,280
2016-03-17,0.00657358306859632,0.09170019773371292,33,300,28,0,300
2016-03-18,0.00439596725102618,-0.01503944940744869,31,227,24,0,227
2016-03-21,9.850919042923e-4,0.15900768777854474,28,258,26,0,258
2016-03-22,-8.7777289677225e-4,0.20510843122610825,24,257,21,0,257
2016-03-23,-0.00640650953066712,0.14019758572491506,27,224,24,0,224
2016-03-24,-3.7814177937682e-4,0.13342594492362542,38,244,29,0,244
2016-03-28,5.4510688807235e-4,0.17208167533681262,24,148,18,0,148
2016-03-29,0.00877801205423741,0.20161736921623483,28,162,21,0,162
2016-03-30,0.00434087999356622,0.08190944720772678,40,307,35,0,307
2016-03-31,-0.00204184235962071,0.05950757963282446,31,222,27,0,222
2016-04-01,0.00631095906659976,0.08427401282824576,41,328,35,0,328
2016-04-04,-0.00321348004585462,0.1713115315023491,19,148,17,0,148
2016-04-05,-0.0101962984117945,0.16322093442400015,23,176,19,0,176
2016-04-06,0.0104527979320132,0.1599126184732153,27,223,22,0,223
2016-04-07,-0.0120480739700049,0.16894917207763216,33,257,27,0,257
2016-04-08,0.0027827026046165,-0.00767239449027101,32,222,24,0,222
2016-04-11,-0.00274354588960394,0.07347045321277561,31,200,25,0,200
2016-04-12,0.00961575388138997,0.07587104241247289,28,190,23,0,190
2016-04-13,0.0099900697685579,-0.17694946135254047,33,238,26,0,238
2016-04-14,1.7291243013242e-4,-0.01237931973098412,23,207,21,0,207
2016-04-15,-9.8476957614595e-4,0.20933641411923623,31,260,25,0,260
2016-04-18,0.00651972561379799,0.02549567961062665,31,221,26,0,221
2016-04-19,0.00307973790286653,-0.01048117050905367,27,158,20,0,158
2016-04-20,7.612550492345e-4,0.02852292792319298,43,311,40,0,311
2016-04-21,-0.00520756285729203,0.24400484048573373,26,192,24,0,192
2016-04-22,4.78585795407423e-5,0.11726770711131394,25,183,20,0,183
2016-04-25,-0.001813689620763,0.2143355063653005,21,167,18,0,167
2016-04-26,0.00187100017423693,0.04279406618224533,36,238,28,0,238
2016-04-27,0.00164799411174684,0.10781657114190547,41,337,33,0,337
2016-04-28,-0.00927363606156167,0.12384070209097035,29,202,24,0,202
2016-04-29,-0.00507594923055718,0.00621075070265567,33,250,26,0,250
2016-05-02,0.0077796066972441,0.1062487509722511,24,180,20,0,180
2016-05-03,-0.00871449938839589,0.11005088029993376,21,151,18,0,151
2016-05-04,-0.00595458270547255,0.14640088287082367,28,242,24,0,242
2016-05-05,-2.3903669279415e-4,0.06437962035294428,30,264,25,0,264
2016-05-06,0.00316961055355261,0.16139641814919514,32,205,24,0,205
2016-05-09,7.5321330760994e-4,0.21940950491989497,24,158,18,0,158
2016-05-10,0.0124063652360373,-0.07606984769518021,27,171,19,0,171
2016-05-11,-0.00960752287786872,0.14323177651062402,36,317,32,0,317
2016-05-12,-1.6947926796424e-4,0.12632879552741846,27,208,23,0,208
2016-05-13,-0.00851443416175248,0.08292116733719013,34,169,20,0,169
2016-05-16,0.00974897638961277,0.05441971581429243,25,191,21,0,191
2016-05-17,-0.00945586355216281,0.13807602663291618,32,245,26,0,245
2016-05-18,2.0515768640127e-4,0.31928441020762777,36,251,29,0,251
2016-05-19,-0.00371359452272062,0.2935200571362422,31,275,28,0,275
2016-05-20,0.00600145922280467,-0.03666055521794727,35,274,30,0,274
2016-05-23,-0.00208763656810169,0.2698806868745656,29,194,20,0,194
2016-05-24,0.0135886375339901,-0.02681948821243298,28,183,20,0,183
2016-05-25,0.00695052965158345,0.01927889228963683,31,239,27,0,239
2016-05-26,-2.1046604992859e-4,0.062308017869613,35,248,27,0,248
2016-05-27,0.00427769493943944,0.07778633376003727,31,232,25,0,232
2016-05-31,-0.00100576862058999,0.12391777878457848,22,198,18,0,198
2016-06-01,0.00113439865392619,0.08702475126645165,36,295,30,0,295
2016-06-02,0.0028206961669862,0.16714324567025565,24,186,21,0,186
2016-06-03,-0.00291606223669485,0.12589455870212987,25,168,21,0,168
2016-06-06,0.00488532851936362,0.07858553263940848,23,154,19,0,154
2016-06-07,0.00128861562919761,0.13158269457302854,28,217,24,0,217
2016-06-08,0.00330410197195472,0.10209418743889888,34,244,30,0,244
2016-06-09,-0.00171923559789381,0.0835925544351561,21,166,18,0,166
2016-06-10,-0.00921753241016612,0.13702405418111344,28,216,22,0,216
2016-06-13,-0.00814829878970948,0.20843706390482733,111,1091,108,0,1091
2016-06-14,-0.0018005050719719,0.289332555958979,21,185,18,0,185
2016-06-15,-0.0018424090638102,0.32196404405564455,29,212,24,0,212
2016-06-16,0.00312809311104557,0.27107632597433523,19,122,15,0,122
2016-06-17,-0.00326328414460892,0.13056834086993427,23,154,17,0,154
2016-06-20,0.0057913827784231,0.24530861705109905,24,172,21,0,172
2016-06-21,0.0027083906042097,0.17843291096020644,24,146,18,0,146
2016-06-22,-0.00165292899657585,0.22780433811971712,27,197,22,0,197
2016-06-23,0.0132755670719551,0.0742568254889597,45,184,23,0,184
2016-06-24,-0.0365807928055826,0.16525177232633173,66,422,40,0,422
2016-06-27,-0.0182622465117028,0.35929109742088866,30,176,23,0,176
2016-06-28,0.0176141216040879,0.01269276201725006,25,160,19,0,160
2016-06-29,0.0168892429712539,-0.00239369332196255,29,233,25,0,233
2016-06-30,0.0134738631494661,0.10593820504392638,33,251,25,0,251
2016-07-01,0.00194670629303202,0.0319212404750127,29,203,22,0,203
2016-07-05,-0.00687102898559872,0.26981681356410264,20,143,15,0,143
2016-07-06,0.00533868705827596,0.10317791567759936,33,289,24,0,289
2016-07-07,-8.71957886733e-4,0.16942203943229592,33,260,27,0,260
2016-07-08,0.0151381865659924,0.05566586757934577,37,269,27,0,269
2016-07-11,0.00340281931199824,-0.01580489146796199,42,300,35,0,300
2016-07-12,0.00698484230734572,-0.04342915789068987,48,395,41,0,395
2016-07-13,1.347586749817e-4,0.0827251676902441,35,260,28,0,260
2016-07-14,0.005245422801697,-0.01373337592710467,34,292,31,0,292
2016-07-15,-9.2937905987114e-4,0.0845935454480755,46,335,35,0,335
2016-07-18,0.00237946182186874,0.06984312264402807,34,269,32,0,269
2016-07-19,-0.00143620450041539,0.16435433521011775,37,302,34,0,302
2016-07-20,0.00426120831576399,-0.03709556907513713,37,308,33,0,308
2016-07-21,-0.00361906985652498,0.13868230380788138,34,288,29,0,288
2016-07-22,0.0045436267895102404,0.10598304801801292,38,295,32,0,295
2016-07-25,-0.0030160187399297,0.1475769909005836,26,234,23,0,234
2016-07-26,3.2273216071941e-4,0.06127677265216003,22,160,18,0,160
2016-07-27,-0.00119926094680864,0.09494846434598522,35,266,29,0,266
2016-07-28,0.00160492044809245,0.21264596899732904,31,210,25,0,210
2016-07-29,0.00162998011765786,0.05436716963359846,34,224,25,0,224
2016-08-01,-0.00127059414749106,0.19704631981081688,26,198,21,0,198
2016-08-02,-0.00638194081266767,0.1842357519322611,33,229,26,0,229
2016-08-03,0.0031290427160711,-0.03826191685283962,23,171,20,0,171
2016-08-04,2.1254929948908e-4,0.07755197707142326,21,212,18,0,212
2016-08-05,0.00856669728938006,-0.0683943248995756,37,296,28,0,296
2016-08-08,-9.075772915416e-4,-0.03074907669797539,30,207,25,0,207
2016-08-09,3.8971798655598e-4,0.00414361884551388,28,184,22,0,184
2016-08-10,-0.00286879706348828,0.16218589976374964,36,298,33,0,298
2016-08-11,0.00472341510244364,0.12594860967208926,41,348,37,0,348
2016-08-12,-7.9636338691405e-4,0.082181383661061,35,263,29,0,263
2016-08-15,0.00278901629452177,-0.07389044584955887,28,196,22,0,196
2016-08-16,-0.00549414221647823,0.13624416728475808,28,174,23,0,174
2016-08-17,0.00186684600615557,0.17674940496292563,31,227,23,0,227
2016-08-18,0.00219720169638242,0.13773350599997988,24,215,21,0,215
2016-08-19,-0.00144130956876819,0.06436857313943059,26,184,21,0,184
2016-08-22,-5.634818833231e-4,0.2222389171467512,20,118,15,0,118
2016-08-23,0.00194986717836173,0.06579668168982106,29,190,23,0,190
2016-08-24,-0.00525405525967187,0.31869484841467277,33,229,28,0,229
2016-08-25,-0.00136616039664545,0.3598634092777502,41,335,37,0,335
2016-08-26,-0.00158006423871328,0.2222325248123311,34,231,25,0,231
2016-08-29,0.00521442842867435,0.02898229031186354,19,152,16,0,152
2016-08-30,-0.00195559140712278,0.3128054857203357,35,264,28,0,264
2016-08-31,-0.00237869110556261,0.26110431316732763,35,253,29,0,253
2016-09-01,-4.13853894114425e-5,0.3706267296139332,36,303,32,0,303
2016-09-02,0.00419224159903462,0.2494624804035993,30,198,22,0,198
2016-09-06,0.00297724237000535,0.11244377160303132,23,145,18,0,145
2016-09-07,-1.4639593829345e-4,0.3658202894621354,34,225,29,0,225
2016-09-08,-0.00222548819247029,0.25174289320621657,29,229,26,0,229
2016-09-09,-0.0248277424108364,0.14419549007594,31,244,22,0,244
2016-09-12,0.0145703872334344,0.15163882718082855,33,278,29,0,278
2016-09-13,-0.0149417482782108,0.21298034323391385,34,256,32,0,256
2016-09-14,-5.8784939981283e-4,0.1541328190554244,27,201,23,0,201
2016-09-15,0.0100585164494399,0.03974800024713788,28,240,25,0,240
2016-09-16,-0.0037794277955721,0.2034362410130071,38,261,30,0,261
2016-09-19,-1.8603233824686e-5,0.2822340356116183,25,200,23,0,200
2016-09-20,2.9909348423417e-4,0.2446964300612048,28,154,19,0,154
2016-09-21,0.010858000333636,0.19473718379506352,41,271,29,0,271
2016-09-22,0.00647875191764212,-0.03369563323940383,25,205,21,0,205
2016-09-23,-0.00575329295971878,0.08736178455365007,32,214,24,0,214
2016-09-26,-0.00862485011791605,0.2889893530277602,35,307,31,0,307
2016-09-27,0.00642349516529811,0.2625330666609939,44,341,36,0,341
2016-09-28,0.00528257660364246,0.1855736763120928,28,173,20,0,173
2016-09-29,-0.0093651277300812,0.13382503883849495,32,221,23,0,221
2016-09-30,0.0079363925880277,0.07917621209182674,27,184,21,0,184
2016-10-03,-0.00326602318152712,0.17632734216092483,31,230,27,0,230
2016-10-04,-0.004967881786362,0.13470378809506656,32,208,22,0,208
2016-10-05,0.00428748623119699,0.17501351646093938,26,176,20,0,176
2016-10-06,4.814438526045e-4,0.04793307294797463,24,138,17,0,138
2016-10-07,-0.0032587874416142,0.1764532575823698,26,190,21,0,190
2016-10-10,0.00459533031732439,0.08157268839022436,32,246,28,0,246
2016-10-11,-0.012524577697756,0.25452933116529103,28,179,21,0,179
2016-10-12,0.00114593220639882,0.25349444961204426,25,148,20,0,148
2016-10-13,-0.00310407641223399,0.22035926862320465,28,196,22,0,196
2016-10-14,2.0158415912115e-4,0.05427933531852128,24,149,17,0,149
2016-10-17,-0.00304261811184026,0.07728196163876228,19,122,16,0,122
2016-10-18,0.00614150560569863,-0.19513796795816984,34,219,29,0,219
2016-10-19,0.0021895721553505,-0.03983478386093069,27,194,22,0,194
2016-10-20,-0.00137667113138096,-0.03031701298223689,37,268,31,0,268
2016-10-21,-8.41451401547791e-5,0.05116910871152801,27,127,17,0,127
2016-10-24,0.00473859464742737,0.04710586781430086,33,269,29,0,269
2016-10-25,-0.00380495746470636,0.02141069999765377,41,341,35,0,341
2016-10-26,-0.00174192792118723,0.08984623110969552,25,147,18,0,147
2016-10-27,-0.00299119590600887,0.09652496133598366,35,230,28,0,230
2016-10-28,-0.00311314013962507,0.03587077051633969,27,180,21,0,180
2016-10-31,-1.2228388419855e-4,0.24538900273139863,17,105,13,0,105
2016-11-01,-0.00681001910873508,0.3149244798655556,39,299,31,0,299
2016-11-02,-0.006546884453454,0.27566623747469104,41,381,34,0,381
2016-11-03,-0.0044332130226094,0.1852631167540411,44,390,39,0,390
2016-11-04,-0.00166752027169296,0.18598088198698612,44,345,36,0,345
2016-11-07,0.0219801997294649,0.16570141290624937,33,297,30,0,297
2016-11-08,0.00376487839715753,0.15401361637966746,47,367,38,0,367
2016-11-09,0.011016119879656,0.10519883253090528,105,823,61,0,823
2016-11-10,0.0019488457160954,-0.06277850084718901,47,413,38,0,413
2016-11-11,-0.00139892834779761,-0.02113146481860894,32,223,26,0,223
2016-11-14,-1.1550945718323e-4,-0.01039219674037833,44,327,34,0,327
2016-11-15,0.00745295502208946,0.08857797127893718,32,256,27,0,256
2016-11-16,-0.00158351652237595,0.15289341510626778,29,301,24,0,301
2016-11-17,0.0046654693611979,0.25340251276840364,31,220,28,0,220
2016-11-18,-0.00238965136554844,-0.00386253753939883,31,253,24,0,253
2016-11-21,0.00743370207087388,-0.1359990052878857,23,153,18,0,153
2016-11-22,0.00216309110359305,0.0613326383754611,26,188,21,0,188
2016-11-23,8.076981569088e-4,0.0431949466932565,25,174,20,0,174
2016-11-25,0.00390674561342371,0.07172471590232678,26,190,22,0,190
2016-11-28,-0.00526838925473522,0.13316713005378217,26,220,21,0,220
2016-11-29,0.0013344023532619,0.1797486309294722,35,294,31,0,294
2016-11-30,-0.00265693055515639,0.1119382665917958,26,194,21,0,194
2016-12-01,-0.00352172296676381,0.05986841227577039,33,240,26,0,240
2016-12-02,3.9692772008462e-4,0.18335443944894136,39,243,30,0,243
2016-12-05,0.00580442692674367,-0.02553621172904968,25,233,22,0,233
2016-12-06,0.00340508446887461,0.08552819570865143,22,140,18,0,140
2016-12-07,0.0130773587447234,-0.03461130693807111,30,213,22,0,213
2016-12-08,0.0021570150168711,0.00723093936944173,36,278,32,0,278
2016-12-09,0.00592141853296971,0.1269625184359029,32,286,26,0,286
2016-12-12,-0.00113808229059952,0.06323968757081914,27,183,22,0,183
2016-12-13,0.00651848320123699,0.1475235495934863,29,213,25,0,213
2016-12-14,-0.00815029546185862,0.14190276176668704,44,341,27,0,341
2016-12-15,0.00387570768755357,0.18478007474914193,27,255,24,0,255
2016-12-16,-0.00175215675098024,0.14800131673303743,30,172,23,0,172
2016-12-19,0.00197317271521126,0.3002299995031745,26,229,24,0,229
2016-12-20,0.00363091240115275,0.04063318053958938,20,144,17,0,144
2016-12-21,-0.00246038572467767,0.129619942082522,26,221,22,0,221
2016-12-22,-0.0018647112223965,0.1444484315937958,26,196,22,0,196
2016-12-23,0.00125093253507924,0.2557417098786183,28,191,23,0,191
2016-12-27,0.00224584890454863,-0.16259854706004262,16,115,14,0,115
2016-12-28,-0.00839164070977152,0.02841155739856491,19,99,13,0,99
2016-12-29,-2.9334773186837e-4,0.11921492610902835,18,150,16,0,150
2016-12-30,-0.00464783469685423,0.18913682443962895,29,205,22,0,205
2017-01-03,0.00845076675315711,0.06428777443104011,26,115,17,0,115
2017-01-04,0.00570596377054944,0.0443112775683403,31,205,24,0,205
2017-01-05,-7.7096760248118e-4,0.2954687107160377,30,211,24,0,211
2017-01-06,0.00351078918057906,0.179345307165123,36,285,28,0,285
2017-01-09,-0.00355490547155963,0.17172527468681115,34,280,30,0,280
2017-01-10,0,0.1362979366386946,33,221,23,0,221
2017-01-11,0.00282564238910195,0.18831271874411712,41,301,31,0,301
2017-01-12,-0.00214711239372962,0.33808042821791867,44,404,39,0,404
2017-01-13,0.00184813139514666,-0.077824287580033,27,160,19,0,160
2017-01-17,-0.00297191445621845,0.2122117761753341,27,160,21,0,160
2017-01-18,0.00176220046980932,0.21109339680697303,28,189,22,0,189
2017-01-19,-0.00361583762431937,0.1579267862817329,33,260,26,0,260
2017-01-20,0.00336058406129994,0.14247911976593913,33,224,26,0,224
2017-01-23,-0.00269374964606981,0.29906086392683634,41,279,31,0,279
2017-01-24,0.00654314052896232,0.15482030067590433,30,244,27,0,244
2017-01-25,0.00799405279596868,-0.09908966630549304,48,464,43,0,464
2017-01-26,-7.356549352631e-4,-0.03892936896194111,33,238,25,0,238
2017-01-27,-8.6683948974159e-4,0.05728710785179453,34,288,27,0,288
2017-01-30,-0.00602767349609665,0.25724604532027756,27,221,23,0,221
2017-01-31,-8.9030160803254e-4,0.08996671326773746,42,324,33,0,324
2017-02-01,2.9831898811629e-4,0.00266490996201073,29,212,22,0,212
2017-02-02,5.7014683869101e-4,0.09095967062728896,29,224,25,0,224
2017-02-03,0.00723849685455361,0.07446596693679146,41,370,33,0,370
2017-02-06,-0.0021175975137091,0.05583950671245388,21,148,19,0,148
2017-02-07,2.2680346384577e-4,0.06250357999603941,22,155,19,0,155
2017-02-08,6.9308214860963e-4,0.20545702259251436,34,297,32,0,297
2017-02-09,0.00573606373596025,-0.00370599025336559,32,248,26,0,248
2017-02-10,0.00355970682200909,-0.0091269283830815,26,153,19,0,153
2017-02-13,0.0052321335840112004,0.02504091050870942,33,262,29,0,262
2017-02-14,0.00399932719567258,0.2033304548531305,52,451,46,0,451
2017-02-15,0.00497988866573445,0.2549169452017727,37,322,31,0,322
2017-02-16,-8.6449160155016e-4,0.14024998743641642,36,268,29,0,268
2017-02-17,0.00167714932723716,0.06410769426923556,30,204,23,0,204
2017-02-21,0.00602985002006915,-0.02662933821027929,22,144,17,0,144
2017-02-22,-0.00108278614680409,0.23752331620060085,21,172,18,0,172
2017-02-23,4.1889897125923e-4,0.14697866254177702,37,219,24,0,219
2017-02-24,0.00149225023203165,0.1587208298524274,24,131,16,0,131
2017-02-27,0.00101746526773366,0.1761817427468486,23,162,17,0,162
2017-02-28,-0.00258170611519491,0.3428020915413402,33,267,27,0,267
2017-03-01,0.0135812110837253,0.16618009409338066,55,413,38,0,413
2017-03-02,-0.00587711697210527,0.00138646294764275,29,216,25,0,216
2017-03-03,5.0375036853479e-4,0.1967880353709129,37,264,30,0,264
2017-03-06,-0.00328262276356581,0.2830615712854734,26,174,20,0,174
2017-03-07,-0.00291762590208988,0.4115991750544298,31,287,28,0,287
2017-03-08,-0.0022868279640639,0.2800628371114726,40,400,36,0,400
2017-03-09,7.9957561276638e-4,0.19182577154850416,41,352,36,0,352
2017-03-10,0.00326333970585854,0.07549434766794244,30,170,21,0,170
2017-03-13,3.6656561916963e-4,0.2039138162063965,27,168,21,0,168
2017-03-14,-0.003384748980891,0.3189101562287154,24,165,21,0,165
2017-03-15,0.00833987912468637,0.22750911989634107,36,363,31,0,363
2017-03-16,-0.00162803479918361,-0.01190432071069319,22,178,19,0,178
2017-03-17,-0.00131517926423144,0.3571843688252903,42,294,36,0,294
2017-03-20,-0.00201191608038029,0.2839537910041889,22,134,16,0,134
2017-03-21,-0.0124855945901021,0.2367113655528579,39,302,31,0,302
2017-03-22,0.00188810284746267,0.21519605087650115,53,448,45,0,448
2017-03-23,-0.00106083214483008,0.26210263225281477,48,434,40,0,434
2017-03-24,-8.4435221393848e-4,0.21971631793236995,52,456,42,0,456
2017-03-27,-0.00102010758584563,0.25497983949899206,40,260,30,0,260
2017-03-28,0.00722530882962395,0.20122481773917875,30,275,25,0,275
2017-03-29,0.00108473620383017,0.1365947520058729,33,260,27,0,260
2017-03-30,0.00293081091170501,0.12203547176502,26,272,24,0,272
2017-03-31,-0.00225759393826682,0.16998651146222354,29,210,22,0,210
2017-04-03,-0.00164347530801333,0.22192044426836735,21,161,17,0,161
2017-04-04,5.5936607466137e-4,0.27089930139805396,18,109,14,0,109
2017-04-05,-0.00305953681152212,0.1021850925775046,24,112,15,0,112
2017-04-06,0.00192765029373499,0.09631801579835944,23,201,21,0,201
2017-04-07,-8.2747246294487e-4,0.13069136134817244,42,306,33,0,306
2017-04-10,6.8745013578327e-4,0.18177471919757823,22,149,18,0,149
2017-04-11,-0.00143490829195828,0.18600074991611665,23,142,16,0,142
2017-04-12,-0.00376703741898691,0.1879066107564237,30,231,25,0,231
2017-04-13,-0.00683802028980422,0.032345964869819,32,233,24,0,233
2017-04-17,0.00857646569110729,0.01927988150238775,25,175,21,0,175
2017-04-18,-0.00290760284583325,0.09525773612819778,28,232,24,0,232
2017-04-19,-0.00171782539686857,0.1166580894507071,27,182,22,0,182
2017-04-20,0.00752885036297385,0.01997843136268784,24,179,20,0,179
2017-04-21,-0.00303968810711538,0.06334241324969168,28,207,18,0,207
2017-04-24,0.0107817365881118,-0.03070266353380349,27,200,22,0,200
2017-04-25,0.00607221421175118,0.05896758501573155,39,325,35,0,325
2017-04-26,-4.8582147568735e-4,-0.04205303452512122,44,323,37,0,323
2017-04-27,5.527670002992e-4,0.05503528592323294,42,436,38,0,436
2017-04-28,-0.00191497947149004,0.10451198715018108,40,344,35,0,344
2017-05-01,0.00173079182689383,0.1855317746521905,32,212,27,0,212
2017-05-02,0.00118834358581153,0.11835394643680452,45,396,39,0,396
2017-05-03,-0.00127216939582739,0.12816728116922604,32,266,29,0,266
2017-05-04,5.8193328786954e-4,0.15715661672099182,36,302,30,0,302
2017-05-05,0.00408035940747836,-0.04547384913478579,28,202,20,0,202
2017-05-08,3.7445271907879e-5,0.14693364796526379,34,282,30,0,282
2017-05-09,-0.00102577455679322,-0.0852636463683227,29,205,26,0,205
2017-05-10,0.00112996271744947,0.3170686163743085,40,375,34,0,375
2017-05-11,-0.00216515137410662,0.2517465152378656,33,286,29,0,286
2017-05-12,-0.00147953534079426,0.2853631749573207,43,415,37,0,415
2017-05-15,0.00476514230301523,0.25547448640814185,41,442,37,0,442
2017-05-16,-6.8713303698604e-4,0.178966470019923,43,334,33,0,334
2017-05-17,-0.018345468171115,0.27695242252349006,55,453,42,0,453
2017-05-18,0.00368003862721595,0.17835229784778076,59,471,48,0,471
2017-05-19,0.0067447032082007,0.08104808209016202,39,279,28,0,279
2017-05-22,0.00514686329600843,0.1742323378343356,29,219,24,0,219
2017-05-23,0.00183618517238041,0.2611626163634355,30,236,24,0,236
2017-05-24,0.00248603380457629,0.08092246204614639,26,133,16,0,133
2017-05-25,0.00443211204197817,0.03775455591077095,34,261,27,0,261
2017-05-26,3.1050178530242e-4,0.06653748834671985,35,321,28,0,321
2017-05-30,-0.00120535072953382,0.19252091675562868,22,135,16,0,135
2017-05-31,-4.6007461995132e-4,0.11224165232987468,43,319,34,0,319
2017-06-01,0.00754259558484722,0.10696302449929546,31,227,23,0,227
2017-06-02,0.00370087461804602,-0.01234404470080569,31,201,22,0,201
2017-06-05,-0.00121840714042864,0.2968222810234659,27,229,23,0,229
2017-06-06,-0.00278290866620408,0.4690905472743907,22,163,19,0,163
2017-06-07,0.00156702879634754,0.2900804519979283,25,157,16,0,157
2017-06-08,2.6716903566476e-4,0.31026774380588906,30,189,21,0,189
2017-06-09,-8.3033386618727e-4,0.1808100000358909,39,237,26,0,237
2017-06-12,-9.7924247971811e-4,0.21885931045315893,28,228,23,0,228
2017-06-13,0.00450135884323014,0.16509848991739312,37,256,32,0,256
2017-06-14,-9.963269653176e-4,0.16310941493547698,37,283,28,0,283
2017-06-15,-0.00224210979684037,0.2052055278697177,24,179,20,0,179
2017-06-16,2.8359915005969e-4,0.16777232108124268,39,318,29,0,318
2017-06-19,0.008312583206894,-0.06467560087812357,29,171,20,0,171
2017-06-20,-0.00671916044693166,0.3222665630343657,39,309,34,0,309
2017-06-21,-5.8281419327159e-4,0.21458109694326089,45,380,34,0,380
2017-06-22,-4.5588597243808e-4,0.16950869034880248,39,322,30,0,322
2017-06-23,0.0015596985554091,0.02967463794982794,33,190,20,0,190
2017-06-26,3.1575193973236e-4,0.06483561214473513,27,181,18,0,181
2017-06-27,-0.00810558657567291,0.2387866058231642,45,423,35,0,423
2017-06-28,0.00876950164655108,0.20004219897317752,36,292,28,0,292
2017-06-29,-0.00863721684414135,0.04058869382715784,40,280,31,0,280
2017-06-30,0.00153205761087353,0.04558974680387311,36,269,27,0,269
2017-07-03,0.00230816797914758,-0.09679170680017424,26,158,18,0,158
2017-07-05,0.0014522240362887,0.16604692129225568,29,165,21,0,165
2017-07-06,-0.00941298730686618,0.2519295320427045,25,168,18,0,168
2017-07-07,0.0063827125696158,0.0507885237057053,32,235,23,0,235
2017-07-10,9.2733610351256e-4,-0.07493003528742563,21,162,16,0,162
2017-07-11,-7.8298706608217e-4,0.3596045894283352,29,264,24,0,264
2017-07-12,0.00727905094782143,0.1701565133407712,24,131,16,0,131
2017-07-13,0.00187282947347306,0.01769813924883714,21,157,18,0,157
2017-07-14,0.00466261617000923,0.11566816819140512,40,299,30,0,299
2017-07-17,-5.29142367068642e-5,0.23527274265641743,54,418,50,0,418
2017-07-18,5.9767869811098e-4,0.1150130816723073,38,317,33,0,317
2017-07-19,0.00535825821605345,-0.00200207543829968,42,249,29,0,249
2017-07-20,-1.5367108860704e-4,0.02328900153831152,36,232,27,0,232
2017-07-21,-3.6793932920888e-4,0.135124613581679,39,301,30,0,301
2017-07-24,-0.0010643009954088,0.18451635992866663,34,250,28,0,250
2017-07-25,0.00291890751989803,-0.02040038761546517,41,309,33,0,309
2017-07-26,2.8262400611948e-4,0.07416827813204792,45,336,35,0,336
2017-07-27,-9.7316163739371e-4,0.08239069269014483,48,363,39,0,363
2017-07-28,-0.00134201567811604,0.0774001952430064,33,272,26,0,272
2017-07-31,-7.284108345598e-4,0.0556380821752452,31,239,24,0,239
2017-08-01,0.00244612077493847,-0.0803714273559178,28,195,22,0,195
2017-08-02,4.9252740734745e-4,-0.20949854312295263,33,284,27,0,284
2017-08-03,-0.00218604183494567,0.09610712824009912,27,195,22,0,195
2017-08-04,0.00188732141753957,0.00890766112613217,34,303,28,0,303
2017-08-07,0.00164584464428047,-0.07114987536000886,21,157,18,0,157
2017-08-08,-0.00241735223038534,-0.01431115702898414,27,184,21,0,184
2017-08-09,-3.6367479271237e-4,0.1644865716408406,35,304,31,0,304
2017-08-10,-0.0145802184007415,0.2256351543020663,39,313,31,0,313
2017-08-11,0.00127475712798714,0.22435339281542432,45,464,38,0,464
2017-08-14,0.0099936512460494,0.1524891246886303,30,215,25,0,215
2017-08-15,-4.9893232688349e-4,0.03379694257791225,26,214,23,0,214
2017-08-16,0.00141909552333237,0.21089876779693773,33,240,26,0,240
2017-08-17,-0.0155573424871914,0.19683926017789513,38,228,26,0,228
2017-08-18,-0.00183705366135199,0.20722457606545783,52,466,42,0,466
2017-08-21,0.0011619757145662,0.2835632303543389,25,213,22,0,213
2017-08-22,0.00989169526062508,0.00914827335093702,28,214,24,0,214
2017-08-23,-0.00345957013263901,0.3452738884779801,37,374,33,0,374
2017-08-24,-0.00207661674713844,0.1605833550915122,20,179,18,0,179
2017-08-25,0.00167147166893742,0.09375725276768208,30,203,21,0,203
2017-08-28,4.8695347329607e-4,0.0072045472434497,29,211,22,0,211
2017-08-29,8.4246676200979e-4,0.15051407325598928,27,204,19,0,204
2017-08-30,0.00460453178806104,0.1388553952641641,21,148,17,0,148
2017-08-31,0.00570467358471354,0.08693670413318884,27,219,24,0,219
2017-09-01,0.0019805780423352,-0.00852988439652583,23,175,18,0,175
2017-09-05,-0.00757945855214493,0.2801298158204493,27,242,22,0,242
2017-09-06,0.00312384249314413,0.085861520583017,36,328,31,0,328
2017-09-07,-1.784520448537e-4,0.19768563255396052,24,208,21,0,208
2017-09-08,-0.0014899601434577,0.15992260089394852,26,229,20,0,229
2017-09-11,0.010780975197147,-0.01791851583402604,31,213,24,0,213
2017-09-12,0.00335830259488311,-0.00477064805379949,39,294,35,0,294
2017-09-13,7.5683424808252e-4,0.03978453722337018,23,182,19,0,182
2017-09-14,-0.00110132385082797,0.12899624641842977,23,146,18,0,146
2017-09-15,0.00184547754615935,0.07405819178130778,31,214,21,0,214
2017-09-18,0.00145486192912933,0.18135012872045156,37,286,31,0,286
2017-09-19,0.00110957961673139,0.1799488158190045,29,273,27,0,273
2017-09-20,6.3414670230943e-4,0.2076577387439708,33,209,24,0,209
2017-09-21,-0.00305056594691483,0.306137153878808,28,273,25,0,273
2017-09-22,6.4758399516702e-4,0.11740509882569312,25,183,19,0,183
2017-09-25,-0.00222452269985386,0.22712257027626037,25,208,21,0,208
2017-09-26,7.21641258948793e-5,0.24693040395671104,35,318,28,0,318
2017-09-27,0.00407682240198792,-0.04034524277141407,26,172,20,0,172
2017-09-28,0.00120389062893803,0.15426458065329435,28,243,25,0,243
2017-09-29,0.00369826306849883,0.11352821351756574,40,314,33,0,314
2017-10-02,0.00386651882971231,-0.02342477140840716,26,205,20,0,205
2017-10-03,0.00215651118466092,0.09787987282750411,26,172,21,0,172
2017-10-04,0.00124594366111364,0.22821552966043407,34,214,26,0,214
2017-10-05,0.00563090403129274,0.15233011648615502,32,217,26,0,217
2017-10-06,-0.00107421116523972,0.15986462047142194,43,332,35,0,332
2017-10-09,-0.00180606386801356,0.17425696765608986,28,276,26,0,276
2017-10-10,0.00231971963047806,0.00485057150945067,24,196,21,0,196
2017-10-11,0.00180188292966356,0.12133551722271713,27,210,23,0,210
2017-10-12,-0.00168817712035139,0.03765556997968815,20,127,15,0,127
2017-10-13,8.777220048463e-4,0.05970705698790221,29,232,22,0,232
2017-10-16,0.00174922253230575,0.06263395973096172,26,157,19,0,157
2017-10-17,6.7235290543399e-4,-0.00621126652675167,29,211,23,0,211
2017-10-18,7.4205951132954e-4,0.00245716962464419,28,248,25,0,248
2017-10-19,3.2794411501048e-4,0.20573604677338153,32,289,28,0,289
2017-10-20,0.00510379618503039,-0.02215536248487686,28,205,22,0,205
2017-10-23,-0.0039803953129972,0.12421691540676431,39,335,35,0,335
2017-10-24,0.00161660087455804,-0.03345251243029322,35,278,31,0,278
2017-10-25,-0.00467395568725998,0.22894207329838537,25,190,22,0,190
2017-10-26,0.0012701392506024,-0.06216813480326285,48,421,44,0,421
2017-10-27,0.0080406099797271,-0.12772272645524935,30,210,22,0,210
2017-10-30,-0.00319757737674072,0.4328725574909746,52,541,48,0,541
2017-10-31,9.4401293667931e-4,-0.04306816174225374,22,180,18,0,180
2017-11-01,0.00159084410790387,0.01880983387558157,38,250,26,0,250
2017-11-02,1.8994776966671e-4,0.2537181616784476,47,459,42,0,459
2017-11-03,0.00309228932631439,0.02637281132489949,46,397,38,0,397
2017-11-06,0.00127044388477643,0.04805284537724219,24,190,19,0,190
2017-11-07,-1.8912080508191e-4,0.2700585361544654,36,329,30,0,329
2017-11-08,0.00144261393206041,0.16757416422797178,32,250,28,0,250
2017-11-09,-0.00376898133937014,0.0619385001124241,39,335,34,0,335
2017-11-10,-8.9804697605371e-4,0.03666966729146866,34,364,33,0,364
2017-11-13,9.8315091129303e-4,0.20750218520656097,35,320,30,0,320
2017-11-14,-0.00231228056028192,0.18725482261571516,18,137,15,0,137
2017-11-15,-0.00554099874212361,0.22073537720383943,28,183,22,0,183
2017-11-16,0.0081626527829724,0.095462775126385,31,263,27,0,263
2017-11-17,-0.0026294169788974,0.12462365185274392,28,227,23,0,227
2017-11-20,0.00127486988879011,0.3215736086443512,34,271,30,0,271
2017-11-21,0.0065198388797527,-0.01623539601860102,24,150,19,0,150
2017-11-22,-7.5054270332954e-4,0.02421437203884124,26,217,22,0,217
2017-11-24,0.00205398427823197,-0.10977569470802943,18,109,13,0,109
2017-11-27,-3.8433158680325e-4,0.01508255837389322,34,239,25,0,239
2017-11-28,0.00980033219679364,0.20719208562116945,44,357,35,0,357
2017-11-29,-3.6929388279077e-4,0.13300700310799407,41,379,32,0,379
2017-11-30,0.00815758666281117,0.0902178766405476,35,297,27,0,297
2017-12-01,-0.00202658293580533,0.3030635212057956,47,363,40,0,363
2017-12-04,-0.00105271054928645,-0.02695276754509125,28,209,21,0,209
2017-12-05,-0.00374639052595531,0.09945879418768788,35,259,25,0,259
2017-12-06,-1.1411217053035e-4,0.31948256155469845,38,279,32,0,279
2017-12-07,0.00292806701010939,0.04079851776477881,25,205,23,0,205
2017-12-08,0.00549120203551814,-0.01410125021045262,28,228,23,0,228
2017-12-11,0.00319684212169583,0.1881918500932842,41,383,34,0,383
2017-12-12,0.00154772372208952,0.23785090165938527,32,243,26,0,243
2017-12-13,-4.7306897015018e-4,0.1233492893607993,38,312,28,0,312
2017-12-14,-0.00407916773076268,0.09019503118242542,23,145,18,0,145
2017-12-15,0.00893431341014276,0.12037726693919729,35,260,29,0,260
2017-12-18,0.00534847857959759,0.08781384744529183,26,190,23,0,190
2017-12-19,-0.0032354980431185,0.07161905924420289,29,276,26,0,276
2017-12-20,-8.2823607357256e-4,-0.0268243276063473,31,253,25,0,253
2017-12-21,0.0019836870126584,0.10292449503542617,33,251,27,0,251
2017-12-22,-4.5827163811375e-4,0.08762155154942196,22,174,17,0,174
2017-12-26,-0.00105897570005857,0.17017579132133456,19,109,14,0,109
2017-12-27,7.9062831024226e-4,0.13463279701567157,19,129,17,0,129
2017-12-28,0.00183231900291956,-0.02868027191980218,20,145,17,0,145
2017-12-29,-0.0051966322927483,0.134249800891285,31,313,26,0,313
2018-01-02,0.00826907821839813,-0.08885764508228627,45,519,41,0,519
2018-01-03,0.00637843324393603,-0.0215838944851911,57,598,53,0,598
2018-01-04,0.00402054285532699,-0.13443269218667864,50,466,46,0,466
2018-01-05,0.00700914588858535,-0.01020603795119257,48,368,42,0,368
2018-01-08,0.00166096376729698,-0.09496545471017924,57,939,52,0,939
2018-01-09,0.00130208351729842,0.1174267422972924,59,541,55,0,541
2018-01-10,-0.00111284581152069,0.1067003674545251,54,732,50,0,732
2018-01-11,0.00700902576888202,0.05255309521921029,39,263,35,0,263
2018-01-12,0.00672692639909403,-0.03339711321858227,58,417,52,0,417
2018-01-16,-0.00353071326160267,-0.01809129414765515,51,334,44,0,334
2018-01-17,0.00937100620650209,-0.03616652867850988,38,237,35,0,237
2018-01-18,-0.00161769749747362,0.27119370138031873,44,323,39,0,323
2018-01-19,0.00437564798699016,0.12918159736870496,51,417,44,0,417
2018-01-22,0.00803436438221324,0.07710981753924444,50,359,46,0,359
2018-01-23,0.00217200496822232,0.07599174443875319,46,313,41,0,313
2018-01-24,-5.6013254723204e-4,0.03294889268270412,43,288,40,0,288
2018-01-25,6.0243939883289e-4,0.05495541251651405,56,768,51,0,768
2018-01-26,0.0117716381060842,-0.07519785037094896,55,421,48,0,421
2018-01-29,-0.00675473628486303,0.20035202262040816,38,300,34,0,300
2018-01-30,-0.0109586428053371,0.2031117100479053,79,1133,73,0,1133
2018-01-31,4.8886585869478e-4,0.12454923744395656,61,525,57,0,525
2018-02-01,-6.4829835202332e-4,0.01009342581519832,60,515,56,0,515
2018-02-02,-0.0214366805166988,0.0239269952295309,74,871,65,0,871
2018-02-05,-0.0418425409383814,0.13354870766624835,111,1115,95,0,1115
2018-02-06,0.0172905733489371,0.14583816310453313,149,1153,129,0,1153
2018-02-07,-0.00501413822375263,0.08766265849677123,92,1037,85,0,1037
2018-02-08,-0.0382590522458017,0.15929059653405733,84,694,72,0,694
2018-02-09,0.0148256451995243,0.217968121383991,106,1208,94,0,1208
2018-02-12,0.0138186656781863,-0.08279496217279908,90,1262,84,0,1262
2018-02-13,0.00260952198027756,0.02671516920742912,75,721,69,0,721
2018-02-14,0.013313439808897,0.03862825181775926,77,933,73,0,933
2018-02-15,0.0119968617767753,0.02229425926678673,66,820,62,0,820
2018-02-16,3.7339964992169e-4,0.03597227171667327,64,567,59,0,567
2018-02-20,-0.00585851710683734,0.08599143388512889,42,279,39,0,279
2018-02-21,-0.00551166448331091,0.14851170073318165,55,490,52,0,490
2018-02-22,9.7307748557786e-4,0.10922503154373564,53,471,48,0,471
2018-02-23,0.015901278245121,0.03815625175590163,53,523,46,0,523
2018-02-26,0.0116884386206274,0.10730274428996656,43,297,40,0,297
2018-02-27,-0.0127883114414675,0.1367521569689174,64,487,56,0,487
2018-02-28,-0.0111578060836561,0.15766831954686877,57,442,54,0,442
2018-03-01,-0.0134139658548764,0.25013695909105343,56,472,51,0,472
2018-03-02,0.00505878548519855,0.2783995380506237,47,412,41,0,412
2018-03-05,0.0109716176105266,0.28523364539150453,67,711,58,0,711
2018-03-06,0.00263538293199681,0.28591247698258904,74,612,57,0,612
2018-03-07,-4.8399182571637e-4,0.29689316870652177,85,947,78,0,947
2018-03-08,0.00445314820888463,0.31105225501447736,65,726,57,0,726
2018-03-09,0.0172295467412076,0.1828823871937611,74,638,65,0,638
2018-03-12,-0.00127479733799842,0.39032235577568103,78,681,68,0,681
2018-03-13,-0.0063839104143147,0.41900647867204355,121,1069,102,0,1069
2018-03-14,-0.00574096982518879,0.5271865966340298,127,1170,118,0,1170
2018-03-15,-7.8223639909655e-4,0.3561453268944673,107,812,92,0,812
2018-03-16,0.00170199794723174,0.29934270060936435,94,959,83,0,959
2018-03-19,-0.0143060405413734,0.3298381676754678,73,738,67,0,738
2018-03-20,0.00148070866171893,0.23251722933364952,54,505,51,0,505
2018-03-21,-0.00184569212562941,0.3375322075506639,70,586,62,0,586
2018-03-22,-0.0254848869728544,0.3374303917642199,96,1072,82,0,1072
2018-03-23,-0.0211898073117507,0.35876976295939056,83,608,71,0,608
2018-03-26,0.0267950407060354,0.3268860784739276,113,1036,107,0,1036
2018-03-27,-0.0174272856453219,0.2918061065699506,91,950,85,0,950
2018-03-28,-0.00292091889946268,0.394041127467145,88,788,79,0,788
2018-03-29,0.0136757774938434,0.3142698716638749,59,409,51,0,409
2018-04-02,-0.0225906823434959,0.28227372308206594,48,329,39,0,329
2018-04-03,0.0125359613157411,0.2690482999474625,60,613,55,0,613
2018-04-04,0.0115001023464468,0.38781626385508344,84,646,71,0,646
2018-04-05,0.0068394214016512,0.33245935315018427,66,474,59,0,474
2018-04-06,-0.022164067057065,0.2401075313036435,74,787,64,0,787
2018-04-09,0.00333099496759283,0.1783176927464956,50,378,45,0,378
2018-04-10,0.0165885989963141,0.05062299282309368,64,479,58,0,479
2018-04-11,-0.00554068577246117,0.2902230594080375,58,401,49,0,401
2018-04-12,0.00821689869765704,0.24130222326322623,51,391,49,0,391
2018-04-13,-0.00289079982670663,0.02196245660346348,59,350,47,0,350
2018-04-16,0.00807633680156307,1.3116431750395e-4,98,641,93,0,641
2018-04-17,0.0106050716138667,0.0223501021921551,78,624,75,0,624
2018-04-18,8.3102040755326e-4,0.05233552415147088,79,535,75,0,535
2018-04-19,-0.00574258179583257,0.1646341796253127,66,489,62,0,489
2018-04-20,-0.00857317718835271,0.17466994465140537,76,770,67,0,770
2018-04-23,5.62301111845396e-5,-0.01011931525112901,95,1050,90,0,1050
2018-04-24,-0.0134708880064752,-0.04186574768976243,75,680,69,0,680
2018-04-25,0.00183537423282363,0.00982698306391766,68,491,64,0,491
2018-04-26,0.010380144187377,0.07937241794679721,80,888,75,0,888
2018-04-27,0.00111300527136381,0.038824902145828,46,358,39,0,358
2018-04-30,-0.00822119254892125,0.06234256997031171,59,438,56,0,438
2018-05-01,0.00254580217102739,0.15746843297270294,59,397,57,0,397
2018-05-02,-0.00723195120140236,0.138414297071811,88,782,82,0,782
2018-05-03,-0.00225621758506408,0.18171526678027392,66,500,61,0,500
2018-05-04,0.012729810028335,0.15783177120051575,58,421,54,0,421
2018-05-07,0.00345198055498996,0.1222737206167949,60,391,56,0,391
2018-05-08,-2.6567661173382e-4,0.16844095215084962,50,332,43,0,332
2018-05-09,0.00963564793486879,0.13978774233006677,69,729,63,0,729
2018-05-10,0.00932701160384837,0.17703919691574005,53,543,50,0,543
2018-05-11,0.00170613927096126,0.0774426809482051,63,574,55,0,574
2018-05-14,8.8309951012655e-4,0.2805880268412917,69,440,56,0,440
2018-05-15,-0.00686565504399081,0.2203871082594177,38,250,36,0,250
2018-05-16,0.00405233984751441,0.11360016761544352,58,660,56,0,660
2018-05-17,-8.562387886101e-4,0.13236802829327998,41,303,39,0,303
2018-05-18,-0.00263566525455032,0.22577517658729657,57,545,52,0,545
2018-05-21,0.00735960454793337,0.01617237055887182,44,326,42,0,326
2018-05-22,-0.00314068859287519,0.1054424340526263,45,305,42,0,305
2018-05-23,0.00324314520689875,0.2484275215681476,58,395,51,0,395
2018-05-24,-0.00202526295772255,0.43900781166342034,68,476,64,0,476
2018-05-25,-0.00236000305418592,0.3157206476201376,58,383,49,0,383
2018-05-29,-0.0116315725117922,0.3464686456522291,56,458,53,0,458
2018-05-30,0.0126158753519238,0.2157939187240958,66,447,62,0,447
2018-05-31,-0.00690333324343421,0.25277875536031996,60,589,53,0,589
2018-06-01,0.0107907997092399,0.05746838854625821,50,397,43,0,397
2018-06-04,0.00446959489835222,0.19922455820304333,46,456,42,0,456
2018-06-05,7.0234626957567e-4,0.14885239335341827,54,405,49,0,405
2018-06-06,0.00853090063731197,0.15034811535257508,44,348,42,0,348
2018-06-07,-7.1444362198452e-4,0.08597382335210568,48,374,44,0,374
2018-06-08,0.00312102890775135,0.38794561111911513,45,266,37,0,266
2018-06-11,0.00106813700694032,0.3065304202738424,52,486,48,0,486
2018-06-12,0.00174186727870385,0.2869472983445222,45,414,40,0,414
2018-06-13,-0.00403425454141146,0.2430384139356753,43,467,38,0,467
2018-06-14,0.00246850052250369,0.2352215271949535,50,520,46,0,520
2018-06-15,-0.00101762031549408,0.33719694927713134,50,315,42,0,315
2018-06-18,-0.00212839118088652,0.3770547469021819,35,253,30,0,253
2018-06-19,-0.00403151795139129,0.25851042186270273,53,420,49,0,420
2018-06-20,0.00171069022411255,0.11271830539694096,56,473,52,0,473
2018-06-21,-0.00636572884322027,0.0897350670489061,60,469,50,0,469
2018-06-22,0.00186020325513388,0.1631785820600745,48,276,36,0,276
2018-06-25,-0.0138197229677707,0.3603724745022549,61,459,55,0,459
2018-06-26,0.00220215050569672,0.17776089824362148,62,608,56,0,608
2018-06-27,-0.00864158631314112,0.253762618926703,60,438,53,0,438
2018-06-28,0.00615968001903129,0.3228236874850053,45,422,42,0,422
2018-06-29,7.58115887517e-4,0.01676292001659521,51,353,44,0,353
2018-07-02,0.00306326083429346,0.2216617750116548,39,317,36,0,317
2018-07-03,-0.00495962928053368,0.2567782725298053,45,381,40,0,381
2018-07-05,0.00858385674553783,0.440093292709049,46,405,42,0,405
2018-07-06,0.00844551760058016,0.15595150314313183,53,461,47,0,461
2018-07-09,0.0087842907853415,0.06719532171985065,64,601,55,0,601
2018-07-10,0.00346724931882186,-0.0434151450006704,66,607,57,0,607
2018-07-11,-0.0071194863719165,0.34840448571677696,81,768,78,0,768
2018-07-12,0.0087109915801719,0.13005599756849864,49,354,46,0,354
2018-07-13,0.00107865553660865,0.07539010608273777,64,452,56,0,452
2018-07-16,-0.00102866462089854,0.02404704303356446,77,686,73,0,686
2018-07-17,0.00396582434344343,-0.00730574086060537,65,427,63,0,427
2018-07-18,0.00215818207673746,-0.1617527210141166,56,412,54,0,412
2018-07-19,-0.00396082684904951,0.17392555186299108,67,510,63,0,510
2018-07-20,-9.4889777127436e-4,0.10481464797700778,63,429,59,0,429
2018-07-23,0.00183636234323152,-0.04917084281983347,85,576,81,0,576
2018-07-24,0.00476951888605356,-0.11421149532569688,125,654,120,0,654
2018-07-25,0.00906043507037271,0.15196767170041386,117,861,113,0,861
2018-07-26,-0.00303690274886736,0.24689321898949856,92,561,90,0,561
2018-07-27,-0.00658383464484546,0.03919653538719476,61,364,55,0,364
2018-07-30,-0.00577078931558714,-0.00895443308866248,80,463,76,0,463
2018-07-31,0.00487283721930309,0.06081325959266079,132,874,127,0,874
2018-08-01,-0.00104089306757113,0.15713137858527867,75,508,69,0,508
2018-08-02,0.0049143495822087,0.24450556445984095,102,823,98,0,823
2018-08-03,0.00463343206534799,0.22952667876704844,68,557,62,0,557
2018-08-06,0.00353198265080163,0.10831120749715856,53,494,50,0,494
2018-08-07,0.00282020174648577,-0.00802838239258573,55,559,52,0,559
2018-08-08,-2.624143932951e-4,0.06012567445694942,62,610,60,0,610
2018-08-09,-0.00144271467703995,0.12736346684665256,66,658,63,0,658
2018-08-10,-0.00713931226324447,0.3223662684825037,44,426,39,0,426
2018-08-13,-0.00401403766598027,0.21928943860636893,46,363,44,0,363
2018-08-14,0.00636893001641742,-0.01875095803640836,60,571,57,0,571
2018-08-15,-0.00763120858137882,0.06273000758345716,41,343,38,0,343
2018-08-16,0.00788821455263811,0.05355944564871606,40,345,38,0,345
2018-08-17,0.00331760637526309,0.2060656739550513,52,581,48,0,581
2018-08-20,0.00242507490212828,0.05833586964057758,50,554,48,0,554
2018-08-21,0.00206639995462706,-0.03269963013786853,82,788,75,0,788
2018-08-22,-3.982310542435e-4,0.1653609938878974,87,953,83,0,953
2018-08-23,-0.00169269392353511,0.23984484251686017,46,588,42,0,588
2018-08-24,0.00617970592828533,0.10255641765187064,67,683,58,0,683
2018-08-27,0.00764114140711044,-0.0115056379734037,65,688,63,0,688
2018-08-28,2.6924207759835e-4,0.04274018970739933,69,743,64,0,743
2018-08-29,0.00568524246891167,0.07214706054150637,53,541,49,0,541
2018-08-30,-0.00444017204445808,0.1810946241816964,48,463,46,0,463
2018-08-31,1.3446846730492e-4,0.26420927181768167,66,638,59,0,638
2018-09-04,-0.00165569204887931,0.17864306061332363,57,592,55,0,592
2018-09-05,-0.00280706280126597,0.5433307398678312,69,540,65,0,540
2018-09-06,-0.00365899103661816,0.3202059778165582,58,569,55,0,569
2018-09-07,-0.00221579789501448,0.2230223734010314,63,571,57,0,571
2018-09-10,0.00189602821469338,0.17695511884314902,38,489,34,0,489
2018-09-11,0.00373286568971543,0.07824293597129456,70,688,61,0,688
2018-09-12,3.5660834989355e-4,0.3279675289666142,57,594,51,0,594
2018-09-13,0.00526835215939133,0.337278606479918,62,553,60,0,553
2018-09-14,2.7544390076635e-4,0.2801433128008909,67,530,62,0,530
2018-09-17,-0.00558529099154921,0.3170613447552175,67,787,63,0,787
2018-09-18,0.00535465286762524,0.2556165965611399,64,648,61,0,648
2018-09-19,0.00125248803317199,0.2501064645430055,51,576,46,0,576
2018-09-20,0.00781001418532906,0.07991316005892049,65,769,62,0,769
2018-09-21,-3.6860093700704e-4,0.16692231050915762,73,655,65,0,655
2018-09-24,-0.00352188231401385,0.33429204157216713,66,695,60,0,695
2018-09-25,-0.00130594849311795,0.21548398807555297,52,494,48,0,494
2018-09-26,-0.00329469968115994,0.17053186606005064,63,668,55,0,668
2018-09-27,0.0027594762285114,0.18522073263456873,49,478,47,0,478
2018-09-28,-6.87014413817952e-6,0.20764306307620473,64,561,58,0,561
2018-10-01,0.0036344923421985,0.01723667600708722,64,918,61,0,918
2018-10-02,-3.9676891027907e-4,0.14224953963143477,44,389,41,0,389
2018-10-03,7.1126673671837e-4,0.12136914729427868,63,560,57,0,560
2018-10-04,-0.00820303542100981,0.26546740389358814,63,599,59,0,599
2018-10-05,-0.00554331458462215,0.2205043862394573,54,519,47,0,519
2018-10-08,-3.9519470834969e-4,0.3137945026363533,42,405,39,0,405
2018-10-09,-0.0014189098341543,0.18612514751024217,58,686,56,0,686
2018-10-10,-0.0334163890426021,0.22278053720350352,78,720,73,0,720
2018-10-11,-0.0207875799725415,0.23798576804057864,110,1229,102,0,1229
2018-10-12,0.0141062354083763,0.0328488377004225,85,889,77,0,889
2018-10-15,-0.00592248229130005,0.13044760204908978,68,672,63,0,672
2018-10-16,0.0212678280349013,0.03985856291385264,72,494,67,0,494
2018-10-17,-2.5269426266488e-4,0.18640952526881224,76,640,68,0,640
2018-10-18,-0.0144964905753412,0.25432622486032413,80,728,77,0,728
2018-10-19,-3.6123513527937e-4,0.1356633228128449,73,662,67,0,662
2018-10-22,-0.00430879709647787,-0.196058096327875,98,710,94,0,710
2018-10-23,-0.00552707618069416,-0.1338091583917928,129,968,124,0,968
2018-10-24,-0.0313507738611408,0.1920514315931791,100,729,94,0,729
2018-10-25,0.0184537179787142,0.23993720159733067,147,1353,141,0,1353
2018-10-26,-0.0174791380100032,0.20312213479347788,79,624,70,0,624
2018-10-29,-0.00658120829519397,-0.2602704132471906,108,742,99,0,742
2018-10-30,0.0155453229718775,0.05310534303452088,124,761,118,0,761
2018-10-31,0.0107928787545711,0.06932157280251054,102,804,97,0,804
2018-11-01,0.0105024988685292,0.18730753575731876,89,602,83,0,602
2018-11-02,-0.00633672105587975,0.04992931914429954,64,566,59,0,566
2018-11-05,0.00558469369719412,0.05716879940872863,71,522,65,0,522
2018-11-06,0.00623978774440864,0.15180416531105342,84,712,79,0,712
2018-11-07,0.020987078560774,0.09448942459709038,108,1193,96,0,1193
2018-11-08,-0.00251206898849146,0.24633657595215505,58,496,53,0,496
2018-11-09,-0.00924158591537243,0.12341796763855696,56,473,51,0,473
2018-11-12,-0.0198981509854675,0.2541479518026391,57,535,54,0,535
2018-11-13,-0.00148301882217389,0.13128184451548175,49,422,45,0,422
2018-11-14,-0.00759618881845055,0.17464905237518127,56,535,53,0,535
2018-11-15,0.0105380327426419,0.1928522536785088,55,519,50,0,519
2018-11-16,0.00222083753748398,0.3054988404751798,44,377,40,0,377
2018-11-19,-0.0167831612357214,0.333497503991715,55,496,51,0,496
2018-11-20,-0.018317995556586,0.2667606284940672,66,562,60,0,562
2018-11-21,0.0030386693107672,0.03660049562800027,49,451,47,0,451
2018-11-23,-0.00657641971185562,0.3659425867596068,39,330,33,0,330
2018-11-26,0.0154129758453664,0.12697645279649805,64,454,53,0,454
2018-11-27,0.00325638436461264,0.3012206113779774,49,405,47,0,405
2018-11-28,0.0227140513031138,0.21917143362225033,65,659,62,0,659
2018-11-29,-0.00218549454539345,0.2945681493922324,46,416,44,0,416
2018-11-30,0.00813754771661756,0.2916918371886234,51,602,44,0,602
2018-12-03,0.0108820017943624,0.15101305744538276,59,453,47,0,453
2018-12-04,-0.0329002288385561,0.269457070021114,60,696,56,0,696
2018-12-06,-0.00152338791414429,0.2590085792053996,77,787,67,0,787
2018-12-07,-0.0235963354563222,0.18270955838379907,70,713,63,0,713
2018-12-10,0.00176060322291632,0.24680946550012417,53,487,48,0,487
2018-12-11,-3.5640967530566e-4,0.15428190816496848,54,480,46,0,480
2018-12-12,0.00540487101035124,0.18804887733081577,44,408,40,0,408
2018-12-13,-1.9995031241503e-4,0.18226715935739005,33,299,31,0,299
2018-12-14,-0.0192712122686998,0.23298272380242663,65,672,58,0,672
2018-12-17,-0.0209922848285766,0.30275218208090593,78,958,73,0,958
2018-12-18,8.6396853789104e-5,0.16500770233305292,82,915,71,0,915
2018-12-19,-0.0155154591759368,0.25708381353807785,88,767,76,0,767
2018-12-20,-0.015897809484104,0.3240313538760682,95,894,85,0,894
2018-12-21,-0.0208031204985406,0.2681727168158164,85,818,75,0,818
2018-12-24,-0.0274865728783144,0.3834632283625844,54,462,47,0,462
2018-12-26,0.048403177670805,0.1143742949210816,56,451,44,0,451
2018-12-27,0.00852622896881699,0.14774537991866055,64,516,52,0,516
2018-12-28,-0.00124235391023127,0.06726298268564278,50,457,44,0,457
2018-12-31,0.00845662586220687,0.10959594036367806,44,324,35,0,324
2019-01-02,0.00126769306262616,0.1295157204864233,69,574,60,0,574
2019-01-03,-0.0250683318189151,0.20287625380284627,59,502,50,0,502
2019-01-04,0.0337593990603465,0.16685505414072674,78,647,68,0,647
2019-01-07,0.00698597599522976,0.0135625675156289,58,719,54,0,719
2019-01-08,0.00964858733649739,0.0586427677515365,55,529,50,0,529
2019-01-09,0.00408967133282216,0.08176391682112201,66,514,60,0,514
2019-01-10,0.00450824137446223,0.19672044155774177,59,549,53,0,549
2019-01-11,-1.4630854448246e-4,0.25442490065229917,46,416,43,0,416
2019-01-14,-0.00527139458724949,0.07238539450180807,55,501,51,0,501
2019-01-15,0.010664618879761,0.15114496732016183,82,573,70,0,573
2019-01-16,0.00221952052908836,0.11286097821148966,75,587,71,0,587
2019-01-17,0.00756273070623575,0.2587064410716994,75,606,69,0,606
2019-01-18,0.0130969128398558,0.22181764089701964,70,648,66,0,648
2019-01-22,-0.0142584768279725,0.12470560699355498,72,569,68,0,569
2019-01-23,0.00220048991945087,0.1784718536646112,86,720,81,0,720
2019-01-24,0.00137478011097755,0.2604966205425929,60,494,56,0,494
2019-01-25,0.00845286770051802,0.1696636846393327,60,642,58,0,642
2019-01-28,-0.0078777758487089,0.10786993948984062,84,810,81,0,810
2019-01-29,-0.00145730793511484,0.08559852105090265,118,735,108,0,735
2019-01-30,0.01542960989156,0.10130154687560852,96,922,92,0,922
2019-01-31,0.00856064880976776,0.26745397790444597,86,621,81,0,621
2019-02-01,8.9820658480711e-4,0.05468998264370523,72,690,66,0,690
2019-02-04,0.00675338111747968,-0.03179305382891227,70,633,66,0,633
2019-02-05,0.0046973704373502,0.08998628031924882,87,610,81,0,610
2019-02-06,-0.00222691571750879,0.13092354838137832,75,567,72,0,567
2019-02-07,-0.00940119320223023,0.3020044267603074,81,671,78,0,671
2019-02-08,6.759725660127e-4,0.24642885888580507,66,526,59,0,526
2019-02-11,7.0885180381839e-4,0.0348382521177284,46,404,43,0,404
2019-02-12,0.0128078529028386,0.02440931613103307,61,659,53,0,659
2019-02-13,0.00301943159371098,0.11567378180302958,51,446,47,0,446
2019-02-14,-0.00265516338369862,0.08246527693535247,60,499,57,0,499
2019-02-15,0.0108200046649575,0.09299925680093846,51,463,47,0,463
2019-02-19,0.00149762132659201,0.1729966144856258,58,667,54,0,667
2019-02-20,0.00177553356074094,0.25401830267308434,49,449,43,0,449
2019-02-21,-0.00353266932584139,0.2638026584835918,43,362,37,0,362
2019-02-22,0.0063906386947104,0.14952121125191875,44,413,40,0,413
2019-02-25,0.00123110444975171,0.2746843147122288,54,462,47,0,462
2019-02-26,-7.9076967284029e-4,0.21458578451100976,62,556,57,0,556
2019-02-27,-5.4419743629807e-4,0.27173412827539356,54,479,48,0,479
2019-02-28,-0.00282950759895044,0.18445858296855905,68,803,60,0,803
2019-03-01,0.00687165658871303,-0.07684025446845529,60,684,54,0,684
2019-03-04,-0.00388810739525517,0.12773632471651167,57,550,52,0,550
2019-03-05,-0.00113217348970686,0.119566474357091,81,1053,76,0,1053
2019-03-06,-0.00654547360412503,0.0991383699556956,65,811,59,0,811
2019-03-07,-0.00815891113833116,0.3011956183993764,74,759,69,0,759
2019-03-08,-0.00213396413145365,0.15233920815764795,67,639,60,0,639
2019-03-11,0.0145595355634894,0.1830579920847826,44,365,39,0,365
2019-03-12,0.00294896572780516,0.1321886254295047,45,352,39,0,352
2019-03-13,0.00692554675701928,0.08819188999082402,53,512,48,0,512
2019-03-14,-8.6839933159618e-4,0.17968724812728473,48,442,42,0,442
2019-03-15,0.00497251940843072,0.05732307722300134,71,699,65,0,699
2019-03-18,0.00369909679890803,0.2145468880096698,47,457,44,0,457
2019-03-19,-1.3057007992675e-4,0.151705204209548,49,386,46,0,386
2019-03-20,-0.00294869674076967,0.2646322634738261,52,500,49,0,500
2019-03-21,0.0107940154946894,0.08161187309306114,55,516,53,0,516
2019-03-22,-0.0191568271342733,0.25651144916901103,64,759,60,0,759
2019-03-25,-8.3937283331005e-4,0.25176602083687344,54,492,52,0,492
2019-03-26,0.00715705294793405,0.17091688469575345,52,445,48,0,445
2019-03-27,-0.00465514327659887,0.1729560235697147,61,789,55,0,789
2019-03-28,0.00358305471526173,0.2153871309801616,64,584,62,0,584
2019-03-29,0.00671170604332467,-0.03975505749622243,64,633,60,0,633
2019-04-01,0.0115021955180445,0.03247140315726064,77,818,71,0,818
2019-04-02,1.74555548581526e-5,0.02824598410548555,47,373,44,0,373
2019-04-03,0.00214607242008919,-3.6169377248341e-4,63,553,56,0,553
2019-04-04,0.00208246524299427,0.23920340566176243,66,687,63,0,687
2019-04-05,0.00462571762309912,0.01048253552951637,53,476,49,0,476
2019-04-08,0.00104691175052367,0.12516749406042413,57,493,53,0,493
2019-04-09,-0.00608597643566954,0.18919168750012785,65,560,61,0,560
2019-04-10,0.00347183775449992,0.06210902146966129,44,377,41,0,377
2019-04-11,3.81223403426937e-5,0.2372066630611321,41,316,38,0,316
2019-04-12,0.00658757838954573,-0.05631486509999435,62,552,56,0,552
2019-04-15,-6.295672443571e-4,0.07777584819867174,62,768,60,0,768
2019-04-16,5.0922832513996e-4,-0.05661205605277029,62,571,58,0,571
2019-04-17,-0.00227640082073886,-0.0929708423936546,64,740,57,0,740
2019-04-18,0.00157784682424967,0.02474939855252864,62,574,58,0,574
2019-04-22,0.00101150581693291,0.03945001961956559,54,366,51,0,366
2019-04-23,0.00880235117499539,-0.18664462758258743,71,582,66,0,582
2019-04-24,-0.00219416860303624,-0.01948438178105595,94,796,85,0,796
2019-04-25,-3.6904174027285e-4,0.00430013267466095,65,596,61,0,596
2019-04-26,0.00467435032330482,-0.01388706152248821,66,823,62,0,823
2019-04-29,0.00107094850423389,0.090401059263786,80,934,75,0,934
2019-04-30,9.5096469879144e-4,0.0857172830163167,62,655,59,0,655
2019-05-01,-0.00753044585029134,-0.06659219271253206,72,729,64,0,729
2019-05-02,-0.00212624464868279,0.13357153798746435,57,471,53,0,471
2019-05-03,0.00959212747891747,0.00420183008771027,52,456,48,0,456
2019-05-06,-0.00448101318907252,0.17665749474023565,60,531,53,0,531
2019-05-07,-0.0166494880889055,0.1712593402212645,57,544,48,0,544
2019-05-08,-0.0016067153894199701,0.22914247049120184,48,399,45,0,399
2019-05-09,-0.00302599866192829,0.22512403389466704,58,577,51,0,577
2019-05-10,0.00371339406991864,0.2689853958578175,77,936,71,0,936
2019-05-13,-0.0244264691384975,0.294270872864932,56,518,52,0,518
2019-05-14,0.00798398752321609,0.04479626606189413,72,810,64,0,810
2019-05-15,0.00582199432772305,0.18200790256191868,61,600,58,0,600
2019-05-16,0.00885595711649909,0.1435997179854894,60,542,57,0,542
2019-05-17,-0.0058544371740438,0.10606114181785788,55,518,48,0,518
2019-05-20,-0.00677225797540537,0.2726025942286877,58,554,55,0,554
2019-05-21,0.00845994909319061,0.15503458618752322,45,403,41,0,403
2019-05-22,-0.00282839236389944,0.17210133883539433,48,614,46,0,614
2019-05-23,-0.011985692241282,0.15110122783452035,56,467,52,0,467
2019-05-24,0.00135264377203732,0.0584082311950624,40,376,36,0,376
2019-05-28,-0.00841095000026024,0.1747136093530571,40,389,36,0,389
2019-05-29,-0.00693591016723137,0.16039136801229784,57,494,49,0,494
2019-05-30,0.00209627267499704,-0.00384678809969045,50,478,47,0,478
2019-05-31,-0.013283205250453,0.2922692454463088,73,909,65,0,909
2019-06-03,-0.00276907065430794,0.24656846817103137,58,476,51,0,476
2019-06-04,0.0212059270810778,0.20716372741144645,66,539,60,0,539
2019-06-05,0.00812872697881369,0.07877085972087212,48,405,44,0,405
2019-06-06,0.00611684067600442,0.1877174731005322,55,453,48,0,453
2019-06-07,0.01044297924726,0.03169572780690422,35,330,30,0,330
2019-06-10,0.0046492200747655,0.12183921434237469,45,487,42,0,487
2019-06-11,-3.4994145795128e-4,0.31073294165249676,52,474,48,0,474
2019-06-12,-0.00203965782723742,0.3247645219341172,37,365,35,0,365
2019-06-13,0.00408901050285019,0.1697478317244155,58,592,50,0,592
2019-06-14,-0.00161281178615296,0.15822647556132224,45,513,42,0,513
2019-06-17,9.3131543235284e-4,0.2803877451173037,40,303,36,0,303
2019-06-18,0.00967048959297069,0.25951411226275883,46,455,43,0,455
2019-06-19,0.00298071679302384,0.2079746971760566,60,602,55,0,602
2019-06-20,0.00942760533587314,0.2022408642582579,90,978,81,0,978
2019-06-21,-0.001260016279728,0.14731639471294608,52,507,49,0,507
2019-06-24,-0.00173338846058703,0.09259003681654576,40,364,33,0,364
2019-06-25,-0.00954177564038755,0.2749317228079362,43,441,40,0,441
2019-06-26,-0.001234695678804,0.07729495147282679,53,543,48,0,543
2019-06-27,0.00381588579259085,0.14537150883968156,63,565,56,0,565
2019-06-28,0.00574094184059963,0.14868732786588576,62,466,52,0,466
2019-07-01,0.00764301861095393,0.01958350823977246,65,747,59,0,747
2019-07-02,0.0029238472769887,0.1182805605723323,56,591,54,0,591
2019-07-03,0.00764309566068416,0.12273863622324606,58,606,48,0,606
2019-07-05,-0.00180753420454866,0.1319049035805341,49,394,41,0,394
2019-07-08,-0.00484717301012379,0.14163892424301933,43,366,41,0,366
2019-07-09,0.00123579305845389,0.26925074191311693,61,506,54,0,506
2019-07-10,0.00450054693608261,0.03382886224566128,80,788,73,0,788
2019-07-11,0.00228261957894855,0.06924204878380587,58,515,54,0,515
2019-07-12,0.00460953430206654,0.04815366676148887,52,525,47,0,525
2019-07-15,1.7585372838413e-4,0.07691443945850551,64,560,58,0,560
2019-07-16,-0.00340958455501033,-0.03360956059345468,55,451,52,0,451
2019-07-17,-0.00655266546609318,0.01531317814977717,61,592,56,0,592
2019-07-18,0.00357559770881908,-0.04884421588863764,60,474,54,0,474
2019-07-19,-0.00619588946484469,-0.08885379541521632,54,503,50,0,503
2019-07-22,0.00282470168625033,0.10076139869737435,56,608,53,0,608
2019-07-23,0.00682414513927642,-0.2786688713010593,58,434,55,0,434
2019-07-24,0.00467719281347571,0.01537366390740317,75,783,69,0,783
2019-07-25,-0.00527629648359954,-0.01562534441906551,63,519,58,0,519
2019-07-26,0.00736053577078304,-0.11697700665282638,61,495,57,0,495
2019-07-29,-0.00161742192905744,0.12862925551662863,59,687,55,0,687
2019-07-30,-0.00258198537204437,0.01122862283052844,60,490,50,0,490
2019-07-31,-0.01094520695214,0.07543136747076028,81,825,63,0,825
2019-08-01,-0.00903952756880602,0.07994434121962826,80,926,75,0,926
2019-08-02,-0.0073093885395651,0.17618071865021193,75,634,65,0,634
2019-08-05,-0.0302301821696948,0.17444550968084108,73,666,65,0,666
2019-08-06,0.0129330239111666,0.12233304387297324,60,685,56,0,685
2019-08-07,7.6658233385887e-4,0.09834365029957448,69,805,59,0,805
2019-08-08,0.0185884624668651,-0.08395950628924297,62,726,58,0,726
2019-08-09,-0.00663859313365711,0.09996878910423136,50,495,45,0,495
2019-08-12,-0.0123938091159154,0.12996570826777923,45,438,38,0,438
2019-08-13,0.0150183462673019,0.12120816041790948,53,480,48,0,480
2019-08-14,-0.0297303524545357,0.2030546429876267,50,506,45,0,506
2019-08-15,0.00246123669818024,0.02277720397687517,50,519,47,0,519
2019-08-16,0.014323058172245,-0.0978206956559239,43,393,37,0,393
2019-08-19,0.0120331755643975,0.10535002770298656,47,483,43,0,483
2019-08-20,-0.00794621531211547,0.05315018763455251,48,570,45,0,570
2019-08-21,0.00821297955735294,0.02864903972203844,56,592,52,0,592
2019-08-22,-5.0620295927854e-4,0.10330841966886414,38,435,36,0,435
2019-08-23,-0.0262888811228379,0.32524531924265326,69,724,61,0,724
2019-08-26,0.0109231127307979,0.16839759166726062,43,515,39,0,515
2019-08-27,-0.00320832180055624,0.27110937640904204,38,407,36,0,407
2019-08-28,0.00652415153056251,0.16097782235010527,45,333,40,0,333
2019-08-29,0.0126074824410944,0.05169404820821426,47,467,43,0,467
2019-08-30,6.4258075987677e-4,0.14765903088242202,53,572,44,0,572
2019-09-03,-0.00692300933268542,0.2950773465767963,42,447,39,0,447
2019-09-04,0.0107837252784214,0.06007370457389602,38,346,35,0,346
2019-09-05,0.0129259129217598,-0.01473890586249243,51,531,47,0,531
2019-09-06,9.1019080437678e-4,0.03312942782803526,53,544,47,0,544
2019-09-09,-9.40146788999267e-5,0.07826901621288004,49,434,44,0,434
2019-09-10,3.2225242593101e-4,0.34129286807577836,62,678,59,0,678
2019-09-11,0.0072036723263872,0.12168974281133166,57,483,52,0,483
2019-09-12,0.00287501627823332,0.14605103555747875,46,373,41,0,373
2019-09-13,-7.2467687696605e-4,0.0984167126007378,51,450,45,0,450
2019-09-16,-0.00314051291635599,0.17390878245803937,53,498,49,0,498
2019-09-17,0.00257842537246199,0.20575052308941297,51,429,43,0,429
2019-09-18,3.4263328426719e-4,0.2113479950484134,60,661,50,0,661
2019-09-19,1.99745219294759e-5,0.27299928873921475,61,599,57,0,599
2019-09-20,-0.00490759910488039,0.18414742186106867,46,452,40,0,452
2019-09-23,-9.69406178275137e-5,0.3677198419876125,48,472,44,0,472
2019-09-24,-0.00845198896355148,0.2084342425114907,60,538,54,0,538
2019-09-25,0.0061396852419639,0.15637425255928455,63,747,58,0,747
2019-09-26,-0.00243187100961319,0.2682461721554864,75,854,66,0,854
2019-09-27,-0.00533053457912858,0.15010977146448568,58,622,48,0,622
2019-09-30,0.00503491021524839,0.1571426234828929,42,497,39,0,497
2019-10-01,-0.0123341269454128,0.17417377601478515,48,519,45,0,519
2019-10-02,-0.0180654041876438,0.17868804110299144,51,500,43,0,500
2019-10-03,0.00794030477386679,0.2143081530072474,48,526,40,0,526
2019-10-04,0.0141167852392593,0.14810387974442996,46,429,39,0,429
2019-10-07,-0.00448835227368152,0.23213684299641268,43,427,38,0,427
2019-10-08,-0.0156831595521099,0.22418871553963984,47,481,40,0,481
2019-10-09,0.00906329651484592,0.18790041509184144,48,412,43,0,412
2019-10-10,0.0063952024117826,0.2041086535062336,62,603,59,0,603
2019-10-11,0.0108795796737891,0.11083992174418088,57,581,50,0,581
2019-10-14,-0.00138808167321898,0.2603039492000306,47,474,44,0,474
2019-10-15,0.00990644537648917,-0.13583594410227248,50,487,45,0,487
2019-10-16,-0.00200154455319373,0.0112361553913194,51,397,48,0,397
2019-10-17,0.00275902196977529,-0.04194352710383749,42,357,38,0,357
2019-10-18,-0.00392704570979985,-0.02725381888088425,48,458,42,0,458
2019-10-21,0.00684811410533375,-0.02633021332786843,43,400,41,0,400
2019-10-22,-0.00357504925837684,-0.08498707878968657,56,523,51,0,523
2019-10-23,0.00284310334583073,0.15150569089803215,45,396,43,0,396
2019-10-24,0.00191860465917135,0.05506586394429196,60,573,52,0,573
2019-10-25,0.00406442951065605,0.07235859467809033,66,593,58,0,593
2019-10-28,0.0055658199161177,0.07329591044787473,60,568,55,0,568
2019-10-29,-8.3275195648076e-4,0.04083708650109671,79,747,70,0,747
2019-10-30,0.00324808940085731,0.08482307273444513,72,779,65,0,779
2019-10-31,-0.00302743863453909,0.01329443793289401,63,588,61,0,588
2019-11-01,0.00961593055964751,-0.10968831713922886,55,444,45,0,444
2019-11-04,0.00369724580531243,-0.02364712769246436,57,651,53,0,651
2019-11-05,-0.00118640271182066,-0.04400784139086178,47,488,43,0,488
2019-11-06,7.0225059228962e-4,0.05094253515003287,47,435,42,0,435
2019-11-07,0.00272637524428067,-0.145128574061567,45,419,40,0,419
2019-11-08,0.00255740314511583,0.02061838733155535,58,539,49,0,539
2019-11-11,-0.00196439541333719,0.11985378748850475,43,382,38,0,382
2019-11-12,0.00156342330126303,0.11721136973658128,52,465,46,0,465
2019-11-13,7.1128157011629e-4,0.13855339201884065,46,374,39,0,374
2019-11-14,8.3669261445676e-4,0.05451839882492398,45,461,42,0,461
2019-11-15,0.00766602877797318,0.10878751985171677,80,678,69,0,678
2019-11-18,5.0302632280963e-4,0.1441308313821667,56,504,45,0,504
2019-11-19,-5.9277009969252e-4,0.07829585471683292,44,392,38,0,392
2019-11-20,-0.00376325642094107,0.24412039287464232,58,602,55,0,602
2019-11-21,-0.00158400608618951,0.228299304375019,46,477,45,0,477
2019-11-22,0.00217257394237594,0.20840162201457132,50,443,45,0,443
2019-11-25,0.00747925188746721,0.064385232311093,52,496,50,0,496
2019-11-26,0.00219316364494023,0.04333483692087112,51,466,49,0,466
2019-11-27,0.00416573562529974,0.05641507195778778,54,517,50,0,517
2019-11-29,-0.00401928622998905,0.33036313954685087,23,156,22,0,156
2019-12-02,-0.0086684836939636,0.15455076888689734,37,334,30,0,334
2019-12-03,-0.00666022525804515,0.3105358551609762,42,390,39,0,390
2019-12-04,0.00630365760876999,0.26287603938342524,36,377,35,0,377
2019-12-05,0.00149912692663027,0.13674286185346848,43,432,42,0,432
2019-12-06,0.00909424603042601,-0.2836265049634441,31,329,27,0,329
2019-12-09,-0.00316783368447437,0.16987563485500604,44,369,41,0,369
2019-12-10,-0.00109753616898413,0.17775852067184725,46,496,43,0,496
2019-12-11,0.00290393752935077,0.159702367249078,49,514,43,0,514
2019-12-12,0.00853866737555506,0.07103589265731643,60,738,55,0,738
2019-12-13,7.25791502146863e-5,0.0914177633290503,46,406,38,0,406
2019-12-16,0.00712236094254279,-0.04614945118658437,46,495,43,0,495
2019-12-17,3.3523602846092e-4,0.10851748071477882,42,402,40,0,402
2019-12-18,-4.3239364052274e-4,0.05229827447293532,42,411,40,0,411
2019-12-19,0.00444937882186425,0.1544946897500838,51,476,50,0,476
2019-12-20,0.0049325958043341,0.04264174609228836,56,558,49,0,558
2019-12-23,8.6576871429851e-4,0.02801668694604465,47,438,46,0,438
2019-12-24,-1.9546730246814e-4,0.04552350444084203,22,180,22,0,180
2019-12-26,0.00511506241005399,-0.07905494069887532,36,327,34,0,327
2019-12-27,3.39841396579303e-5,-0.07676637132425566,37,320,33,0,320
2019-12-30,-0.0057975960793499,0.01228252097129503,41,357,39,0,357
2019-12-31,0.00294169064419072,0.03526557450154419,37,325,33,0,325
2020-01-02,0.00834389536231671,-0.02345898961539205,48,480,46,0,480
2020-01-03,-0.0070849093649545504,0.06942828624280241,46,491,42,0,491
2020-01-06,0.00352714519427256,0.07014532930889102,43,521,40,0,521
2020-01-07,-0.00280717508459484,-0.05403327756313956,50,423,45,0,423
2020-01-08,0.00489047348564113,0.12871480654599718,61,603,54,0,603
2020-01-09,0.00663321411690649,-0.05513808563584742,52,699,50,0,699
2020-01-10,-0.0028592624875049,0.02458099903276142,39,341,33,0,341
2020-01-13,0.00695199404593326,0.09020906371855138,48,602,46,0,602
2020-01-14,-0.00151568083689572,0.1287691173072542,54,679,50,0,679
2020-01-15,0.00186845024368796,0.02295101118061017,47,499,44,0,499
2020-01-16,0.00833174742223202,-0.04573978978500268,57,606,55,0,606
2020-01-17,0.00385472324748514,-0.11174810565305206,53,586,46,0,586
2020-01-21,-0.00265550036958538,0.14181029287586475,48,435,44,0,435
2020-01-22,2.8903429668107e-4,-0.01664126496021212,55,644,50,0,644
2020-01-23,0.00114032619335824,0.09866798587763484,43,346,39,0,346
2020-01-24,-0.00908328942619379,0.04174592435394028,41,364,36,0,364
2020-01-27,-0.015855752356844,0.20034730590597255,66,759,65,0,759
2020-01-28,0.0100033835003525,0.00611760266060471,58,475,55,0,475
2020-01-29,-8.6725014358463e-4,-0.09358125374343489,68,636,58,0,636
2020-01-30,0.00312945693021106,0.01105447107657071,61,565,57,0,565
2020-01-31,-0.017864443571363,0.169578351531527,58,636,51,0,636
2020-02-03,0.00722842576123258,0.11774841067636896,55,517,53,0,517
2020-02-04,0.0148693159175061,-0.03075088229666613,54,692,53,0,692
2020-02-05,0.0111877786589729,-0.12908046204938728,48,454,45,0,454
2020-02-06,0.00332015505700192,-0.15844395928285882,54,644,53,0,644
2020-02-07,-0.00541549100945835,0.08890917351748089,33,298,30,0,298
2020-02-10,0.00729969012057321,0.13647048390545957,37,334,33,0,334
2020-02-11,0.00168704868600212,0.11720113795223262,68,971,68,0,971
2020-02-12,0.00644185310520307,9.3457963995878e-4,46,421,43,0,421
2020-02-13,-0.00163177635998866,0.2243201120615205,35,404,33,0,404
2020-02-14,0.00184183609848541,-0.03907000056315155,40,409,37,0,409
2020-02-18,-0.00292421398614771,0.14205609866584473,45,416,43,0,416
2020-02-19,0.00469474828428492,-0.05394612950636301,41,429,40,0,429
2020-02-20,-0.00382281742799753,0.14826398117597714,43,399,43,0,399
2020-02-21,-0.0105738092328198,0.14842866413597763,47,394,43,0,394
2020-02-24,-0.0340880794204407,0.2561338504062345,75,760,67,0,760
2020-02-25,-0.0307479043753532,0.20981077208864288,65,791,63,0,791
2020-02-26,-0.0037856973235300298,0.22423063228456563,54,539,48,0,539
2020-02-27,-0.0451681363522612,0.28518143306217586,89,748,72,0,748
2020-02-28,-0.00827246310965308,0.3280318562448094,106,1062,96,0,1062
2020-03-02,0.0450108687694132,0.15379437987710565,65,663,58,0,663
2020-03-03,-0.0285104849229146,0.14766200394831686,75,660,66,0,660
2020-03-04,0.0413363493606331,0.119894608880856,51,544,49,0,544
2020-03-05,-0.0345107824399811,0.10566720860540578,58,692,56,0,692
2020-03-06,-0.0172009436523862,0.21163589291621787,58,573,50,0,573
2020-03-09,-0.0790104129403715,0.3275884475988916,114,1260,99,0,1260
2020-03-10,0.0482150524258591,-0.01560256553917281,59,666,49,0,666
2020-03-11,-0.0501028928086054,0.3057443929103676,76,620,61,0,620
2020-03-12,-0.0999448524024735,0.30366200449527536,99,939,88,0,939
2020-03-13,0.088808406949236,0.05063814849335589,67,596,52,0,596
2020-03-16,-0.127652197472817,0.40447139103339114,113,1007,102,0,1007
2020-03-17,0.0582263126356917,0.25398836975938666,76,658,65,0,658
2020-03-18,-0.0532222723320802,0.17142865568819998,95,820,81,0,820
2020-03-19,0.00469676097040105,0.13416398984118133,65,530,50,0,530
2020-03-20,-0.0443276240533668,0.12173908101789752,70,641,55,0,641
2020-03-23,-0.0297315010095768,0.23720764901253327,61,611,58,0,611
2020-03-24,0.0896832325179633,0.02129206492645607,64,735,56,0,735
2020-03-25,0.0114689904208222,0.14840355749163728,58,545,49,0,545
2020-03-26,0.0605438310742466,0.06024645804091751,52,446,40,0,446
2020-03-27,-0.0342678455416263,0.17385592069851036,56,552,47,0,552
2020-03-30,0.0329665905699748,0.17386990613670572,54,512,48,0,512
2020-03-31,-0.0161423107884158,0.08289482547734767,67,706,53,0,706
2020-04-01,-0.0451463627327869,0.24670475982384232,60,488,57,0,488
2020-04-02,0.0225726570569604,0.10637129989918322,60,672,53,0,672
2020-04-03,-0.0152528608259443,0.210932648962061,58,551,50,0,551
2020-04-06,0.0679682441448304,0.01223536280098335,69,760,65,0,760
2020-04-07,-0.00160433904836246,-0.0107789920785035,50,477,45,0,477
2020-04-08,0.0334893711912847,0.08842749761970481,58,531,53,0,531
2020-04-09,0.0143834703036993,0.0964779119966523,61,600,56,0,600
2020-04-13,-0.0101560594446771,0.1301966275938321,50,390,42,0,390
2020-04-14,0.0301145595723076,-0.00644511198636067,59,661,55,0,661
2020-04-15,-0.0222767326723692,0.17717890908298842,60,658,55,0,658
2020-04-16,0.00579983783954129,0.05346176214128111,60,557,51,0,557
2020-04-17,0.0264409320213206,0.01253209079631829,58,566,55,0,566
2020-04-20,-0.0180428456153478,0.14939080715680092,47,447,43,0,447
2020-04-21,-0.0311551152363307,0.21151278286706657,55,484,51,0,484
2020-04-22,0.0226713005821368,-0.10818465888870683,43,371,39,0,371
2020-04-23,-5.3956766019559e-4,0.06159082656556481,49,414,46,0,414
2020-04-24,0.0138220905668392,0.02797334108343523,53,452,48,0,452
2020-04-27,0.014606868181736,0.0629762561489017,58,626,55,0,626
2020-04-28,-0.00525617019048364,0.00980094287610737,63,710,55,0,710
2020-04-29,0.0262367040450731,-0.0333548673428103,58,623,54,0,623
2020-04-30,-0.00925514331905484,0.01841538744876061,65,688,60,0,688
2020-05-01,-0.028460211014776,0.0922294816526764,62,514,59,0,514
2020-05-04,0.0042408225788494,0.2873716651933397,56,511,50,0,511
2020-05-05,0.0089999351977798,0.07619482857499374,43,376,38,0,376
2020-05-06,-0.00700388039904259,0.10692872701255166,58,503,48,0,503
2020-05-07,0.0114389557548908,-0.10786233012830355,54,620,51,0,620
2020-05-08,0.0167307950652262,-0.00345530549662953,48,453,43,0,453
2020-05-11,1.3306936679076e-4,0.11077571095189671,55,503,51,0,503
2020-05-12,-0.0207133657720476,0.1565091788459136,45,475,40,0,475
2020-05-13,-0.01761699662428,0.262409352434658,52,421,47,0,421
2020-05-14,0.0114589178040715,0.2382952537664096,44,433,43,0,433
2020-05-15,0.00391867520372303,0.16456837740250013,58,464,48,0,464
2020-05-18,0.0310152087700734,-0.03766424564173184,58,547,50,0,547
2020-05-19,-0.0105397477115993,0.0908913500130666,64,480,58,0,480
2020-05-20,0.0165139906134157,0.08442557628586655,40,369,39,0,369
2020-05-21,-0.00780396830995369,0.19046988986277333,48,395,42,0,395
2020-05-22,0.00235094568681237,0.22174614061655937,39,341,34,0,341
2020-05-26,0.0122142850214605,-0.00947811548602268,63,538,52,0,538
2020-05-27,0.0147184474903143,0.06608695446783923,52,523,44,0,523
2020-05-28,-0.00211013932491955,0.08342470878759693,38,362,32,0,362
2020-05-29,0.00480079355230795,0.24034116804938424,55,476,47,0,476
2020-06-01,0.00374421647836439,0.12667804104263347,46,450,42,0,450
2020-06-02,0.00817730728239866,0.01924125429775033,35,297,31,0,297
2020-06-03,0.0135566708125639,-0.07465421069770985,42,569,41,0,569
2020-06-04,-0.0033743890836089,0.02670251624411011,47,426,42,0,426
2020-06-05,0.0258740128216358,-0.10485428894011706,51,442,46,0,442
2020-06-08,0.011969656405806,-0.00307011765835341,48,573,45,0,573
2020-06-09,-0.00782974341972198,0.14998057951605967,53,564,50,0,564
2020-06-10,-0.00532725573518208,0.1842581118968591,71,685,59,0,685
2020-06-11,-0.0607526929962889,0.225399368533787,60,512,53,0,512
2020-06-12,0.0129762866052117,0.09424149137339556,66,573,59,0,573
2020-06-15,0.00827786081817526,0.13374822681818807,51,406,41,0,406
2020-06-16,0.0187848528667105,-0.07800726544463452,52,615,49,0,615
2020-06-17,-0.00360679623262941,-7.0167005505049e-4,41,373,36,0,373
2020-06-18,5.9404340380175e-4,0.10747784820194554,47,386,39,0,386
2020-06-19,-0.00566551356567373,0.0788968253696415,45,438,40,0,438
2020-06-22,0.00647409329665838,0.0870663307296733,45,434,42,0,434
2020-06-23,0.00429816919148379,-0.141074600663022,33,301,30,0,301
2020-06-24,-0.0261952655956623,0.13088003597680875,33,351,33,0,351
2020-06-25,0.0108998277282182,0.00960052163414233,44,521,41,0,521
2020-06-26,-0.0245252042748312,0.20226130707721623,42,434,38,0,434
2020-06-29,0.0145788881135336,0.05084521695971489,40,402,36,0,402
2020-06-30,0.0152923494357556,-0.04943029531487405,45,431,40,0,431
2020-07-01,0.00500956397587056,-0.06518562663787682,38,382,36,0,382
2020-07-02,0.00453097047681691,-0.15372895620627483,48,483,46,0,483
2020-07-06,0.0157569308321633,-0.05172376031987369,42,382,38,0,382
2020-07-07,-0.0108774778696436,0.07996873663846187,44,539,40,0,539
2020-07-08,0.00779698626343027,0.11802957729724724,42,437,38,0,437
2020-07-09,-0.00565959147619462,0.18631494731077208,48,447,44,0,447
2020-07-10,0.010411809774443,0.05823200904635231,44,397,41,0,397
2020-07-13,-0.00940664521605887,-0.04024967774177708,53,537,49,0,537
2020-07-14,0.013317300582904,0.13357569754187917,58,470,49,0,470
2020-07-15,0.00904105693635505,-0.24402680367094703,46,440,43,0,440
2020-07-16,-0.00341191521411524,0.11115232794706592,47,393,46,0,393
2020-07-17,0.00284456258758356,-0.09218640858253006,45,356,39,0,356
2020-07-20,0.00837179725514033,0.09090942350677152,37,340,35,0,340
2020-07-21,0.00167762933456007,-0.05482891655236587,51,487,49,0,487
2020-07-22,0.00573063059447386,-0.07934801749200822,61,636,58,0,636
2020-07-23,-0.0123963784122468,0.003587155587659,44,493,42,0,493
2020-07-24,-0.00620964002427613,0.14526555351298562,45,507,42,0,507
2020-07-27,0.00736792882148237,0.16132156463390857,48,534,46,0,534
2020-07-28,-0.00649443541864631,0.1671512192982803,43,431,40,0,431
2020-07-29,0.0123517833517426,0.12680847470437584,50,474,44,0,474
2020-07-30,-0.00375730176345485,-0.00574887763588094,64,634,62,0,634
2020-07-31,0.00764123624217627,-0.01776858246939544,65,619,55,0,619
2020-08-03,0.00715536266435867,-0.08033835064343293,40,407,35,0,407
2020-08-04,0.00360542302613356,0.1345711524825161,39,343,37,0,343
2020-08-05,0.00640916043551792,-0.05477614471543737,35,353,34,0,353
2020-08-06,0.0064071260206648,0.09698350097689974,38,413,35,0,413
2020-08-07,6.3282926995667e-4,0.02518635309301316,50,535,46,0,535
2020-08-10,0.00273846527339192,0.12423285741408888,35,335,32,0,335
2020-08-11,-0.0080010554013773,0.12677148032821992,59,585,53,0,585
2020-08-12,0.0138995022936135,-0.00774097731352542,56,634,54,0,634
2020-08-13,-0.00204927267615668,0.06922791856566489,56,505,49,0,505
2020-08-14,-1.7189739627902e-4,0.1501014631839079,49,444,40,0,444
2020-08-17,0.00270617750742346,0.06306725567248779,45,369,44,0,369
2020-08-18,0.00230074041981685,-0.05127429006877693,69,701,64,0,701
2020-08-19,-0.00441412334518202,0.0342484845818743,79,606,72,0,606
2020-08-20,0.00315365476834613,0.07002668708446436,48,567,48,0,567
2020-08-21,0.00343519998297247,0.02379776179422483,40,390,37,0,390
2020-08-24,0.00999361536490351,0.1879548942709689,59,602,58,0,602
2020-08-25,0.00358989974554012,0.04894770801411141,48,438,42,0,438
2020-08-26,0.0101440013448415,0.12052116464034936,53,619,49,0,619
2020-08-27,0.00167164603180914,0.19415350726134809,61,561,53,0,561
2020-08-28,0.00671000284957025,-0.00587917252911795,52,567,47,0,567
2020-08-31,-0.00219737517550854,0.10832676554677964,41,409,38,0,409
2020-09-01,0.00749683142070594,0.0475918688888972,45,509,39,0,509
2020-09-02,0.0152490501438697,0.1794635554638262,64,594,60,0,594
2020-09-03,-0.0357575941421853,0.17497899246264528,53,492,46,0,492
2020-09-04,-0.0081662807542751,0.12579974208569325,77,644,60,0,644
2020-09-08,-0.0281488290864668,0.17645740555398615,58,513,50,0,513
2020-09-09,0.0199447606621804,-7.494241657221447e-5,46,379,40,0,379
2020-09-10,-0.0177412459253956,0.2086271631794391,56,578,51,0,578
2020-09-11,5.3293015808735e-4,0.09759465916956994,54,543,48,0,543
2020-09-14,0.012661335025023,-0.07132333309584737,36,399,35,0,399
2020-09-15,0.00520578593049966,-0.05588187746918334,53,702,52,0,702
2020-09-16,-0.00462964689215183,0.1296697968267505,55,595,48,0,595
2020-09-17,-0.00844794952855246,0.19272087175660108,49,455,45,0,455
2020-09-18,-0.0112455769478285,0.1813300664314429,47,415,39,0,415
2020-09-21,-0.0116385640272977,0.1847572889089081,56,585,54,0,585
2020-09-22,0.0104630163983762,0.12146047339100312,41,425,36,0,425
2020-09-23,-0.0240073389143741,0.00226039666296473,38,371,33,0,371
2020-09-24,0.00298300555462905,0.1592653492889975,51,517,48,0,517
2020-09-25,0.0158504392241885,0.10301961024136592,54,566,51,0,566
2020-09-28,0.0159821918538544,0.06036160038892439,43,422,41,0,422
2020-09-29,-0.004824282704444,0.13577753955047228,50,571,47,0,571
2020-09-30,0.00821984256837961,0.10211271464654673,63,618,51,0,618
2020-10-01,0.00527894956429508,0.094410223232920365,42,430,36,0,430
2020-10-02,-0.00962381286637086,0.20037170996907155,79,1114,71,0,1114
2020-10-05,0.0178131090029009,0.02514304156266007,40,380,33,0,380
2020-10-06,-0.0140720643875232,0.19452786245298676,57,660,50,0,660
2020-10-07,0.0172471637702416,0.16893230341504226,45,487,41,0,487
2020-10-08,0.00797821289486929,0.00795481090667807,51,493,48,0,493
2020-10-09,0.00875509518075288,-0.05828599526602118,39,418,36,0,418
2020-10-12,0.0162825301583242,0.01921582736699469,49,509,45,0,509
2020-10-13,-0.00632689162916327,0.08664481966703673,52,489,49,0,489
2020-10-14,-0.00664517208405941,0.13795274637384203,55,663,48,0,663
2020-10-15,-0.00152892351421308,0.2074979836247718,47,346,43,0,346
2020-10-16,1.3491045663045e-4,-0.0692814093792829,52,544,46,0,544
2020-10-19,-0.0164646635149427,-0.00961215416378656,51,568,48,0,568
2020-10-20,0.00471619532000113,-0.02662815255049019,43,372,41,0,372
2020-10-21,-0.00219811401157028,0.19564848652953515,44,467,41,0,467
2020-10-22,0.00520535400349134,0.14791234054277994,50,569,49,0,569
2020-10-23,0.00343983832038948,0.07287262856056366,51,664,46,0,664
2020-10-26,-0.018764472985322,0.1495561717806672,59,659,53,0,659
2020-10-27,-0.00303020535044551,0.13973404514328258,51,481,45,0,481
2020-10-28,-0.0359255421085777,0.10014145993830872,63,577,56,0,577
2020-10-29,0.0118765249399974,-0.09258596549629164,56,541,47,0,541
2020-10-30,-0.01220371344526,0.11960595910610676,43,483,36,0,483
2020-11-02,0.0122429508905917,0.5455871421026214,88,477,83,0,477
2020-11-03,0.0176427376840778,-0.05542089830758789,63,895,57,0,895
2020-11-04,0.0218075256550917,0.03947532944358335,122,1360,83,0,1360
2020-11-05,0.019273265776701302,-0.01585505314263704,56,658,49,0,658
2020-11-06,-2.8775658537382e-4,0.03469206813584875,54,643,42,0,643
2020-11-09,0.0116319747463442,-0.13299943083335772,90,819,79,0,819
2020-11-10,-0.00140077522086767,-0.022297511191183,46,578,40,0,578
2020-11-11,0.00762272836299146,-0.1054633624699651,49,556,45,0,556
2020-11-12,-0.0100286515470693,0.03565348690160765,39,437,36,0,437
2020-11-13,0.013518546706294,-0.07641031753028864,46,527,41,0,527
2020-11-16,0.0115807349228326,0.01218854223178433,70,575,57,0,575
2020-11-17,-0.00480344378464753,-4.4465209330982e-4,66,752,61,0,752
2020-11-18,-0.0116312106474813,-0.08069270272546342,47,489,43,0,489
2020-11-19,0.00393867569073278,0.13924873425704015,51,556,46,0,556
2020-11-20,-0.00681573737291858,0.07987860816996545,50,534,44,0,534
2020-11-23,0.00562010818184969,-0.11143516560065717,60,690,54,0,690
2020-11-24,0.0160324588140318,-0.13292167223989965,40,500,37,0,500
2020-11-25,-0.00158567475550941,-0.06294550470775884,53,531,49,0,531
2020-11-27,0.00239411102590114,-0.00159809299345527,28,232,25,0,232
2020-11-30,-0.00460614063697201,0.01096422673485608,60,734,51,0,734
2020-12-01,0.0112081406615929,-0.05467766299735495,43,564,38,0,564
2020-12-02,0.00178956452860428,0.1413138589283335,40,562,38,0,562
2020-12-03,-6.2435208029422e-4,0.05047056716131536,57,601,50,0,601
2020-12-04,0.00879746371518688,-0.03293409021044115,53,616,49,0,616
2020-12-07,-0.00193751343896325,0.2473927840918278,38,385,36,0,385
2020-12-08,0.00278327117017047,0.08564381495265148,55,613,50,0,613
2020-12-09,-0.00798096494847171,0.00942005178550668,48,535,45,0,535
2020-12-10,-0.00128593452777172,0.1685445039816525,46,511,42,0,511
2020-12-11,-0.00126579808423284,0.09075112673618162,39,414,34,0,414
2020-12-14,-0.00436878824514696,0.2427878082166806,49,531,46,0,531
2020-12-15,0.0128384820222186,0.0679753800758838,55,639,53,0,639
2020-12-16,0.00177122562032306,-0.02703474290387401,43,446,37,0,446
2020-12-17,0.00574114280898328,0.21518825431278832,37,457,32,0,457
2020-12-18,-0.0035172969521487,0.11718211197997636,48,448,46,0,448
2020-12-21,-0.00391392848690948,0.16216546018844843,71,733,65,0,733
2020-12-22,-0.00207524469177036,0.07709389735892828,45,489,42,0,489
2020-12-23,7.4553327181868e-4,0.08916911716739875,53,539,43,0,539
2020-12-24,0.00353034997948695,0.18163532501337337,26,263,24,0,263
2020-12-28,0.0086847075384115,0.07351770708337427,30,356,27,0,356
2020-12-29,-0.0022298648272787,-0.12448199632866629,29,312,25,0,312
2020-12-30,0.00134064809507922,0.04543902488995274,49,405,42,0,405
2020-12-31,0.00641820471170379,-0.04696911960390621,29,392,27,0,392
2021-01-04,-0.0148647627120258,-0.04465882689586248,55,519,47,0,519
2021-01-05,0.00705763138336203,0.15561863623770478,48,519,42,0,519
2021-01-06,0.00569360338247409,0.06784523600204424,66,714,55,0,714
2021-01-07,0.014738260107753,-0.16116491058719254,41,498,40,0,498
2021-01-08,0.00547683739351537,0.03724695049699253,57,585,52,0,585
2021-01-11,-0.00657632761662132,0.15547332600302374,42,449,37,0,449
2021-01-12,4.1570203056956e-4,-0.02258487846074786,48,506,41,0,506
2021-01-13,0.00227305638672611,0.03682427516691767,49,608,47,0,608
2021-01-14,-0.0037605130687431,0.04630658154854199,39,408,36,0,408
2021-01-15,-0.0072160007982785,0.08413506637407409,64,650,51,0,650
2021-01-19,0.00810345763576166,-0.06734440261719837,42,487,41,0,487
2021-01-20,0.0138394173765109,-0.14060720208164473,55,699,54,0,699
2021-01-21,3.1667316131354e-4,-0.07884786974803622,48,442,36,0,442
2021-01-22,-0.00301515266293771,0.1367594314607508,46,501,41,0,501
2021-01-25,0.00360931751301747,9.4348300402998e-4,50,501,46,0,501
2021-01-26,-0.0014899431611535,0.04473247568632561,45,532,43,0,532
2021-01-27,-0.0260133151261004,0.08965583922090156,63,638,56,0,638
2021-01-28,0.0097132987787604,0.11159008296413554,54,619,50,0,619
2021-01-29,-0.019500377654792,0.121899520330899,57,741,51,0,741
2021-02-01,0.0159243002346786,0.04240325298054482,33,342,30,0,342
2021-02-02,0.0138025288143106,-0.1291772928949832,57,736,53,0,736
2021-02-03,0.00100826061534478,-0.02588112800553137,49,606,41,0,606
2021-02-04,0.010794847643922,-0.14708167618776713,28,373,26,0,373
2021-02-05,0.00388991960776382,-0.10761767676383004,57,673,50,0,673
2021-02-08,0.00737210747628904,-0.08806810803443388,43,425,40,0,425
2021-02-09,-0.00111414542172117,0.00248101824480626,36,452,36,0,452
2021-02-10,-3.4524452239156e-4,0.10348794357771111,50,716,47,0,716
2021-02-11,0.00166107481458771,0.0270056203007698,45,482,41,0,482
2021-02-12,0.00469997092616261,0.3092519016770114,56,580,52,0,580
2021-02-16,-5.6943451541546e-4,-0.08957231934559909,37,370,35,0,370
2021-02-17,-3.2045334891695e-4,0.098109758588751525,35,395,33,0,395
2021-02-18,-0.0044256142272433,0.00553456483743129,39,497,38,0,497
2021-02-19,-0.00185661909566493,-0.13000636781618916,34,350,29,0,350
2021-02-22,-0.00776289289371086,0.05649525783239649,39,376,37,0,376
2021-02-23,0.00125552961152653,0.04577617748657724,54,561,48,0,561
2021-02-24,0.0112876676709859,-0.02983888945845325,63,601,56,0,601
2021-02-25,-0.0247833944241719,-0.05769937829691631,53,525,48,0,525
2021-02-26,-0.00476153229379878,0.06287159919546477,56,569,43,0,569
2021-03-01,0.0235121732256935,-0.21751633555062655,50,554,46,0,554
2021-03-02,-0.00811367873950876,0.1322196832152258,36,394,33,0,394
2021-03-03,-0.0131523358948012,-0.00827688697058985,41,463,35,0,463
2021-03-04,-0.0135080380643905,0.16587897156132386,40,370,32,0,370
2021-03-05,0.0193083563387092,0.04268165122158008,57,555,46,0,555
2021-03-08,-0.00537364322402543,-0.00953579534931729,48,508,41,0,508
2021-03-09,0.0140554007439306,-0.21801291169049364,40,532,38,0,532
2021-03-10,0.0060122037709882,0.05971420102287084,31,357,27,0,357
2021-03-11,0.0103418255006576,-0.08548291334801535,45,405,39,0,405
2021-03-12,0.00101488332753085,-0.01856240656663924,59,521,43,0,521
2021-03-15,0.00647093953941305,0.07877316884696484,46,484,40,0,484
2021-03-16,-0.00157091697859591,0.08336764938663961,54,609,48,0,609
2021-03-17,0.00287524465015926,0.15236025449785143,57,494,47,0,494
2021-03-18,-0.0148705600659478,-0.02015727776670246,50,436,44,0,436
2021-03-19,-6.0288567375502e-4,0.2214286622254969,44,459,38,0,459
2021-03-22,0.00700055689834275,0.0044154933676487,41,474,39,0,474
2021-03-23,-0.00766011811933403,0.3039503106161934,38,467,37,0,467
2021-03-24,-0.00548233660034883,0.20920343021465335,44,492,42,0,492
2021-03-25,0.00522658343272929,0.0981451617685116,51,564,45,0,564
2021-03-26,0.0164944186587166,-0.01270089441007285,33,404,30,0,404
2021-03-29,-8.6838962638673e-4,0.20390859534274097,54,572,48,0,572
2021-03-30,-0.00316282940965003,0.07595952995596271,51,533,47,0,533
2021-03-31,0.00361595359241989,-0.02166056696968063,52,510,46,0,510
2021-04-01,0.0117558304276741,-0.1764704319442807,42,451,40,0,451
2021-04-05,0.0143349877622439,7.0077964022746e-4,49,455,46,0,455
2021-04-06,-9.7400494079692e-4,-0.20121979920301017,52,530,49,0,530
2021-04-07,0.00147414569810681,0.08856648871647742,34,366,32,0,366
2021-04-08,0.00421175094059177,-0.04007603826423017,53,504,50,0,504
2021-04-09,0.00769028813568728,-0.05009043172697514,62,595,56,0,595
2021-04-12,-1.9609807473953e-4,0.16845886720000722,63,641,57,0,641
2021-04-13,0.00328907187706257,0.04445843312278157,40,343,35,0,343
2021-04-14,-0.00409610432073015,-0.08943923445195683,58,543,53,0,543
2021-04-15,0.0110331014011195,0.04880349859061728,60,616,57,0,616
2021-04-16,0.00360232339051797,-0.08200303985795472,50,464,45,0,464
2021-04-19,-0.00532068989375795,0.06237551764819245,49,513,47,0,513
2021-04-20,-0.0068255610050778,0.16008801461687958,48,433,44,0,433
2021-04-21,0.00926302091985324,0.08052350792735297,52,605,51,0,605
2021-04-22,-0.00925333786055432,0.18591940134271567,64,664,60,0,664
2021-04-23,0.010869409895531,0.01142589027343395,66,487,49,0,487
2021-04-26,0.00178068456458262,-0.03709364122533727,42,319,34,0,319
2021-04-27,-2.1491898144423e-4,-0.03531045059495036,57,675,55,0,675
2021-04-28,-8.4589758739604e-4,-0.00211269164228932,59,561,50,0,561
2021-04-29,0.00674004153670241,-0.10715248094752348,61,509,52,0,509
2021-04-30,-0.00722071341711983,-0.10277026488433462,55,696,52,0,696
2021-05-03,0.00274432164951217,-0.09911958289078691,44,456,39,0,456
2021-05-04,-0.00670073748984723,0.04290251969468978,49,531,47,0,531
2021-05-05,7.0321644711351e-4,-0.13048956038877996,38,461,36,0,461
2021-05-06,0.00813229949863205,0.03287774016045862,45,413,38,0,413
2021-05-07,0.00734629141918635,-0.06355490923548739,51,606,46,0,606
2021-05-10,-0.010490480503138,-0.08959689010412265,39,295,30,0,295
2021-05-11,-0.00871175014178154,0.22914331408943717,56,698,50,0,698
2021-05-12,-0.0216827823583024,0.0746246740996984,31,321,30,0,321
2021-05-13,0.0120996445780941,0.08833833747431291,54,616,49,0,616
2021-05-14,0.0148077785636236,-0.02479545116823698,35,419,31,0,419
2021-05-17,-0.00253325818396192,0.08379180955671472,32,363,32,0,363
2021-05-18,-0.0085537723840327,0.0980006007833735,51,697,46,0,697
2021-05-19,-0.00294775181137841,0.2987613829858934,42,426,39,0,426
2021-05-20,0.0104994293345084,0.09134534897924768,33,340,31,0,340
2021-05-21,-7.841880752528e-4,0.03130346082769775,57,530,52,0,530
2021-05-24,0.00986249748121608,0.11119701384979468,33,399,32,0,399
2021-05-25,-0.0021275454008286,0.03128489135108086,45,424,40,0,424
2021-05-26,0.00187505755061045,0.04002354600108484,49,693,44,0,693
2021-05-27,0.001164636089863,0.13421580826904356,44,475,38,0,475
2021-05-28,7.6858645288733e-4,0.10845974483628767,43,480,40,0,480
2021-06-01,-4.9245475862916e-4,-0.01370464808606748,43,440,39,0,440
2021-06-02,0.00144588903690029,0.05824474991868556,32,374,28,0,374
2021-06-03,-0.00363530305604932,0.05064622955302872,37,443,36,0,443
2021-06-04,0.00879530338301632,-0.03646169424019818,45,441,40,0,441
2021-06-07,-7.970562694215e-4,0.2332419423175265,39,427,38,0,427
2021-06-08,1.7500954944121e-4,0.09873181935418894,39,479,39,0,479
2021-06-09,-0.00182553259061568,0.06277116297935255,39,575,37,0,575
2021-06-10,0.00464145477646291,0.1269401400592039,46,521,42,0,521
2021-06-11,0.00194653893280836,0.04921111416159955,46,528,43,0,528
2021-06-14,0.00181355638513617,0.14350801812058003,39,540,37,0,540
2021-06-15,-0.00201371995427588,0.1338934975845893,41,517,39,0,517
2021-06-16,-0.00540470374702649,0.08792824833931047,42,534,38,0,534
2021-06-17,-4.3581054367264e-4,0.10147344868540042,31,390,30,0,390
2021-06-18,-0.0132113556872842,0.15766888644903637,43,419,40,0,419
2021-06-21,0.0139051635123199,0.08978797465048653,48,571,44,0,571
2021-06-22,0.00511140637899061,0.09390207984484732,50,714,48,0,714
2021-06-23,-0.00108387051864959,0.03032880208047572,30,328,30,0,328
2021-06-24,0.00579442954591689,0.12374270455135654,45,668,41,0,668
2021-06-25,0.00332506316468756,-0.08356563789722579,54,539,50,0,539
2021-06-28,0.00231228886047175,0.07455051484761167,44,463,41,0,463
2021-06-29,2.7729774268781e-4,-0.06959895405452698,41,442,39,0,442
2021-06-30,0.00132727842290719,-0.03219327477024678,54,565,48,0,565
2021-07-01,0.00520804143225474,0.0585677807896652,44,630,41,0,630
2021-07-02,0.00747209589469167,0.07073803007887262,45,449,41,0,449
2021-07-06,-0.00202390277002178,0.22152732814756745,40,379,37,0,379
2021-07-07,0.00335334655366293,0.1276001614589181,57,770,51,0,770
2021-07-08,-0.0085978810095564,0.24414771008781735,41,464,39,0,464
2021-07-09,0.0112148259024138,0.04982533479988303,56,628,50,0,628
2021-07-12,0.00344523269559405,0.05171866981424955,48,516,41,0,516
2021-07-13,-0.00352301118116558,0.06262536660544768,53,522,50,0,522
2021-07-14,0.00116425656546933,0.07683365776628147,51,465,44,0,465
2021-07-15,-0.00326757356274591,0.02765540366194078,35,434,30,0,434
2021-07-16,-0.00756741500681322,0.11283642913286504,39,383,35,0,383
2021-07-19,-0.015996781399984,0.12336740789093407,48,496,45,0,496
2021-07-20,0.0150488060047999,0.0943210514333623,50,514,47,0,514
2021-07-21,0.00820804166214404,-0.13342175721988062,46,478,44,0,478
2021-07-22,0.00201463920924298,-0.03063141500176645,43,465,43,0,465
2021-07-23,0.0100943323862544,-0.07395541016475446,44,457,40,0,457
2021-07-26,0.00237936692272959,0.05473777433222744,51,596,48,0,596
2021-07-27,-0.004723583382178,0.01659165013520775,46,485,44,0,485
2021-07-28,-1.862792315527e-4,0.10100262474098803,49,577,44,0,577
2021-07-29,0.00419733184527264,-0.05074009627677024,46,495,42,0,495
2021-07-30,-0.00542071360826117,-0.01821869444735005,53,688,47,0,688
2021-08-02,-0.00184450567006036,0.08055015612361868,44,547,42,0,547
2021-08-03,0.00816996133891806,-0.14857450164290523,50,491,46,0,491
2021-08-04,-0.00464315066129546,-0.07264205757299351,50,554,46,0,554
2021-08-05,0.00598748599041911,-0.02243704664980131,44,406,40,0,406
2021-08-06,0.00167386454852888,-0.07706893291781723,56,512,51,0,512
2021-08-09,-9.4035026495493e-4,0.0728077354294891,42,466,39,0,466
2021-08-10,9.9218695386345e-4,-0.07775415314608836,45,470,43,0,470
2021-08-11,0.00127493071801548,0.10184014553138136,52,510,48,0,510
2021-08-12,0.00413780773547866,1.7333754992766e-4,37,379,35,0,379
2021-08-13,0.00160601632092284,-0.05472873118543608,43,487,38,0,487
2021-08-16,0.00261742226199436,0.15975687666619667,47,525,41,0,525
2021-08-17,-0.00708574350713799,0.00810448421995986,37,440,34,0,440
2021-08-18,-0.0108066528452543,0.0666789680554243,46,515,43,0,515
2021-08-19,0.00125590325615692,0.14095254890793002,40,443,36,0,443
2021-08-20,0.00810860389074176,0.21108026609263933,44,541,40,0,541
2021-08-23,0.00848766798441218,0.02231481704885872,35,395,33,0,395
2021-08-24,0.00149461880196207,-0.09030092276885614,38,432,35,0,432
2021-08-25,0.00221765740325088,-0.02380157185718417,50,497,47,0,497
2021-08-26,-0.00584194982760266,0.09178570360402218,54,543,52,0,543
2021-08-27,0.00876907154045222,0.16801066160757816,62,693,54,0,693
2021-08-30,0.0042973241068746,0.02927714746329002,48,543,45,0,543
2021-08-31,-0.00135002691589321,0.00778481909246356,54,602,48,0,602
2021-09-01,3.1164006095334e-4,0.06960417547088582,49,552,46,0,552
2021-09-02,0.00283860575440426,-0.02053820800134226,38,506,37,0,506
2021-09-03,-3.3508726118134e-4,0.08997178282064851,50,541,42,0,541
2021-09-07,-0.00340135245232035,0.17759555204779978,41,385,38,0,385
2021-09-08,-0.00131943681381667,0.12744252832469458,46,575,45,0,575
2021-09-09,-0.00461624715000252,0.17161191120394506,40,532,39,0,532
2021-09-10,-0.0077525522862761,0.09457446771343794,41,387,38,0,387
2021-09-13,0.00227390034636964,0.18432052747595393,47,515,46,0,515
2021-09-14,-0.0057632139662586,0.1494236482184432,54,605,51,0,605
2021-09-15,0.00843829422207973,0.157877305169056,41,591,38,0,591
2021-09-16,-0.00155234471276383,0.02850548054557293,40,545,40,0,545
2021-09-17,-0.0091526302757993,0.2011356933715953,42,458,37,0,458
2021-09-20,-0.0171230777263818,0.2904122749538119,67,723,60,0,723
2021-09-21,-8.1268865854695e-4,0.1787879221459284,53,658,49,0,658
2021-09-22,0.00947458522422008,0.18042988318817244,59,656,51,0,656
2021-09-23,0.012061680369936,0.05412797118584017,45,509,43,0,509
2021-09-24,0.00145994281136426,0.12645634878770745,44,430,39,0,430
2021-09-27,-0.00278024392018767,0.05188175707798623,46,445,43,0,445
2021-09-28,-0.0205743177398941,0.05306958207060519,51,582,47,0,582
2021-09-29,0.00156795433628381,0.13463625631293633,48,538,45,0,538
2021-09-30,-0.0119812029450149,-0.01161238070972103,44,461,38,0,461
2021-10-01,0.0114259521133342,0.09834374083614723,48,551,41,0,551
2021-10-04,-0.0130709520486437,0.1245532345608808,40,534,38,0,534
2021-10-05,0.0104695174986015,-0.05814401668153311,38,489,37,0,489
2021-10-06,0.00409439934962482,0.1774421448442255,46,545,43,0,545
2021-10-07,0.0082640392250654,-0.10602689800725784,40,431,39,0,431
2021-10-08,-0.00191555660242145,-0.00659519487817306,40,367,36,0,367
2021-10-11,-0.00688944164433983,0.11827189425759492,47,564,45,0,564
2021-10-12,-0.00241970568655493,0.07415410555749029,38,424,37,0,424
2021-10-13,0.00301795587023192,-0.15038021488803482,46,477,41,0,477
2021-10-14,0.0169191622857116,-0.16009007245079374,50,524,48,0,524
2021-10-15,0.00743252063719008,-0.05671509190578945,55,569,47,0,569
2021-10-18,0.00336908780180383,-0.03117228718228408,51,477,50,0,477
2021-10-19,0.00736614278423575,0.05002732307373662,50,499,47,0,499
2021-10-20,0.00365733359856069,0.08489151096367209,52,570,50,0,570
2021-10-21,0.00299139316836002,0.08093794887724651,62,535,59,0,535
2021-10-22,-0.00107312922466436,-0.00695236944466159,45,382,41,0,382
2021-10-25,0.00473695944085351,-0.00479124964826601,52,532,51,0,532
2021-10-26,0.00181814143224411,-0.10424405487061324,58,481,56,0,481
2021-10-27,-0.00506437037110553,-0.09574226523545804,48,484,45,0,484
2021-10-28,0.00978128842418403,-0.0976955312758946,45,376,43,0,376
2021-10-29,0.00194743723171756,0.07656229409978402,49,404,42,0,404
2021-11-01,0.00179845894590239,-0.02128657843869322,44,480,41,0,480
2021-11-02,0.00367360712038855,-0.01435154466448831,33,328,31,0,328
2021-11-03,0.00644049461289024,0.12414035824963784,49,629,45,0,629
2021-11-04,0.00417322234281704,0.02348512260952,57,583,52,0,583
2021-11-05,0.00372585004528445,-0.08139564200224841,51,489,46,0,489
2021-11-08,8.8739406070251e-4,-0.15180807873839514,30,254,28,0,254
2021-11-09,-0.00350491092640013,0.03797823735685769,53,622,51,0,622
2021-11-10,-0.00825984216386106,0.03462010158303504,39,466,36,0,466
2021-11-11,5.5078833298892e-4,-0.00724489350545194,37,572,36,0,572
2021-11-12,0.00719669756413041,0.08687294225009365,44,581,42,0,581
2021-11-15,-1.07398780170019e-5,0.04410447969677902,42,493,41,0,493
2021-11-16,0.00385777905712664,-0.06027925775861096,43,518,40,0,518
2021-11-17,-0.00260501548289588,0.04375144617224578,40,460,39,0,460
2021-11-18,0.00337906474017191,-0.03406860635675234,51,605,46,0,605
2021-11-19,-0.0013996446049881,0.00512580757841784,47,460,42,0,460
2021-11-22,-0.00320225831696072,0.11719961945962608,64,687,61,0,687
2021-11-23,0.0016557613831952,0.04185230946548531,62,652,59,0,652
2021-11-24,0.00229122377666728,0.2061020091729612,48,657,43,0,657
2021-11-26,-0.0229870111593212,0.236320016159657,49,335,39,0,335
2021-11-29,0.013113836082824201,0.11846309530942346,42,458,38,0,458
2021-11-30,-0.0191433811878506,0.22019452734594616,61,713,55,0,713
2021-12-01,-0.0118855414579559,0.07130578431584265,46,514,40,0,514
2021-12-02,0.0140946383960578,0.09939996131323846,41,524,38,0,524
2021-12-03,-0.00848445514173865,0.1434424368654499,46,478,38,0,478
2021-12-06,0.0116625993096861,0.13750208547318596,46,440,43,0,440
2021-12-07,0.0204956031862525,-0.02061960552087746,39,407,36,0,407
2021-12-08,0.00308053558658581,0.060090294511533,47,483,41,0,483
2021-12-09,-0.00720698823252366,0.08597123094547826,39,511,37,0,511
2021-12-10,0.00950376911820972,0.00845352021034076,44,452,37,0,452
2021-12-13,-0.00917815834279381,0.06205526741890935,50,543,50,0,543
2021-12-14,-0.00749872285462367,0.17793412643103776,44,481,42,0,481
2021-12-15,0.0162162673518909,0.12951837526846,55,469,42,0,469
2021-12-16,-0.00878186331111245,0.06958996395598042,53,666,50,0,666
2021-12-17,-0.0103409645840537,0.19243090837716875,41,418,37,0,418
2021-12-20,-0.0114533983232566,0.20812090735349695,52,521,46,0,521
2021-12-21,0.0176217553851955,-0.1016013922962884,37,360,35,0,360
2021-12-22,0.0101287280291276,0.12554992710363963,42,440,40,0,440
2021-12-23,0.00620441268525163,0.03238712023529741,45,547,43,0,547
2021-12-27,0.0137440515736059,0.04962194822617058,35,278,33,0,278
2021-12-28,-0.00101066539888737,0.03133211508429667,45,373,43,0,373
2021-12-29,0.00140091340185768,0.08833172809390817,40,372,37,0,372
2021-12-30,-0.00299423384190431,-0.0476852217496259,43,383,42,0,383
2021-12-31,-0.00262963437347444,-0.1023129969078896,34,340,33,0,340
2022-01-03,0.0063538241703884,-0.18831667936358013,38,356,35,0,356
2022-01-04,-6.2982025220327e-4,-0.17451683473863622,58,632,56,0,632
2022-01-05,-0.0195832643045011,0.1635382428576122,57,650,50,0,650
2022-01-06,-9.6423374018098e-4,-0.00800394060878226,39,424,35,0,424
2022-01-07,-0.00405844108233651,0.02544581659115946,51,691,43,0,691
2022-01-10,-0.0014420705375389,0.03440630204171281,44,470,40,0,470
2022-01-11,0.00911828645239937,0.08277589422323217,34,416,33,0,416
2022-01-12,0.00281379201466707,-0.02254353943930635,43,465,40,0,465
2022-01-13,-0.0143460292344005,0.09656322126885732,39,424,37,0,424
2022-01-14,8.1964426959056e-4,-0.06699754267716614,54,569,45,0,569
2022-01-18,-0.0185591053980085,0.12249585016184426,57,666,50,0,666
2022-01-19,-0.0097367909414602,0.02128687588680444,53,737,45,0,737
2022-01-20,-0.0110987423043307,-0.01329614515780122,45,539,38,0,539
2022-01-21,-0.0190959953246354,0.14957644897743916,58,546,46,0,546
2022-01-24,0.00276790475826952,0.24310292042881393,65,652,61,0,652
2022-01-25,-0.0122465905568663,0.10778225695239162,65,661,55,0,661
2022-01-26,-0.00149775692588566,0.1473869060857304,79,715,61,0,715
2022-01-27,-0.00539863519997092,0.06976911207492219,62,572,53,0,572
2022-01-28,0.0240559679147367,0.04011675400082216,60,649,55,0,649
2022-01-31,0.0187098262229844,0.12030849877547278,43,547,40,0,547
2022-02-01,0.00683956034831707,0.05637562349575626,51,627,47,0,627
2022-02-02,0.00937840044832445,-0.05414553018762482,46,456,42,0,456
2022-02-03,-0.0246934717201207,0.14069473948620723,48,444,44,0,444
2022-02-04,0.00514367843986363,-0.0989813390937093,51,473,45,0,473
2022-02-07,-0.00370858092782849,0.05232516399800344,44,494,42,0,494
2022-02-08,0.00836611346663433,0.02985616342739661,40,403,37,0,403
2022-02-09,0.0144128420792648,-0.16951174467688665,36,427,34,0,427
2022-02-10,-0.018281824485056,-0.00454242409505241,40,507,38,0,507
2022-02-11,-0.0191516826380865,0.235614320720464,49,570,44,0,570
2022-02-14,-0.00384799075562831,0.1758936410788397,47,474,43,0,474
2022-02-15,0.0156437176460642,0.02460239284485916,42,487,40,0,487
2022-02-16,8.808197202838e-4,0.1125737043837764,45,472,38,0,472
2022-02-17,-0.0214005041369366,0.14129006347560846,48,547,47,0,547
2022-02-18,-0.00719196166386634,0.2146332625908582,54,605,47,0,605
2022-02-22,-0.010194735435016,0.2679777889315286,49,385,40,0,385
2022-02-23,-0.0185837357487884,0.1254665073679967,36,427,34,0,427
2022-02-24,0.014846105252724,0.18205374676774652,77,889,64,0,889
2022-02-25,0.0221260805512658,0.17628826578313203,51,522,43,0,522
2022-02-28,-0.00244559146312611,0.1671939147451814,48,503,43,0,503
2022-03-01,-0.0155944677866131,0.19073413996829913,36,454,34,0,454
2022-03-02,0.0184710467806522,0.08372012735471009,46,544,43,0,544
2022-03-03,-0.00526852074424565,0.12310829392642648,35,386,33,0,386
2022-03-04,-0.0079656845430019,0.11319842474313192,48,511,41,0,511
2022-03-07,-0.0299625868144165,0.10329932395187424,52,570,50,0,570
2022-03-08,-0.0072600439756981,0.11349636090771338,65,675,56,0,675
2022-03-09,0.0253735981221411,0.08087493501513493,52,615,47,0,615
2022-03-10,-0.00430104992024721,0.25206608153731114,58,592,56,0,592
2022-03-11,-0.0130462789332381,0.22761708625725335,35,428,33,0,428
2022-03-14,-0.00744867509553331,0.10493498579322774,49,501,44,0,501
2022-03-15,0.021182629724145,0.17279807139681372,39,390,34,0,390
2022-03-16,0.0221369216483934,0.1595440148098749,63,754,56,0,754
2022-03-17,0.0122722050687003,0.14246057185026037,49,562,46,0,562
2022-03-18,0.0115948144118881,0.23640939357296817,41,435,33,0,435
2022-03-21,-4.3475485430146e-4,0.251513430510702,46,464,40,0,464
2022-03-22,0.0112406995540742,-0.00208969869639813,42,522,41,0,522
2022-03-23,-0.0123486302524952,0.11446645991369687,43,416,42,0,416
2022-03-24,0.014242012281618,-0.01229946365554574,47,713,46,0,713
2022-03-25,0.00505338070423767,0.02293247523343642,66,912,60,0,912
2022-03-28,0.00711955102004257,0.13602660632160324,45,493,42,0,493
2022-03-29,0.0121820441013911,0.11312475474135553,56,692,53,0,692
2022-03-30,-0.00631358899908878,0.1099325055675596,49,557,44,0,557
2022-03-31,-0.0157763352268818,0.11572109070584702,68,670,60,0,670
2022-04-01,0.00340442096146303,0.03266220612287546,61,937,55,0,937
2022-04-04,0.00805838253213365,0.01458569248724315,45,537,44,0,537
2022-04-05,-0.0126311590740054,0.11966425985470282,44,546,42,0,546
2022-04-06,-0.00976443391247972,0.21961167822571173,56,558,52,0,558
2022-04-07,0.00424436555203726,0.13734997475963798,56,592,51,0,592
2022-04-08,-0.00265454667555239,0.06284002296208098,53,560,51,0,560
2022-04-11,-0.0170213345846961,0.08228070946617748,43,398,42,0,398
2022-04-12,-0.00342330053045224,0.06327563752856805,30,335,28,0,335
2022-04-13,0.0111126032689019,-0.01328501657699234,40,327,36,0,327
2022-04-14,-0.0122184803835082,0.13721282116073946,44,445,39,0,445
2022-04-18,-2.048892724065e-4,0.00719083198649362,45,375,43,0,375
2022-04-19,0.0159300447493867,-0.03616978547290002,47,484,46,0,484
2022-04-20,-6.1866640618257e-4,-0.15125873980216795,45,468,42,0,468
2022-04-21,-0.0148628555513111,-0.06421301809174024,58,559,55,0,559
2022-04-22,-0.028132076377367,0.05222137026102987,54,485,52,0,485
2022-04-25,0.00568176514411181,0.15274392685726151,57,644,53,0,644
2022-04-26,-0.0285500089285978,-0.05292412300772966,46,551,44,0,551
2022-04-27,0.0020958490249646,-0.01298603779801885,53,500,50,0,500
2022-04-28,0.0244456553408322,-0.08793608581601017,55,542,53,0,542
2022-04-29,-0.0369591597846941,-0.0068160970579905,58,632,44,0,632
2022-05-02,0.0056591992938186,0.23660505120060407,45,457,40,0,457
2022-05-03,0.00482546507535952,0.04916150701437042,48,467,47,0,467
2022-05-04,0.0294252215573258,0.00750107937375783,63,664,54,0,664
2022-05-05,-0.0363006775640991,0.08500533373652226,49,495,46,0,495
2022-05-06,-0.00569038441395277,0.02540091762784868,58,563,52,0,563
2022-05-09,-0.0325615195396042,0.12572654687878568,63,585,54,0,585
2022-05-10,0.00245488176040925,0.16314620841881097,81,801,75,0,801
2022-05-11,-0.0166002320956978,0.04851983239807221,52,513,47,0,513
2022-05-12,-0.00129680499411244,0.20499043883627072,52,574,46,0,574
2022-05-13,0.0235892679568694,0.151491945394082,65,646,58,0,646
2022-05-16,-0.00395420851772246,0.04590311336918754,48,454,45,0,454
2022-05-17,0.0199689195814626,-0.03887407701525566,42,504,40,0,504
2022-05-18,-0.0412338092912489,0.1405090041654585,57,659,53,0,659
2022-05-19,-0.00585086477734781,0.2237627451076328,87,904,80,0,904
2022-05-20,1.461310919903e-4,0.1431194318750873,70,667,61,0,667
2022-05-23,0.0183849954120608,0.07608828841803188,60,596,56,0,596
2022-05-24,-0.00815395090355808,0.09911105308409056,61,680,56,0,680
2022-05-25,0.00940638564893159,0.1741952578323112,62,610,54,0,610
2022-05-26,0.0196881660077209,-0.01988446356553671,48,617,45,0,617
2022-05-27,0.024441130195822,-0.12246685024971764,57,687,50,0,687
2022-05-31,-0.00629413519366694,0.11358090059513308,43,462,39,0,462
2022-06-01,-0.00751090504115545,0.03774768592646727,47,571,43,0,571
2022-06-02,0.0182632254155451,0.116924390956185,42,522,41,0,522
2022-06-03,-0.0164824056098171,0.11653472063908143,47,462,36,0,462
2022-06-06,0.00313248940703603,-0.02568432201045206,57,572,52,0,572
2022-06-07,0.00947833153171984,0.1534445976834983,48,438,42,0,438
2022-06-08,-0.0108526230401553,0.00645279720922838,41,429,40,0,429
2022-06-09,-0.0240864576651555,0.23883484072917427,41,435,36,0,435
2022-06-10,-0.0295424148114095,0.13190100870074342,67,754,56,0,754
2022-06-13,-0.0395399319900399,0.20011318462449051,86,789,78,0,789
2022-06-14,-0.00378081803948963,0.12983986585620894,81,807,76,0,807
2022-06-15,0.0144870588365345,0.11675828380771634,57,681,52,0,681
2022-06-16,-0.0330522071138407,0.24800598248522476,64,696,59,0,696
2022-06-17,0.00219844734101339,0.20335348191426364,49,537,44,0,537
2022-06-21,0.024182474960672,0.0922965261687932,50,482,48,0,482
2022-06-22,-0.00130242009535745,0.2027519381669764,45,478,40,0,478
2022-06-23,0.00948707248555652,0.1955009740032598,51,531,47,0,531
2022-06-24,0.030105539729901,0.06483872016542591,45,449,41,0,449
2022-06-27,-0.00297749989034067,0.00209941755078821,37,545,35,0,545
2022-06-28,-0.0203486731494949,0.10475905325211998,45,502,42,0,502
2022-06-29,-7.1199882017269e-4,0.24474478588805465,48,548,44,0,548
2022-06-30,-0.00879786624636765,0.20548366315384295,70,793,63,0,793
2022-07-01,0.0104985112966392,0.08385086076376581,61,685,55,0,685
2022-07-05,0.00158287510619349,0.14464646313119575,45,429,41,0,429
2022-07-06,0.00356679570506618,0.2054133863990849,47,482,43,0,482
2022-07-07,0.0148537231809304,0.08269909637716696,38,469,37,0,469
2022-07-08,-8.3061639612735e-4,-2.8507347633421e-4,56,588,46,0,588
2022-07-11,-0.0115944176605255,0.128811505675003,40,451,39,0,451
2022-07-12,-0.00928686849749371,0.08717544767147813,38,412,37,0,412
2022-07-13,-0.00446686411181668,0.07262824810964896,59,588,51,0,588
2022-07-14,-0.00300313881276431,0.0629352590990382,41,477,37,0,477
2022-07-15,0.0190192316586336,-0.08555546165226102,53,586,48,0,586
2022-07-18,-0.00839874248583594,0.04169256947887213,68,753,64,0,753
2022-07-19,0.0272535176437308,0.09045085967553322,55,635,53,0,635
2022-07-20,0.00587849394105717,-0.10807037184730652,45,389,41,0,389
2022-07-21,0.00981306668950467,0.04417776309328322,75,771,68,0,771
2022-07-22,-0.00937628729381385,-0.01417701155120134,51,557,47,0,557
2022-07-25,0.00131430297330587,0.2139907735411543,50,529,49,0,529
2022-07-26,-0.0116103425992634,0.12817979013349717,47,531,45,0,531
2022-07-27,0.0258200487786291,-0.10758835455194596,66,598,60,0,598
2022-07-28,0.0120603197919128,-0.00977751881907353,58,685,54,0,685
2022-07-29,0.0141077757817536,-0.12450512758979772,56,553,50,0,553
2022-08-01,-0.00282707654491673,0.08728923941252643,49,635,44,0,635
2022-08-02,-0.00668468837887098,0.18075378109880352,49,483,44,0,483
2022-08-03,0.0155174562700907,-0.03519114418976152,39,439,38,0,439
2022-08-04,-7.7764244958377e-4,0.05880282115070713,50,598,48,0,598
2022-08-05,-0.00162706901891912,-0.06914065385380008,42,460,39,0,460
2022-08-08,-0.00123831712212091,-0.10998268185022216,52,610,49,0,610
2022-08-09,-0.0042577442359265,0.05604162457085396,36,470,35,0,470
2022-08-10,0.0210671584604075,0.04214125051423591,59,734,57,0,734
2022-08-11,-7.0572292220181e-4,0.01179669611279832,47,507,45,0,507
2022-08-12,0.0171740469514927,0.10513846335059496,50,499,44,0,499
2022-08-15,0.00396168405623316,0.10502462285141662,51,474,49,0,474
2022-08-16,0.00187392282594786,0.06341866302512031,47,436,44,0,436
2022-08-17,-0.00726411486764802,0.07980929282443792,61,620,59,0,620
2022-08-18,0.0022669896063848,0.00822862874747443,32,394,32,0,394
2022-08-19,-0.0129839287130389,0.231837310057873,51,529,47,0,529
2022-08-22,-0.0216323664664946,0.2707158181074192,49,561,48,0,561
2022-08-23,-0.00224037043443746,0.1233830490700046,41,460,40,0,460
2022-08-24,0.00291191669872416,0.089695973583347,38,507,36,0,507
2022-08-25,0.013993241836107,0.2396731121847463,41,447,40,0,447
2022-08-26,-0.0342685763170395,0.25307888376954024,61,625,53,0,625
2022-08-29,-0.00668867519732481,0.14168734844707404,39,365,36,0,365
2022-08-30,-0.011089416492117,0.14651072429754122,33,316,31,0,316
2022-08-31,-0.00784773820815303,0.08555195436201757,32,355,29,0,355
2022-09-01,0.00299175226719487,0.1056712234265433,40,605,38,0,605
2022-09-02,-0.0107945525707244,0.11802173318609696,41,428,35,0,428
2022-09-06,-0.00410346469089514,0.02959215855149853,33,420,32,0,420
2022-09-07,0.0181748486661699,0.08923641226202664,45,621,44,0,621
2022-09-08,0.00658896688044245,0.1430197819165187,40,447,37,0,447
2022-09-09,0.0151560149812111,-0.06111034276077925,44,408,39,0,408
2022-09-12,0.0105286514839956,0.11923777927914934,31,366,30,0,366
2022-09-13,-0.0441991630319741,0.27299301539702964,63,646,59,0,646
2022-09-14,0.00338128907884472,0.08709438423835536,64,724,57,0,724
2022-09-15,-0.0113822721681495,0.06165126950191652,55,417,44,0,417
2022-09-16,-0.00720804977566318,0.22137714182960433,60,569,54,0,569
2022-09-19,0.00683369772470577,0.29109887129403006,47,471,45,0,471
2022-09-20,-0.0113361147366004,0.1826857763490563,41,517,40,0,517
2022-09-21,-0.0172646740985063,0.1463702242442612,59,672,51,0,672
2022-09-22,-0.00846329383045399,0.1159419201352508,39,450,36,0,450
2022-09-23,-0.0173828287673308,0.15449499826549545,62,558,50,0,558
2022-09-26,-0.0103943608902805,0.2623615084687723,60,612,56,0,612
2022-09-27,-0.00212261095482473,0.11559460766279542,58,571,54,0,571
2022-09-28,0.0194811441811524,0.1200913219629119,54,609,46,0,609
2022-09-29,-0.0213527948230975,0.2168651570156306,52,685,50,0,685
2022-09-30,-0.0151813515462093,0.1653994992118731,55,562,45,0,562
2022-10-03,0.0255545775309302,0.00372043727720911,37,443,32,0,443
2022-10-04,0.0301253414167998,-0.02049755610420581,46,560,44,0,560
2022-10-05,-0.00201998755893812,0.06667438626122804,45,472,44,0,472
2022-10-06,-0.0102979229113952,-0.05595087103800413,46,510,44,0,510
2022-10-07,-0.0284031965314781,0.04708524688806695,45,439,39,0,439
2022-10-10,-0.00752067313365277,0.19132509455394417,47,487,45,0,487
2022-10-11,-0.00654051841232378,0.28917159008982707,50,591,47,0,591
2022-10-12,-0.00329619965016629,0.1832248970923173,47,496,42,0,496
2022-10-13,0.0256342593076311,0.06848264056316111,62,502,52,0,502
2022-10-14,-0.0239471207445284,0.02015450177584741,59,522,51,0,522
2022-10-17,0.0261355245575618,-0.04471653155730261,45,469,43,0,469
2022-10-18,0.0113627682070875,-0.05871054161664743,49,497,44,0,497
2022-10-19,-0.00669445523968437,-0.05888084537475281,56,523,53,0,523
2022-10-20,-0.0079826867387667,0.07601308388133612,53,428,48,0,428
2022-10-21,0.0234477598604473,0.07625278290063936,47,416,40,0,416
2022-10-24,0.0118119402051115,0.28356319314925305,67,837,65,0,837
2022-10-25,0.016135770015875,0.09617209289022036,57,674,53,0,674
2022-10-26,-0.00741514039898989,-0.1084089835301748,50,620,49,0,620
2022-10-27,-0.00610118505318445,-0.06534167725345863,68,596,57,0,596
2022-10-28,0.0243280367708563,-0.09928871454005556,65,749,58,0,749
2022-10-31,-0.00748232703033641,0.1978062503530964,44,492,42,0,492
2022-11-01,-0.00410966372035901,0.00453135934697976,35,397,32,0,397
2022-11-02,-0.0253198437374829,0.08578527716766121,59,529,52,0,529
2022-11-03,-0.0106424225319566,-0.03821694130418791,35,271,32,0,271
2022-11-04,0.013526823285564,-0.03506323442627263,50,425,43,0,425
2022-11-07,0.00956806167935914,0.2562963726978684,34,418,34,0,418
2022-11-08,0.00558228282876032,-0.09409021577353038,47,569,46,0,569
2022-11-09,-0.0209967847123034,0.10219657144891144,37,399,36,0,399
2022-11-10,0.0539525156647977,-0.0923084681016119,57,661,55,0,661
2022-11-11,0.00919831230476903,0.03616588373670867,49,579,47,0,579
2022-11-14,-0.00897594054491801,0.24266535940303585,50,531,47,0,531
2022-11-15,0.00867537641466919,-0.07441690763096429,45,518,44,0,518
2022-11-16,-0.00828628311187376,0.135160579046238,58,559,47,0,559
2022-11-17,-0.00309410464422928,0.14539703909058688,53,600,50,0,600
2022-11-18,0.00474729564815821,0.13311763708847543,45,505,44,0,505
2022-11-21,-0.00389124980027562,0.23431182658791336,45,414,42,0,414
2022-11-22,0.0134886062698284,-0.06235485082579543,35,345,34,0,345
2022-11-23,0.00589726604173831,0.1083802986043937,41,530,37,0,530
2022-11-25,-2.8308426220247e-4,0.11988792967583452,35,323,34,0,323
2022-11-28,-0.0155646967940648,0.21471206632655016,41,385,37,0,385
2022-11-29,-0.00159313370162437,-0.05306575797731057,40,449,37,0,449
2022-11-30,0.0304786435212949,0.16518632142317735,55,624,51,0,624
2022-12-01,-8.6800982960658e-4,0.12487327913278896,51,597,43,0,597
2022-12-02,-0.00119537466376146,0.06303822625190283,41,393,36,0,393
2022-12-05,-0.0180562496309722,0.02710452144168337,46,605,43,0,605
2022-12-06,-0.0145038694229861,0.2312076557902649,44,403,42,0,403
2022-12-07,-0.00186410725338166,0.13934514713725327,37,392,35,0,392
2022-12-08,0.00749363441393324,0.11605802534783533,48,580,46,0,580
2022-12-09,-0.00737671946421321,0.1068078752338936,49,409,45,0,409
2022-12-12,0.01417830729965,0.21686802681258685,47,495,45,0,495
2022-12-13,0.00726322325545721,0.05490420121812291,63,603,59,0,603
2022-12-14,-0.00607111662383596,0.1862635300181973,67,664,60,0,664
2022-12-15,-0.0252374779018261,0.2275613180779833,49,627,47,0,627
2022-12-16,-0.0112002399460117,0.22441107415356223,57,580,54,0,580
2022-12-19,-0.0090483289411038,0.24349069526260791,40,412,37,0,412
2022-12-20,0.00103680069789077,0.24427061859856952,55,641,49,0,641
2022-12-21,0.0147585486690543,-0.13772363774478436,46,526,43,0,526
2022-12-22,-0.0145571424981457,0.02086008717556386,43,483,43,0,483
2022-12-23,0.00585095227191507,0.17782551451439402,46,495,39,0,495
2022-12-27,-0.00405784403465948,0.16698831219450924,29,274,27,0,274
2022-12-28,-0.0120934704429486,0.21437612410227305,32,331,29,0,331
2022-12-29,0.0173106343149943,-0.02683747511717581,31,379,30,0,379
2022-12-30,-0.00254397564611083,0.1508958374115932,46,435,39,0,435
2023-01-03,-0.00400857248127361,0.19163230386993743,48,607,45,0,607
2023-01-04,0.00751069456213892,0.14725107847299482,57,601,52,0,601
2023-01-05,-0.0117138691364572,-0.01793688789958418,38,507,34,0,507
2023-01-06,0.0225838355890309,0.04492189758883153,41,440,33,0,440
2023-01-09,-7.6792732599057e-4,0.03817343406817166,42,477,41,0,477
2023-01-10,0.00695399797059373,0.13463725799065288,40,456,39,0,456
2023-01-11,0.0127675711922937,0.14778657787577354,44,595,43,0,595
2023-01-12,0.00341008491204273,0.11715906930316478,41,416,38,0,416
2023-01-13,0.00398889214465605,-0.04637550093096004,55,607,47,0,607
2023-01-17,-0.00203255543099631,0.1436243604215431,45,513,40,0,513
2023-01-18,-0.0156849669777447,0.08001353174098767,50,631,43,0,631
2023-01-19,-0.00766767190181243,0.2692048827982786,46,473,42,0,473
2023-01-20,0.018741673552352,0.05650535439874264,47,526,43,0,526
2023-01-23,0.0118113159513286,0.09292973525589332,49,497,48,0,497
2023-01-24,-7.1175636429181e-4,-0.06525751983587581,38,472,37,0,472
2023-01-25,-1.8174157346566e-4,0.04555686393776829,41,450,38,0,450
2023-01-26,0.0109477080291143,-0.00317158179499603,49,540,45,0,540
2023-01-27,0.00249173402170386,-0.0947285676045133,44,486,37,0,486
2023-01-30,-0.0130535693152927,0.288349624383533,41,402,40,0,402
2023-01-31,0.0145363044164195,0.05248583916801255,37,455,35,0,455
2023-02-01,0.0103980562968847,0.15116919046808366,56,633,51,0,633
2023-02-02,0.0145923846268544,0.11852586014276098,68,718,60,0,718
2023-02-03,-0.0104085926372855,0.2847002577961951,108,870,92,0,870
2023-02-06,-0.00615939319393926,0.3183339800262298,76,756,73,0,756
2023-02-07,0.0127903640373971,0.1863371546075283,67,655,65,0,655
2023-02-08,-0.0111425730124114,0.2709667475197922,58,527,52,0,527
2023-02-09,-0.00886900983103739,0.08755018501216227,64,588,59,0,588
2023-02-10,0.00219285570921713,0.20604217654276316,46,437,44,0,437
2023-02-13,0.0113835699511551,0.4036549408017688,72,738,69,0,738
2023-02-14,-2.8045385549376e-4,0.13393972433189516,65,756,61,0,756
2023-02-15,0.00276933753307669,0.11217493163931068,60,651,58,0,651
2023-02-16,-0.0138846892048816,0.04053710805497498,56,660,54,0,660
2023-02-17,-0.00277124217228273,0.361812527011187,55,546,54,0,546
2023-02-21,-0.0202447839734717,0.12205941776761448,50,513,46,0,513
2023-02-22,-0.00157479548564338,0.22097798575252792,59,596,57,0,596
2023-02-23,0.00531527826323773,-0.11412324543510163,42,492,40,0,492
2023-02-24,-0.0105934646197742,0.093281469637428,57,583,51,0,583
2023-02-27,0.00306829253955228,0.1569576892031865,49,532,46,0,532
2023-02-28,-0.00304061983094771,0.20216488411063405,54,542,52,0,542
2023-03-01,-0.00473646420349283,0.14383776039202614,55,577,51,0,577
2023-03-02,0.00755359373119597,0.15630266018504865,55,539,51,0,539
2023-03-03,0.0160187491764831,-0.01923287640752475,46,441,39,0,441
2023-03-06,6.869307788483e-4,0.31044054073444977,57,591,55,0,591
2023-03-07,-0.0154455904792625,0.17537877022168985,61,664,53,0,664
2023-03-08,0.00141379413560327,0.200341674313059,53,509,49,0,509
2023-03-09,-0.0186318579454824,0.08079610290176033,53,576,51,0,576
2023-03-10,-0.0145839694360666,0.14054074760026516,85,953,74,0,953
2023-03-13,-0.00151090184073877,0.25787504527016564,84,917,68,0,917
2023-03-14,0.0163423882353637,0.17353263909707925,76,863,65,0,863
2023-03-15,-0.0070053639293536,0.28441873782397653,67,627,57,0,627
2023-03-16,0.0174095762490317,0.2418404843547564,58,766,51,0,766
2023-03-17,-0.0110806212739537,0.09728020222246414,52,614,44,0,614
2023-03-20,0.00887886963594085,0.13728899705627498,63,638,54,0,638
2023-03-21,0.0128986475185591,0.06903441712557683,58,622,52,0,622
2023-03-22,-0.0166002486398429,0.14058258241902177,65,785,52,0,785
2023-03-23,0.00298008386918242,0.1724479961583711,40,500,38,0,500
2023-03-24,0.00562396308430321,0.19926559469914523,61,706,50,0,706
2023-03-27,0.00164559956376708,0.12501833541136875,56,542,53,0,542
2023-03-28,-0.00157508328838789,-0.02523775089774098,51,646,46,0,646
2023-03-29,0.0141368707750468,0.14340742932685285,53,619,50,0,619
2023-03-30,0.00569899919948265,0.06994313921274754,56,605,53,0,605
2023-03-31,0.0143333277820366,0.02781313065992435,50,526,43,0,526
2023-04-03,0.00369202256580282,0.09265448796404448,61,540,51,0,540
2023-04-04,-0.00581383974516253,0.05657837478946021,50,465,43,0,465
2023-04-05,-0.00249548165712142,0.1895633637610691,59,566,51,0,566
2023-04-06,0.00357277313280325,0.06224718241378468,48,595,44,0,595
2023-04-10,9.9580701701008e-4,0.23621167192504053,38,418,36,0,418
2023-04-11,-4.13533329835208e-5,0.1529811857085073,41,535,40,0,535
2023-04-12,-0.00414345632346139,0.1261982493254306,42,497,35,0,497
2023-04-13,0.0131755104978315,0.06567682949896676,33,435,32,0,435
2023-04-14,-0.00207151758457799,-0.10538783549951916,70,700,56,0,700
2023-04-17,0.00330070358261475,0.03873364970695547,56,712,53,0,712
2023-04-18,8.5485480346597e-4,0.03880328654726762,60,527,54,0,527
2023-04-19,-8.42655479396283e-5,0.101743726364172,42,366,38,0,366
2023-04-20,-0.00597033518831113,-0.10207205673309608,41,431,39,0,431
2023-04-21,9.0278125730088e-4,0.00555457031655618,51,538,44,0,538
2023-04-24,8.5121677827231e-4,0.13650043362618164,53,522,52,0,522
2023-04-25,-0.0159371838185765,0.06233918244180707,49,479,44,0,479
2023-04-26,-0.00384858350334488,0.01575915206747315,52,444,47,0,444
2023-04-27,0.0193771934026964,-0.1935193249242444,51,489,48,0,489
2023-04-28,0.00821933131324347,-0.05678882191303446,58,573,49,0,573
2023-05-01,-3.8618104851078e-4,0.20149345548561545,40,376,34,0,376
2023-05-02,-0.0116539066805718,0.16970753784982737,60,734,58,0,734
2023-05-03,-0.00702290805489297,0.15604611812371083,55,521,45,0,521
2023-05-04,-0.00724491345506274,0.19065936818054868,49,611,46,0,611
2023-05-05,0.0183061663818798,-0.07742950202216811,52,476,43,0,476
2023-05-08,4.5202648488206e-4,0.16372530484238976,45,506,42,0,506
2023-05-09,-0.0045899389490596,0.1544037331326896,41,435,40,0,435
2023-05-10,0.00447394224191443,-0.00804552839189354,45,436,39,0,436
2023-05-11,-0.00169806488970676,0.18214674800956496,59,634,55,0,634
2023-05-12,-0.00158456158943905,-0.06043942160322331,40,407,34,0,407
2023-05-15,0.00295379768031693,0.13963554752040275,49,507,45,0,507
2023-05-16,-0.00639810768191746,0.16843618247366976,47,513,44,0,513
2023-05-17,0.0118206886220716,-0.09983992524945436,41,432,37,0,432
2023-05-18,0.00940072306372716,-0.08965149441367733,48,499,44,0,499
2023-05-19,-0.00144691388067544,0.05298482942327395,68,554,58,0,554
2023-05-22,1.5502267980239e-4,0.32675688786042406,46,515,42,0,515
2023-05-23,-0.0112854687682843,0.23724594781495087,47,493,43,0,493
2023-05-24,-0.00734551267830521,0.17049656150265946,64,642,56,0,642
2023-05-25,0.00871945607901188,0.15558130235932857,65,608,59,0,608
2023-05-26,0.0129646809316408,-0.02191205073096272,54,508,42,0,508
2023-05-30,1.66031306657684e-5,0.11055268866584812,48,535,43,0,535
2023-05-31,-0.0061273581862141,0.29453241571616945,47,478,44,0,478
2023-06-01,0.00980621508585381,0.20469872935072173,66,643,58,0,643
2023-06-02,0.0144298123901074,0.08527886155264974,67,665,57,0,665
2023-06-05,-0.00200559149065771,0.10997573600818417,72,651,63,0,651
2023-06-06,0.00235113023385058,0.17064004205010253,52,543,49,0,543
2023-06-07,-0.00381929392642062,-0.01176490757034512,46,489,44,0,489
2023-06-08,0.00616957160752325,0.25327324873676127,61,584,54,0,584
2023-06-09,0.00114740102305052,0.11706833538709412,72,686,66,0,686
2023-06-12,0.00927797498175416,0.10526470586073292,54,520,52,0,520
2023-06-13,0.0069085707259089,0.0148784997565496,53,494,49,0,494
2023-06-14,8.1908998012658e-4,0.13357244526518375,70,812,66,0,812
2023-06-15,0.01210458049359,0.17510780840352574,57,552,52,0,552
2023-06-16,-0.00367837646775109,0.12040843686860936,57,529,52,0,529
2023-06-20,-0.00474635383523605,0.25405982938508925,52,542,49,0,542
2023-06-21,-0.0052590863669252,0.28958192590701703,60,620,56,0,620
2023-06-22,0.00370393038733453,0.3006507515086053,46,574,44,0,574
2023-06-23,-0.00768828805650216,0.14761014390470725,35,311,27,0,311
2023-06-26,-0.00449693436313217,0.36244751368068057,55,635,52,0,635
2023-06-27,0.0113907335241808,-0.08934405931961217,46,503,43,0,503
2023-06-28,-3.5413938838982e-4,0.2060893787901891,55,524,50,0,524
2023-06-29,0.00446356811449,-0.06134422648446001,51,540,45,0,540
2023-06-30,0.0121943502618858,-0.00444202721756498,59,582,52,0,582
2023-07-03,0.00116999309267364,-0.00366209567554535,31,256,28,0,256
2023-07-05,-0.00197025809761272,0.31913455822612424,41,429,38,0,429
2023-07-06,-0.00795406117589476,0.10983766665326368,42,496,41,0,496
2023-07-07,-0.00286921279573348,-0.01626228329509363,56,495,46,0,495
2023-07-10,0.00240213861062631,0.2447630737485906,50,511,47,0,511
2023-07-11,0.00671958399825487,-0.098099179739949,47,607,46,0,607
2023-07-12,0.00738390523538968,0.27082606450153796,63,579,59,0,579
2023-07-13,0.00843448298962711,-0.11862848991044232,51,614,50,0,614
2023-07-14,-0.00102493219690748,-0.06164200279353467,66,604,56,0,604
2023-07-17,0.00384796957442041,-0.00617775330376426,49,484,47,0,484
2023-07-18,0.00709206694142834,-0.173800850214558,52,466,48,0,466
2023-07-19,0.00235513482723364,-0.03153281622629341,66,704,56,0,704
2023-07-20,-0.00677982739625769,-0.14941668432583297,47,516,43,0,516
2023-07-21,3.2404201461309e-4,-0.0010575133287207,46,405,42,0,405
2023-07-24,0.00402603849687485,-0.03795173247436098,51,603,50,0,603
2023-07-25,0.0028107195758387,-0.15253214034707183,50,447,47,0,447
2023-07-26,-1.5545097867591e-4,0.01358477647596956,60,608,54,0,608
2023-07-27,-0.00644539305519708,-0.26264688137424935,44,468,41,0,468
2023-07-28,0.00982937581043385,-0.00488509761170029,61,702,51,0,702
2023-07-31,0.00146763543656879,-0.17953099660811897,47,638,41,0,638
2023-08-01,-0.00266864530768271,-0.02718433528237559,51,679,46,0,679
2023-08-02,-0.0139362006383362,-0.05313612385564527,51,576,47,0,576
2023-08-03,-0.00255122545029153,-0.04992858633682276,55,566,50,0,566
2023-08-04,-0.00531416937393797,-0.15500058452355006,50,499,44,0,499
2023-08-07,0.00898361896485657,-0.01177730126461635,45,488,42,0,488
2023-08-08,-0.00422720510005887,0.05529374991040285,46,592,43,0,592
2023-08-09,-0.00706361910204512,0.19247190723077828,56,670,51,0,670
2023-08-10,2.5068252108086e-4,0.15898117149987703,46,641,43,0,641
2023-08-11,-0.00107026489922949,0.17228926836802808,48,467,43,0,467
2023-08-14,0.00573400487941905,0.2072135652247289,50,501,44,0,501
2023-08-15,-0.0116181393960965,0.05153065030211813,53,618,49,0,618
2023-08-16,-0.00758408179262453,0.08441901368560138,50,605,45,0,605
2023-08-17,-0.00774281137752908,0.20929853976041984,42,419,41,0,419
2023-08-18,-1.487178839572e-4,0.10383712820138742,41,425,35,0,425
2023-08-21,0.00685563485979979,0.08160514698945255,55,582,50,0,582
2023-08-22,-0.00278133104654568,-0.0927241857874754,46,550,41,0,550
2023-08-23,0.0109843307107914,0.06983364422123094,51,567,45,0,567
2023-08-24,-0.013549353984008,-0.15744793305639176,40,481,38,0,481
2023-08-25,0.00669550106029516,0.1905709461995381,42,443,33,0,443
2023-08-28,0.00624507859419646,0.13059207073989498,43,430,41,0,430
2023-08-29,0.0144040687120565,0.04405699331290656,41,487,36,0,487
2023-08-30,0.00382585418119294,0.06586748686409098,51,575,48,0,575
2023-08-31,-0.00159821297433986,-0.11365299649838788,40,417,38,0,417
2023-09-01,0.00179751276551854,0.03733082141865024,51,442,42,0,442
2023-09-05,-0.0042029978213812,0.08686711088261004,38,313,29,0,313
2023-09-06,-0.00699601449143226,0.20265366107986227,27,307,26,0,307
2023-09-07,-0.00321643311573297,0.20310263844219345,34,378,29,0,378
2023-09-08,0.00142560606225706,0.11989672489939852,47,523,41,0,523
2023-09-11,0.00670095149813552,0.17293699214133085,31,313,31,0,313
2023-09-12,-0.005712169023004,0.2005739767047912,42,383,39,0,383
2023-09-13,0.0012408621175346,0.39779905092661966,53,570,50,0,570
2023-09-14,0.00839458553366625,0.02947362217748043,49,587,45,0,587
2023-09-15,-0.0122341458424939,0.01485307052814491,47,616,44,0,616
2023-09-18,7.2102769417551e-4,0.21654516253749737,45,606,42,0,606
2023-09-19,-0.00215332736153313,0.2405817273400699,38,405,35,0,405
2023-09-20,-0.00943920420629104,0.07423017370810486,47,542,40,0,542
2023-09-21,-0.0165369183184881,0.16995052832178772,50,622,47,0,622
2023-09-22,-0.00229823740276075,0.16434376853518187,50,564,42,0,564
2023-09-25,0.00401499420380662,0.21141188008186873,52,668,47,0,668
2023-09-26,-0.0148441654822649,0.21374335201638844,37,479,35,0,479
2023-09-27,2.2928777229479e-4,0.11517239099834732,47,564,43,0,564
2023-09-28,0.0058758771430007,0.1423601239840401,47,514,39,0,514
2023-09-29,-0.00271325964828932,0.04131475686985401,42,450,36,0,450
2023-10-02,7.93644061529932e-5,0.101329434640487,49,622,46,0,622
2023-10-03,-0.0138393958634492,0.1883355155870772,39,418,36,0,418
2023-10-04,0.00807704760782895,0.02262929250719025,46,568,43,0,568
2023-10-05,-0.00130488114699512,-0.00152630315753821,49,551,46,0,551
2023-10-06,0.0117456420939611,0.05573172464488728,47,454,40,0,454
2023-10-09,0.00628406811938741,0.23084464183424613,63,721,60,0,721
2023-10-10,0.00519447609998535,0.2330229017855967,38,453,37,0,453
2023-10-11,0.00428381950009507,0.1578559739559534,42,491,38,0,491
2023-10-12,-0.00626602494065492,0.17045220827071134,39,365,35,0,365
2023-10-13,-0.00503149566021989,-0.03756390422439346,52,506,40,0,506
2023-10-16,0.01053864230259,0.10772061349498986,53,459,48,0,459
2023-10-17,-9.82498794437651e-5,-0.01579839694783335,44,403,40,0,403
2023-10-18,-0.0134904082511519,0.10713552824315475,44,524,41,0,524
2023-10-19,-0.00851903232805798,0.03504444307127415,40,448,36,0,448
2023-10-20,-0.0126651491961559,0.1812923275489149,56,576,53,0,576
2023-10-23,-0.00168699206543492,0.13912923666499952,47,485,44,0,485
2023-10-24,0.00723952351962882,-0.39866979724398766,32,335,31,0,335
2023-10-25,-0.0144434346572381,-0.01396511645667751,31,304,27,0,304
2023-10-26,-0.0119030812055849,0.04724368692647355,48,669,44,0,669
2023-10-27,-0.00481183857862075,-0.05014864110073272,57,618,51,0,618
2023-10-30,0.0119384743002859,0.04450217113028162,51,674,50,0,674
2023-10-31,0.00645408482168824,0.01432183894660108,39,434,34,0,434
2023-11-01,0.0104511949901919,0.17902643990531103,52,545,42,0,545
2023-11-02,0.0186829389340865,-0.1499202995859694,46,462,41,0,462
2023-11-03,0.00934988354455146,-0.11358830782288958,60,577,49,0,577
2023-11-06,0.00175145772410059,0.0754341925047663,43,519,41,0,519
2023-11-07,0.00283609340171195,0.076827170520725,48,560,43,0,560
2023-11-08,0.00100441103241989,0.1934315624457585,55,572,51,0,572
2023-11-09,-0.0081166906990687,0.2116667530685845,64,742,57,0,742
2023-11-10,0.0154957592707723,0.16171750753313746,60,530,52,0,530
2023-11-13,-8.3618844137008e-4,0.10232455432494382,44,517,39,0,517
2023-11-14,0.0188953704745773,0.02394533218651658,59,568,51,0,568
2023-11-15,0.00159573820784718,-0.05251257272902876,48,620,45,0,620
2023-11-16,0.00118971939671373,0.0237538720195351,44,648,41,0,648
2023-11-17,0.00128122793717799,-0.02125767542020185,52,571,45,0,571
2023-11-20,0.00736310379379563,0.24742798365508045,58,569,57,0,569
2023-11-21,-0.00202297593175797,0.22734442860355897,54,355,45,0,355
2023-11-22,0.00405290509431332,0.3125022611607102,73,635,68,0,635
2023-11-24,5.9669560964503e-4,0.3590637905297424,36,272,32,0,272
2023-11-27,-0.00195606931689836,0.24642632277696505,62,557,58,0,557
2023-11-28,9.7963852805029e-4,0.2789502877589517,56,482,51,0,482
2023-11-29,-9.4669661510193e-4,0.06616768997508964,61,600,59,0,600
2023-11-30,0.0037769312649946,0.10746584101137586,49,451,45,0,451
2023-12-01,0.00585655895384664,0.17023464117190804,66,426,51,0,426
2023-12-04,-0.00542318806382694,0.09648463075415643,61,446,52,0,446
2023-12-05,-5.690315939348e-4,0.2085881586826872,48,423,45,0,423
2023-12-06,-0.00391385194494375,0.00698486897454131,51,425,48,0,425
2023-12-07,0.00793661068482192,0.07506018031823,56,474,53,0,474
2023-12-08,0.00408713414650379,0.04804477508353512,61,425,48,0,425
2023-12-11,0.00391681354778149,0.14669751459138192,47,390,44,0,390
2023-12-12,0.0045888127956924,0.2274179422045405,46,375,40,0,375
2023-12-13,0.0135583451750198,0.1947680140529684,64,472,55,0,472
2023-12-14,0.00264356518515443,0.06276004585047383,57,501,56,0,501
2023-12-15,-7.62524004485948e-5,-0.00699401992524304,57,402,49,0,402
2023-12-18,0.00451812226340052,0.35246219960708913,64,608,63,0,608
2023-12-19,0.0058492674508189,0.166346302603724,53,416,52,0,416
2023-12-20,-0.0147931479653056,0.05711504570524297,47,407,44,0,407
2023-12-21,0.0102487693072719,0.17144682809195824,38,324,37,0,324
2023-12-22,0.00165868215276108,0.07224688404484798,38,275,31,0,275
2023-12-26,0.00422276104697856,0.10108161593476932,24,178,23,0,178
2023-12-27,0.001429435616423,0.22215536020733204,33,312,32,0,312
2023-12-28,3.7010611032711e-4,0.07716987354110137,36,273,34,0,273
2023-12-29,-0.00283047703673384,0.00314386676892354,50,324,44,0,324
2024-01-02,-0.00567666079972316,0.1532028065521445,58,474,53,0,474
2024-01-03,-0.00804861832719765,0.18634648293722425,50,462,49,0,462
2024-01-04,-0.00343427166331743,0.02579378294525668,50,360,40,0,360
2024-01-05,0.00182402163943398,0.04073453699333631,49,382,42,0,382
2024-01-08,0.0140159454363531,0.20679777150333392,50,422,45,0,422
2024-01-09,-0.00147899385231758,0.1731476852587366,50,373,47,0,373
2024-01-10,0.00564998065049591,0.08589234671936455,44,327,40,0,327
2024-01-11,-6.7128083696116e-4,0.0700132943994294,52,391,46,0,391
2024-01-12,7.5069375303396e-4,-0.07033479524724154,58,404,51,0,404
2024-01-16,-0.00373831905235683,0.2171712319902023,60,433,55,0,433
2024-01-17,-0.00563273127110782,0.17088135071471117,47,372,45,0,372
2024-01-18,0.00876672072624315,-0.07025997195305536,40,304,35,0,304
2024-01-19,0.0122383082325485,-0.06657863102816741,82,651,74,0,651
2024-01-22,0.00219192118723169,0.04406191212519143,78,609,74,0,609
2024-01-23,0.00291711534076449,-0.08595607882396641,54,445,51,0,445
2024-01-24,8.1159897621686e-4,-0.16878777731293462,53,381,49,0,381
2024-01-25,0.00524657813497798,0.05147827154669926,64,495,59,0,495
2024-01-26,-6.5199775542636e-4,0.0601444205406248,60,480,52,0,480
2024-01-29,0.0075283655052462,0.24299767790528545,56,457,55,0,457
2024-01-30,-6.0083039697861e-4,0.07073759361224646,52,412,49,0,412
2024-01-31,-0.0162368517407337,0.14962465707067168,60,554,54,0,554
2024-02-01,0.0124162861140498,0.02542999348895368,51,514,46,0,514
2024-02-02,0.0106277707226331,-0.1174680541933574,77,592,67,0,592
2024-02-05,-0.00319142470928397,0.22707522664439037,45,406,42,0,406
2024-02-06,0.00230774593174811,0.12067621543657224,39,383,37,0,383
2024-02-07,0.00820768259400863,0.16845510996302449,73,776,67,0,776
2024-02-08,5.7042054009059e-4,0.08742399100106797,58,503,54,0,503
2024-02-09,0.00572591712879552,0.13852758884589578,63,549,57,0,549
2024-02-12,-9.4940414265244e-4,0.15506102675517777,59,449,57,0,449
2024-02-13,-0.0137686094198454,0.06711648732343747,40,349,37,0,349
2024-02-14,0.00953416830421681,-0.03122991194953404,45,403,44,0,403
2024-02-15,0.00580437267404004,-0.00695288443967001,32,262,30,0,262
2024-02-16,-0.00481504357596104,0.10476054100032783,48,408,42,0,408
2024-02-20,-0.00602342646581725,0.11556181257061383,47,419,45,0,419
2024-02-21,0.0012634014951036,0.10687409718265392,41,358,37,0,358
2024-02-22,0.0209028886664034,-0.31923905171764394,60,584,56,0,584
2024-02-23,3.4788702650218e-4,-0.05912711178399539,70,574,63,0,574
2024-02-26,-0.00379393924466848,0.10518835404814415,47,416,45,0,416
2024-02-27,0.00170489553872096,0.1165386316682175,42,339,39,0,339
2024-02-28,-0.00165953132111224,0.1984099531596127,35,296,32,0,296
2024-02-29,0.00521547045579996,0.06238977056455042,48,407,41,0,407
2024-03-01,0.00797593643338798,-0.1205718783281965,62,474,56,0,474
2024-03-04,-0.00119397457496301,0.07503808115691663,69,475,59,0,475
2024-03-05,-0.010245406275918,0.18519163328566152,58,499,55,0,499
2024-03-06,0.00512793285300164,0.1276526187101136,46,442,43,0,442
2024-03-07,0.0102514022849836,0.03124646203905285,45,360,40,0,360
2024-03-08,-0.00654992299205034,0.035904379612252,54,421,45,0,421
2024-03-11,-0.0011228682680281,0.30911937814899115,47,357,44,0,357
2024-03-12,0.011139512586668,0.04404692844695507,46,325,38,0,325
2024-03-13,-0.00192638400212197,0.06772606934579771,41,320,38,0,320
2024-03-14,-0.00287522105149519,0.03526821494428077,50,426,48,0,426
2024-03-15,-0.00650402285973767,0.2648068789261894,48,387,41,0,387
2024-03-18,0.00629818423848046,0.2961890020709358,44,413,42,0,413
2024-03-19,0.00563325304434312,0.26469486867711606,46,375,42,0,375
2024-03-20,0.00886476551636018,0.2362395127808365,48,407,44,0,407
2024-03-21,0.00323130909452889,0.08018360020738012,46,417,42,0,417
2024-03-22,-0.00140317183432671,0.25035461296630634,43,314,37,0,314
2024-03-25,-0.00305964038203193,0.11103082669773782,47,401,44,0,401
2024-03-26,-0.00280372198280573,0.2089882379556081,46,435,45,0,435
2024-03-27,0.00859359558270604,0.06067072097877307,35,292,32,0,292
2024-03-28,0.00111586270076161,0.12386778992445312,47,347,41,0,347
2024-04-01,-0.00201561452695772,-0.0769980270685183,34,229,29,0,229
2024-04-02,-0.00726538820367243,0.17260820067342916,42,381,41,0,381
2024-04-03,0.0010905275233379,0.1173920401185751,50,426,45,0,426
2024-04-04,-0.0124110356192622,0.03864394126342287,46,398,40,0,398
2024-04-05,0.0110380501356996,0.11709876818602662,46,398,40,0,398
2024-04-08,-3.7470119004157e-4,0.15893797216924027,39,306,35,0,306
2024-04-09,0.00144444947363452,0.2835279307579717,41,294,37,0,294
2024-04-10,-0.00950198183221259,0.11146331144939928,62,524,57,0,524
2024-04-11,0.00741722198334244,0.24853842415803568,43,366,40,0,366
2024-04-12,-0.0146575878022485,0.02144645895503728,57,469,49,0,469
2024-04-15,-0.0120941957874592,0.14391033350726243,56,389,49,0,389
2024-04-16,-0.002058624527504,0.01462103648862886,39,318,36,0,318
2024-04-17,-0.00579737507600419,0.04347600106193963,46,394,43,0,394
2024-04-18,-0.0022106017004853,0.03491524330407412,59,463,54,0,463
2024-04-19,-0.00879712965405697,0.17036176209161016,56,406,46,0,406
2024-04-22,0.00869335115683908,0.22673076841618037,45,341,42,0,341
2024-04-23,0.0118935665677221,0.06985138161838032,43,360,42,0,360
2024-04-24,2.129873779329e-4,0.08886660295614061,53,428,50,0,428
2024-04-25,-0.00458693427011941,-0.04663613731939247,61,434,56,0,434
2024-04-26,0.0101573813323253,-0.15795532625179476,46,394,39,0,394
2024-04-29,0.00317340807663939,0.02340739550078675,45,383,44,0,383
2024-04-30,-0.0158555511189281,0.03198074068135762,48,384,43,0,384
2024-05-01,-0.00344135348563169,0.11379686743960564,59,472,49,0,472
2024-05-02,0.00908702472508486,-0.01591857870637341,40,330,39,0,330
2024-05-03,0.012478557659508,-0.04526516484717528,36,289,30,0,289
2024-05-06,0.0102731736912478,0.03413154700232052,58,494,56,0,494
2024-05-07,0.00134252822882561,0.14177272502305724,55,493,54,0,493
2024-05-08,-5.83563519342491e-6,0.19295534698453,46,388,44,0,388
2024-05-09,0.00507803263910671,0.16395004437375368,45,392,43,0,392
2024-05-10,0.00164804008016673,-0.0642336973482195,34,261,27,0,261
2024-05-13,-2.413331738652e-4,0.10773874080654136,38,306,35,0,306
2024-05-14,0.00482614852745404,0.23542825096344663,58,473,55,0,473
2024-05-15,0.0116478277872996,0.07567501401821833,56,438,51,0,438
2024-05-16,-0.00208383747408805,-0.11180160334491096,37,256,35,0,256
2024-05-17,0.00116409568789375,0.10755345503648006,43,334,39,0,334
2024-05-20,9.1597030849116e-4,-0.04860551451595838,43,359,42,0,359
2024-05-21,0.00249874976689261,0.3607612175431936,38,328,36,0,328
2024-05-22,-0.00270979120935215,0.1337652325423551,50,409,45,0,409
2024-05-23,-0.00740816228347193,-0.0551090277799102,43,363,36,0,363
2024-05-24,0.00697664907667326,0.03046411093164352,40,300,35,0,300
2024-05-28,2.4877090688591e-4,0.1541710977275661,49,373,47,0,373
2024-05-29,-0.00739431721574254,0.2567847484007611,35,291,32,0,291
2024-05-30,-0.00599295753575419,0.2023854980280493,39,315,36,0,315
2024-05-31,0.0079958242319289,0.18811555317993875,42,325,36,0,325
2024-06-03,0.00111546022353524,0.08667631088525901,43,357,41,0,357
2024-06-04,0.00150168100378275,0.1588958731808816,40,330,38,0,330
2024-06-05,0.0117780158499573,0.00693148579690235,48,375,44,0,375
2024-06-06,-1.9983660163685e-4,0.05003896011526934,43,402,42,0,402
2024-06-07,-0.00111584205027907,0.1038013722132746,55,343,42,0,343
2024-06-10,0.00257752997824097,0.16639229157780602,65,433,53,0,433
2024-06-11,0.00270671485520952,0.12450192958018154,48,379,43,0,379
2024-06-12,0.00846772024188734,-0.03665579293105427,69,570,60,0,570
2024-06-13,0.00234191143711672,0.07013149153441191,50,411,45,0,411
2024-06-14,-3.9393828099749e-4,0.07439026902041708,42,383,38,0,383
2024-06-17,0.00763516437232052,0.22323382952618773,57,405,50,0,405
2024-06-18,0.00251815418151712,0.1155307407065391,58,456,55,0,456
2024-06-20,-0.00252912739541154,0.16504650483312572,42,314,37,0,314
2024-06-21,-0.00156335171882525,0.09035891830000344,52,430,49,0,430
2024-06-24,-0.00306987915586644,0.19681959006106253,41,309,37,0,309
2024-06-25,0.00392587367918134,0.22601312593105832,40,314,37,0,314
2024-06-26,0.00157119622472045,0.23674666184937945,44,357,40,0,357
2024-06-27,9.0690985679907e-4,0.17381168725114549,32,276,29,0,276
2024-06-28,-0.0040920134623696,0.02662051003699161,56,472,44,0,472
2024-07-01,0.00267199098142952,0.03825017583329935,37,254,32,0,254
2024-07-02,0.00617620577118505,0.20313651093748744,57,448,51,0,448
2024-07-03,0.00507156226953366,0.2345767792830884,44,310,39,0,310
2024-07-05,0.00543397436096954,-0.00630882439987623,46,347,39,0,347
2024-07-08,0.00101618247640443,0.13799373668913625,57,446,52,0,446
2024-07-09,7.4079747806547e-4,0.1573008393632855,56,469,51,0,469
2024-07-10,0.0101563148781059,0.06865825410654493,55,421,48,0,421
2024-07-11,-0.00880164996926672,-0.06647221567837304,49,366,44,0,366
2024-07-12,0.00550186402496512,-0.06828216039866675,64,537,56,0,537
2024-07-15,0.00282221642335268,-0.2567289092392314,51,436,49,0,436
2024-07-16,0.00636904997145327,-0.07980033230547633,50,361,43,0,361
2024-07-17,-0.0140254415236455,0.0388107015136884,64,504,56,0,504
2024-07-18,-0.00784711214535007,-0.13259378397886298,38,318,36,0,318
2024-07-19,-0.00716587922640608,0.0621034946640027,47,382,42,0,382
2024-07-22,0.0107342172462203,-0.00214273062061693,50,411,49,0,411
2024-07-23,-0.00155931769394619,-0.05558614283248347,58,496,54,0,496
2024-07-24,-0.0234212422228929,0.00653354182761335,69,442,56,0,442
2024-07-25,-0.00515588901971726,-0.00830262810771659,73,699,67,0,699
2024-07-26,0.0110294204095709,-0.143624109574089,54,472,49,0,472
2024-07-29,8.1297957182845e-4,0.22459125778282593,60,533,58,0,533
2024-07-30,-0.00497251436136762,0.08020457673811339,49,385,44,0,385
2024-07-31,0.0156699807019178,-0.04525319110366076,54,397,47,0,397
2024-08-01,-0.0137881237919902,0.01618877789235466,62,528,56,0,528
2024-08-02,-0.0185529066085533,0.10747982229601193,94,831,82,0,831
2024-08-05,-0.0304270413923931,0.1060758339496412,96,837,75,0,837
2024-08-06,0.0103008494935995,-0.06722740824983196,61,488,56,0,488
2024-08-07,-0.00776471538876949,0.06478100539119994,59,428,49,0,428
2024-08-08,0.0227811395908989,0.02607373235747218,50,394,44,0,394
2024-08-09,0.0046607984343817,0.0109682990037183,41,341,35,0,341
2024-08-12,4.30330517200971e-5,0.23750037837418772,42,356,39,0,356
2024-08-13,0.01670723341905,0.10058379958069924,46,353,42,0,353
2024-08-14,0.00381643656119841,0.1510120941133328,46,415,46,0,415
2024-08-15,0.0160044899313041,-0.05532155215210192,61,547,59,0,547
2024-08-16,0.00198780236839615,0.11003612643127844,58,500,50,0,500
2024-08-19,0.00967532743617778,0.18214804318897124,37,314,36,0,314
2024-08-20,-0.00198652723760971,0.1887845212988351,41,342,37,0,342
2024-08-21,0.0042307147210068,0.12621138125851236,47,372,42,0,372
2024-08-22,-0.00897294225665722,0.16271457015611832,31,282,28,0,282
2024-08-23,0.0114179374016644,0.14933858992079413,53,429,47,0,429
2024-08-26,-0.00315871016960581,0.06395923043455695,40,346,36,0,346
2024-08-27,0.0015939251127232,0.08140418943257828,40,288,38,0,288
2024-08-28,-0.00599390079473521,-0.02864836929148947,59,528,55,0,528
2024-08-29,-3.93798434365862e-5,-0.1222730121140868,41,302,36,0,302
2024-08-30,0.0100424570791442,-0.08699195237728063,41,349,36,0,349
2024-09-03,-0.0213779633723977,0.11695244016790148,52,466,46,0,466
2024-09-04,-0.00160382902738096,0.2063951387015095,48,395,44,0,395
2024-09-05,-0.0030225810146742,0.11968072511846747,55,397,52,0,397
2024-09-06,-0.0174109445074244,0.20992890464888964,60,450,52,0,450
2024-09-09,0.0115135344358183,0.19505531342037377,57,408,49,0,408
2024-09-10,0.00446269997779354,0.1614423035123309,64,543,58,0,543
2024-09-11,0.0106085556498433,0.18944165396440604,55,496,49,0,496
2024-09-12,0.00746735215680267,0.03472250746179068,36,308,35,0,308
2024-09-13,0.00539314223435604,0.1296372943576162,42,301,36,0,301
2024-09-16,0.00125584086731029,0.19498619898798136,46,414,45,0,414
2024-09-17,2.6451509389645e-4,1.939029518362819e-5,49,406,44,0,406
2024-09-18,-0.00290065870831329,0.29231260191144154,92,888,81,0,888
2024-09-19,0.0168343568927251,0.17245834159929443,98,855,90,0,855
2024-09-20,-0.00194291363001573,0.12603620441293686,79,604,71,0,604
2024-09-23,0.00280533442571312,0.12778702114047383,47,377,43,0,377
2024-09-24,0.00250803110334534,0.17045126831220367,46,393,42,0,393
2024-09-25,-0.00186298320621213,0.17032985510690948,58,534,55,0,534
2024-09-26,0.00403054215819922,-0.08812388856269536,50,444,42,0,444
2024-09-27,-0.00125400290007212,0.0039599297940731,50,393,45,0,393
2024-09-30,0.0042276036584415104,0.1026711508651975,56,485,51,0,485
2024-10-01,-0.00936784869445445,0.2016327406090568,48,388,43,0,388
2024-10-02,1.3838132698647e-4,0.01720677144550838,39,323,36,0,323
2024-10-03,-0.00168282865445869,0.08506284903904254,33,258,29,0,258
2024-10-04,0.00893025569918638,-0.08320624072654358,44,324,35,0,324
2024-10-07,-0.00963226382938877,-0.00531382653614255,47,384,44,0,384
2024-10-08,0.00964270680469438,0.1110231305672122,35,309,32,0,309
2024-10-09,0.00708823101699458,0.2483887046904341,37,304,33,0,304
2024-10-10,-0.00207226850598248,0.01242765274121969,60,514,57,0,514
2024-10-11,0.00603360870729872,-0.06097183552628849,52,424,42,0,424
2024-10-14,0.00767811457459432,0.07013268507164737,49,424,46,0,424
2024-10-15,-0.00763856603751342,-0.08012002415296549,83,621,76,0,621
2024-10-16,0.00466823278277977,-0.01130485443081852,40,368,38,0,368
2024-10-17,-1.7117512853816e-4,-0.22731808533524905,53,406,49,0,406
2024-10-18,0.00396368694277439,-0.11556733982708746,67,470,52,0,470
2024-10-21,-0.00182443275641903,0.08804821234561841,61,494,58,0,494
2024-10-22,-4.7496666719579e-4,0.08929204781773592,59,436,55,0,436
2024-10-23,-0.00923382426767956,0.03920569967012852,50,462,47,0,462
2024-10-24,0.00214347313055683,-0.242731251234219,51,394,45,0,394
2024-10-25,-2.9949201318627e-4,0.01720624511896555,48,377,42,0,377
2024-10-28,0.00264793462673294,0.15888310644115183,41,298,36,0,298
2024-10-29,0.00161282594490122,0.11548960916843498,60,539,58,0,539
2024-10-30,-0.00330569167248812,-0.10132931257205074,47,358,42,0,358
2024-10-31,-0.0187901349287453,0.10077492141678124,55,470,47,0,470
2024-11-01,0.00408415800452546,-0.12758854449110765,43,331,37,0,331
2024-11-04,-0.00281604481319029,0.1546419420580302,36,308,35,0,308
2024-11-05,0.0121910310295631,0.02516099948042285,47,435,42,0,435
2024-11-06,0.0249812809571867,-0.03574320436598003,103,1108,87,0,1108
2024-11-07,0.00740375417399566,-0.04058778283724677,45,422,41,0,422
2024-11-08,0.00374979403571805,0.02288450357054199,52,440,43,0,440
2024-11-11,9.6859419095692e-4,-0.01547652070789977,54,513,50,0,513
2024-11-12,-0.0028968514769365,0.11208616931253346,43,344,41,0,344
2024-11-13,2.3220076414018e-4,0.15060851516819895,39,351,35,0,351
2024-11-14,-0.006068108582244,0.10692622879418295,41,353,38,0,353
2024-11-15,-0.0132914308667938,0.12715778833160585,50,457,42,0,457
2024-11-18,0.00391015974620654,0.00962186913827107,47,402,43,0,402
2024-11-19,0.00395575052059649,0.07209095308725308,54,434,50,0,434
2024-11-20,2.19506213354446e-5,0.2885660338420745,55,514,51,0,514
2024-11-21,0.00532625184428849,0.03447729965671897,50,459,44,0,459
2024-11-22,0.00346195959153647,0.07529037877916182,46,378,42,0,378
2024-11-25,0.00301592782012454,-0.03055842848854893,43,344,38,0,344
2024-11-26,0.00570569715526387,0.21868398879438647,59,615,56,0,615
2024-11-27,-0.00380848108357771,0.1676914950164602,46,433,43,0,433
2024-11-29,0.00559212039680162,0.30667190668306854,37,296,34,0,296
2024-12-02,0.00244546388058137,0.07222720832847383,46,343,38,0,343
2024-12-03,4.5134724202218e-4,0.13307364220712897,58,469,53,0,469
2024-12-04,0.00603318162813612,-0.00295729791978374,40,321,35,0,321
2024-12-05,-0.00187152583938233,0.1735932553809107,40,364,38,0,364
2024-12-06,0.00249234536753831,-0.01033522560507716,51,367,41,0,367
2024-12-09,-0.00616316728522746,0.03981311122087001,56,445,50,0,445
2024-12-10,-0.00296828431427925,0.2542733493435001,44,405,42,0,405
2024-12-11,0.00813262641136824,0.0217801993816163,38,338,36,0,338
2024-12-12,-0.0054287314614632504,0.01144766449171584,50,462,48,0,462
2024-12-13,-2.6466989371874e-5,-0.00966551067364035,33,272,28,0,272
2024-12-16,0.00379215500878443,0.3631225525248076,44,402,42,0,402
2024-12-17,-0.0038714794806555,0.1176855035559533,36,296,35,0,296
2024-12-18,-0.0299365053045182,0.16696783633750684,45,362,34,0,362
2024-12-19,-8.6548675053679e-4,0.1453795924459146,42,351,40,0,351
2024-12-20,0.0108104794023973,0.12477426048484631,50,397,42,0,397
2024-12-23,0.00726084958561637,0.05770644377709166,35,304,33,0,304
2024-12-24,0.0109822331651268,-0.04472618643194437,16,148,16,0,148
2024-12-26,-4.0574108825781e-4,-0.1017229475080967,20,176,19,0,176
2024-12-27,-0.0111173049649122,0.21219982502690177,36,263,30,0,263
2024-12-30,-0.0107596739417297,0.01343926018847513,31,247,27,0,247
2024-12-31,-0.00429400645898231,-0.1360903900035737,64,452,58,0,452
2025-01-02,-0.00222636314944899,-0.03513471831878026,30,262,26,0,262
2025-01-03,0.0125173567078261,0.06005464634924595,35,308,32,0,308
2025-01-06,0.00552276649681817,0.02935774423221641,47,407,41,0,407
2025-01-07,-0.011166021516637,-0.03701471985080667,38,313,36,0,313
2025-01-08,0.00155914409383124,0.11786098843469515,50,468,47,0,468
2025-01-10,-0.0155316376502334,0.07782636344563798,62,573,57,0,573
2025-01-13,0.00157420437805512,0.18455843086143991,65,583,57,0,583
2025-01-14,0.00114562333416427,0.23577282891834747,48,521,46,0,521
2025-01-15,0.0181471325045164,-0.19031095247229177,81,738,76,0,738
2025-01-16,-0.00211492434086676,-0.0141648844918194,45,493,44,0,493
2025-01-17,0.00994147830839403,-0.08179321056953388,48,385,42,0,385
2025-01-21,0.00873000944059605,0.13803568981173966,45,368,39,0,368
2025-01-22,0.00611918108699413,-0.21580444087671555,34,288,32,0,288
2025-01-23,0.00529941945952937,0.14661049998628894,45,359,40,0,359
2025-01-24,-0.00285921598446776,0.08066124887182759,61,524,56,0,524
2025-01-27,-0.0146880590321123,0.12574999215472682,62,521,52,0,521
2025-01-28,0.0091756441777168,0.0844088892530029,54,569,51,0,569
2025-01-29,-0.0046898760569196,0.1740727913558658,40,403,37,0,403
2025-01-30,0.00526154815218024,0.04859671111401614,47,488,44,0,488
2025-01-31,-0.0050596039902672,0.07815501400524226,50,451,44,0,451
