date,0.08333333333333333,0.25,0.5,1.0,2.0,3.0
2009-06-01,0.00129915573162005,0.00129915573162005,0.002895803112025565,0.004788516731797177,0.009653257028138304,0.015085637418040853
2009-06-02,0.0005998200719676155,0.0013990209137073413,0.0026963615477426086,0.0045894523338072864,0.009554212804811658,0.015085637418040853
2009-06-03,0.0007996801705643322,0.0013990209137073413,0.002596625847265978,0.004489905272852053,0.009058844488346039,0.01459300230290015
2009-06-04,0.0007996801705643322,0.0013990209137073413,0.0027960873020012743,0.0046889894861315414,0.009554212804811658,0.015282623531156904
2009-06-05,0.0007996801705643322,0.001998002662673056,0.0034938892542557796,0.006180859075081115,0.013113639145383105,0.018625464123164886
2009-06-08,0.0007996801705643322,0.0018981972830802527,0.0034938892542557796,0.006180859075081115,0.014100124378781635,0.019802627296179712
2009-06-09,0.000899595242836093,0.0018981972830802527,0.003095204907302419,0.005584378293900616,0.013212331472134813,0.01911611719223005
2009-06-10,0.0010993954433009636,0.0017983819413793735,0.003095204907302419,0.005484930230569686,0.013705647056111932,0.019802627296179712
2009-06-11,0.000899595242836093,0.0018981972830802527,0.003095204907302419,0.005286004429237355,0.013409686909917676,0.01950846638804296
2009-06-12,0.0007996801705643322,0.0018981972830802527,0.002895803112025565,0.005186526687300061,0.01291622526654633,0.018919884852510872
2009-06-15,0.0007996801705643322,0.0016985566355814776,0.002895803112025565,0.005087039048557106,0.012521280553671745,0.018232768261059712
2009-06-16,0.000899595242836093,0.0016985566355814776,0.002995508979798479,0.005087039048557106,0.01222496962256897,0.017741681476157102
2009-06-17,0.0010993954433009636,0.0016985566355814776,0.003095204907302419,0.004987541511039074,0.011829751753577198,0.017446913603720648
2009-06-18,0.0011992805754820971,0.0017983819413793735,0.0033942330680155476,0.005186526687300061,0.012718772407774689,0.018625464123164886
2009-06-19,0.0009995003330835331,0.0018981972830802527,0.003294566949430031,0.005087039048557106,0.012422519998557154,0.018232768261059712
2009-06-22,0.0011992805754820971,0.001998002662673056,0.0033942330680155476,0.004987541511039074,0.011632084229707651,0.017545179215748816
2009-06-23,0.0014988761237358919,0.001998002662673056,0.0033942330680155476,0.004987541511039074,0.0113355096637456,0.017250353406527592
2009-06-24,0.0009995003330835331,0.0018981972830802527,0.003194890896519197,0.004987541511039074,0.011829751753577198,0.017741681476157102
2009-06-25,0.000699755114273342,0.0017983819413793735,0.003095204907302419,0.0046889894861315414,0.011137744410455926,0.01646372603066508
2009-06-26,0.000699755114273342,0.001998002662673056,0.003095204907302419,0.004489905272852053,0.010939940038334366,0.016168581161583706
2009-06-29,0.0010993954433009636,0.001998002662673056,0.0035935355101301704,0.005087039048557106,0.011038847115216341,0.016168581161583706
2009-06-30,0.0016985566355814776,0.0018981972830802527,0.0034938892542557796,0.005584378293900616,0.011038847115216341,0.016266972463871966
2009-07-01,0.00129915573162005,0.0016985566355814776,0.003294566949430031,0.005385472276337817,0.010445257861538649,0.015578029963318418
2009-07-02,0.0014988761237358919,0.0016985566355814776,0.003194890896519197,0.004888034072775962,0.009752291442678272,0.015085637418040853
2009-07-03,0.0014988761237358919,0.0016985566355814776,0.003194890896519197,0.004888034072775962,0.009752291442678272,0.015085637418040853
2009-07-06,0.0014988761237358919,0.0018981972830802527,0.0027960873020012743,0.004788516731797177,0.009554212804811658,0.014691548742989757
2009-07-07,0.0015987213636970278,0.0018981972830802527,0.0027960873020012743,0.0045894523338072864,0.009752291442678272,0.015085637418040853
2009-07-08,0.0014988761237358919,0.0017983819413793735,0.002596625847265978,0.004489905272852053,0.009058844488346039,0.014100124378781635
2009-07-09,0.0015987213636970278,0.0018981972830802527,0.0026963615477426086,0.0046889894861315414,0.009356094924024953,0.014494446150452563
2009-07-10,0.0014988761237358919,0.0017983819413793735,0.002596625847265978,0.004489905272852053,0.009058844488346039,0.01390290516899142
2009-07-13,0.0014988761237358919,0.0017983819413793735,0.0027960873020012743,0.0046889894861315414,0.009157937784765629,0.014001519635813609
2009-07-14,0.0014988761237358919,0.0017983819413793735,0.0027960873020012743,0.0046889894861315414,0.009653257028138304,0.014691548742989757
2009-07-15,0.0010993954433009636,0.0017983819413793735,0.002895803112025565,0.004987541511039074,0.010247316451549523,0.01587334915629015
2009-07-16,0.0014988761237358919,0.0018981972830802527,0.0027960873020012743,0.0046889894861315414,0.009950330853168083,0.015282623531156904
2009-07-17,0.0014988761237358919,0.0016985566355814776,0.002895803112025565,0.004788516731797177,0.01014833105181515,0.01567647938500758
2009-07-20,0.0014988761237358919,0.0018981972830802527,0.0027960873020012743,0.0046889894861315414,0.009851316050374181,0.015282623531156904
2009-07-21,0.0015987213636970278,0.0018981972830802527,0.0026963615477426086,0.0045894523338072864,0.009554212804811658,0.01459300230290015
2009-07-22,0.0014988761237358919,0.0018981972830802527,0.0027960873020012743,0.0046889894861315414,0.009752291442678272,0.014888612493750654
2009-07-23,0.0014988761237358919,0.0018981972830802527,0.002895803112025565,0.004888034072775962,0.010742096531902109,0.01607018017749447
2009-07-24,0.0014988761237358919,0.0017983819413793735,0.002895803112025565,0.0046889894861315414,0.010445257861538649,0.015774919115362215
2009-07-27,0.0014988761237358919,0.0018981972830802527,0.0026963615477426086,0.004888034072775962,0.010742096531902109,0.016168581161583706
2009-07-28,0.0013990209137073413,0.0018981972830802527,0.002596625847265978,0.004888034072775962,0.011137744410455926,0.01646372603066508
2009-07-29,0.0013990209137073413,0.0018981972830802527,0.002596625847265978,0.004987541511039074,0.011632084229707651,0.017053754565827518
2009-07-30,0.0013990209137073413,0.0017983819413793735,0.0026963615477426086,0.004788516731797177,0.011829751753577198,0.01715205881756557
2009-07-31,0.0013990209137073413,0.0017983819413793735,0.002596625847265978,0.004788516731797177,0.011236631925987681,0.01607018017749447
2009-08-03,0.0014988761237358919,0.0018981972830802527,0.0027960873020012743,0.004788516731797177,0.011730922875698666,0.017053754565827518
2009-08-04,0.0014988761237358919,0.0017983819413793735,0.0027960873020012743,0.0046889894861315414,0.011928570865273802,0.017348638334613004
2009-08-05,0.0014988761237358919,0.0017983819413793735,0.002895803112025565,0.004888034072775962,0.01222496962256897,0.017643435172595243
2009-08-06,0.0014988761237358919,0.0016985566355814776,0.0027960873020012743,0.004788516731797177,0.012126179797840564,0.017545179215748816
2009-08-07,0.0013990209137073413,0.0018981972830802527,0.002995508979798479,0.005186526687300061,0.013113639145383105,0.018527304613883622
2009-08-10,0.0014988761237358919,0.0018981972830802527,0.002895803112025565,0.004888034072775962,0.012323749688831936,0.017741681476157102
2009-08-11,0.0013990209137073413,0.0017983819413793735,0.0027960873020012743,0.004788516731797177,0.012027380212718455,0.017643435172595243
2009-08-12,0.0013990209137073413,0.0016985566355814776,0.0027960873020012743,0.0046889894861315414,0.011730922875698666,0.017446913603720648
2009-08-13,0.0009995003330835331,0.0016985566355814776,0.0027960873020012743,0.004489905272852053,0.011137744410455926,0.01646372603066508
2009-08-14,0.0009995003330835331,0.0017983819413793735,0.002596625847265978,0.004390348301292895,0.010643160098479829,0.015971769509698662
2009-08-17,0.0010993954433009636,0.0017983819413793735,0.0026963615477426086,0.004489905272852053,0.0103462920541443,0.015282623531156904
2009-08-18,0.0013990209137073413,0.0017983819413793735,0.0026963615477426086,0.004290781417156275,0.010544213875671154,0.015578029963318418
2009-08-19,0.0009995003330835331,0.0016985566355814776,0.002496880198587199,0.004290781417156275,0.01004933585300144,0.015085637418040853
2009-08-20,0.0010993954433009636,0.0016985566355814776,0.002596625847265978,0.004191204618468071,0.010247316451549523,0.015184135325039967
2009-08-21,0.0010993954433009636,0.0016985566355814776,0.002596625847265978,0.004489905272852053,0.011236631925987681,0.016365354086264272
2009-08-24,0.0010993954433009636,0.0016985566355814776,0.002596625847265978,0.004390348301292895,0.010445257861538649,0.015578029963318418
2009-08-25,0.0011992805754820971,0.0016985566355814776,0.002596625847265978,0.0046889894861315414,0.010445257861538649,0.01547957084838632
2009-08-26,0.0010993954433009636,0.0014988761237358919,0.002496880198587199,0.004489905272852053,0.010544213875671154,0.015578029963318418
2009-08-27,0.0010993954433009636,0.0014988761237358919,0.002596625847265978,0.0045894523338072864,0.0103462920541443,0.01567647938500758
2009-08-28,0.0010993954433009636,0.0014988761237358919,0.002496880198587199,0.004390348301292895,0.01004933585300144,0.015381102038302324
2009-08-31,0.0010993954433009636,0.0014988761237358919,0.0023971245997214934,0.004290781417156275,0.009653257028138304,0.01479008547263543
2009-09-01,0.0007996801705643322,0.0013990209137073413,0.0022973590486834897,0.004290781417156275,0.009157937784765629,0.014297304700824425
2009-09-02,0.000899595242836093,0.0013990209137073413,0.0021975835434872217,0.0040916179032535645,0.008860628432196557,0.013804280976397056
2009-09-03,0.000899595242836093,0.0014988761237358919,0.0022973590486834897,0.004191204618468071,0.009058844488346039,0.014100124378781635
2009-09-04,0.000899595242836093,0.0013990209137073413,0.0022973590486834897,0.004191204618468071,0.009356094924024953,0.014494446150452563
2009-09-07,0.000899595242836093,0.0013990209137073413,0.0022973590486834897,0.004191204618468071,0.009356094924024953,0.014494446150452563
2009-09-08,0.0009995003330835331,0.0013990209137073413,0.0023971245997214934,0.0040916179032535645,0.009257021262676765,0.01479008547263543
2009-09-09,0.000899595242836093,0.0013990209137073413,0.0021975835434872217,0.003992021269537453,0.009257021262676765,0.014691548742989757
2009-09-10,0.0007996801705643322,0.0013990209137073413,0.002097798082146129,0.003992021269537453,0.008959741371471906,0.014100124378781635
2009-09-11,0.0007996801705643322,0.0013990209137073413,0.002097798082146129,0.003892414715343839,0.008959741371471906,0.014100124378781635
2009-09-14,0.0007996801705643322,0.0013990209137073413,0.002097798082146129,0.003992021269537453,0.009356094924024953,0.014494446150452563
2009-09-15,0.000499875041651048,0.00129915573162005,0.002097798082146129,0.003892414715343839,0.009554212804811658,0.01479008547263543
2009-09-16,0.00029995500899797546,0.0009995003330835331,0.001998002662673056,0.003792798238696237,0.01004933585300144,0.015381102038302324
2009-09-17,0.00029995500899797546,0.0009995003330835331,0.001998002662673056,0.003992021269537453,0.009752291442678272,0.014987129808248345
2009-09-18,0.00029995500899797546,0.0007996801705643322,0.001998002662673056,0.0040916179032535645,0.010247316451549523,0.015578029963318418
2009-09-21,0.000499875041651048,0.0010993954433009636,0.001998002662673056,0.003992021269537453,0.01014833105181515,0.01547957084838632
2009-09-22,0.000499875041651048,0.0010993954433009636,0.001998002662673056,0.004191204618468071,0.01014833105181515,0.015282623531156904
2009-09-23,0.000499875041651048,0.0010993954433009636,0.001998002662673056,0.0040916179032535645,0.009554212804811658,0.01479008547263543
2009-09-24,0.00029995500899797546,0.0009995003330835331,0.0018981972830802527,0.003892414715343839,0.009257021262676765,0.014395880283732381
2009-09-25,0.00029995500899797546,0.0009995003330835331,0.001998002662673056,0.0040916179032535645,0.009752291442678272,0.01479008547263543
2009-09-28,0.00029995500899797546,0.0010993954433009636,0.0017983819413793735,0.003992021269537453,0.009752291442678272,0.01459300230290015
2009-09-29,0.000699755114273342,0.00129915573162005,0.0018981972830802527,0.0040916179032535645,0.009950330853168083,0.014691548742989757
2009-09-30,0.0005998200719676155,0.0013990209137073413,0.0017983819413793735,0.003992021269537453,0.009455158770755135,0.014395880283732381
2009-10-01,0.00029995500899797546,0.0009995003330835331,0.0014988761237358919,0.0036931718376175702,0.008662373078652657,0.013508350024792245
2009-10-02,0.0003999200213269354,0.0009995003330835331,0.0014988761237358919,0.0036931718376175702,0.00876150566857275,0.013705647056111932
2009-10-05,0.0003999200213269354,0.0007996801705643322,0.0014988761237358919,0.0035935355101301704,0.00876150566857275,0.013705647056111932
2009-10-06,0.000499875041651048,0.0007996801705643322,0.0014988761237358919,0.0036931718376175702,0.009058844488346039,0.014198719399812949
2009-10-07,0.0005998200719676155,0.000899595242836093,0.0013990209137073413,0.0033942330680155476,0.008662373078652657,0.013409686909917676
2009-10-08,0.00029995500899797546,0.0005998200719676155,0.0014988761237358919,0.0034938892542557796,0.008959741371471906,0.01390290516899142
2009-10-09,0.0003999200213269354,0.000699755114273342,0.0015987213636970278,0.003792798238696237,0.009752291442678272,0.014888612493750654
2009-10-12,0.0003999200213269354,0.000699755114273342,0.0015987213636970278,0.003792798238696237,0.009752291442678272,0.014888612493750654
2009-10-13,0.0003999200213269354,0.000699755114273342,0.0014988761237358919,0.0034938892542557796,0.009058844488346039,0.014100124378781635
2009-10-14,0.000499875041651048,0.000699755114273342,0.0014988761237358919,0.0034938892542557796,0.009554212804811658,0.01459300230290015
2009-10-15,0.0005998200719676155,0.000699755114273342,0.0014988761237358919,0.0035935355101301704,0.009653257028138304,0.014888612493750654
2009-10-16,0.0005998200719676155,0.000699755114273342,0.0016985566355814776,0.0035935355101301704,0.009653257028138304,0.01479008547263543
2009-10-19,0.0005998200719676155,0.0007996801705643322,0.0017983819413793735,0.003792798238696237,0.009851316050374181,0.014888612493750654
2009-10-20,0.000499875041651048,0.0007996801705643322,0.0016985566355814776,0.003892414715343839,0.009455158770755135,0.014297304700824425
2009-10-21,0.000499875041651048,0.000699755114273342,0.0016985566355814776,0.003992021269537453,0.009950330853168083,0.014987129808248345
2009-10-22,0.00019998000266626675,0.0005998200719676155,0.0014988761237358919,0.003792798238696237,0.009653257028138304,0.014888612493750654
2009-10-23,0.00019998000266626675,0.000699755114273342,0.0017983819413793735,0.003992021269537453,0.0103462920541443,0.015578029963318418
2009-10-26,0.0003999200213269354,0.0007996801705643322,0.0017983819413793735,0.0040916179032535645,0.010544213875671154,0.015971769509698662
2009-10-27,0.000499875041651048,0.0007996801705643322,0.0016985566355814776,0.003892414715343839,0.009851316050374181,0.014987129808248345
2009-10-28,0.0003999200213269354,0.000699755114273342,0.0016985566355814776,0.003892414715343839,0.009455158770755135,0.01459300230290015
2009-10-29,0.00019998000266626675,0.0005998200719676155,0.0016985566355814776,0.003992021269537453,0.009752291442678272,0.015085637418040853
2009-10-30,9.999500033330834e-05,0.000499875041651048,0.0015987213636970278,0.0036931718376175702,0.008959741371471906,0.014198719399812949
2009-11-02,0.00029995500899797546,0.0005998200719676155,0.0016985566355814776,0.003792798238696237,0.009157937784765629,0.014297304700824425
2009-11-03,0.0003999200213269354,0.0005998200719676155,0.0016985566355814776,0.003792798238696237,0.009157937784765629,0.014494446150452563
2009-11-04,0.000499875041651048,0.000499875041651048,0.0015987213636970278,0.0035935355101301704,0.009058844488346039,0.014494446150452563
2009-11-05,0.0005998200719676155,0.0003999200213269354,0.0015987213636970278,0.0035935355101301704,0.008959741371471906,0.014297304700824425
2009-11-06,0.0005998200719676155,0.0005998200719676155,0.0015987213636970278,0.0033942330680155476,0.008563230660487873,0.01390290516899142
2009-11-09,0.0005998200719676155,0.000699755114273342,0.0016985566355814776,0.0033942330680155476,0.008662373078652657,0.01390290516899142
2009-11-10,0.0005998200719676155,0.000699755114273342,0.0015987213636970278,0.003294566949430031,0.008464078412129412,0.013804280976397056
2009-11-11,0.0005998200719676155,0.000699755114273342,0.0015987213636970278,0.003294566949430031,0.008464078412129412,0.013804280976397056
2009-11-12,0.0005998200719676155,0.000699755114273342,0.0015987213636970278,0.003194890896519197,0.008166562666393415,0.013508350024792245
2009-11-13,0.000499875041651048,0.0005998200719676155,0.0016985566355814776,0.003194890896519197,0.008166562666393415,0.013311014059672338
2009-11-16,0.000499875041651048,0.000699755114273342,0.0016985566355814776,0.003095204907302419,0.007769737264360665,0.012718772407774689
2009-11-17,0.000499875041651048,0.0005998200719676155,0.0015987213636970278,0.003194890896519197,0.007769737264360665,0.012718772407774689
2009-11-18,0.0003999200213269354,0.0003999200213269354,0.0014988761237358919,0.002895803112025565,0.007670506304219701,0.012620031356102263
2009-11-19,0.00029995500899797546,0.00019998000266626675,0.0013990209137073413,0.0026963615477426086,0.007273483966498386,0.012323749688831936
2009-11-20,0.0003999200213269354,0.00019998000266626675,0.00129915573162005,0.0026963615477426086,0.007472014838700995,0.012422519998557154
2009-11-23,0.000499875041651048,0.000499875041651048,0.0013990209137073413,0.002895803112025565,0.007670506304219701,0.012718772407774689
2009-11-24,0.0005998200719676155,0.000499875041651048,0.0013990209137073413,0.0027960873020012743,0.007273483966498386,0.012126179797840564
2009-11-25,0.000699755114273342,0.000499875041651048,0.0013990209137073413,0.002596625847265978,0.007273483966498386,0.01222496962256897
2009-11-26,0.000699755114273342,0.000499875041651048,0.0013990209137073413,0.002596625847265978,0.007273483966498386,0.01222496962256897
2009-11-27,0.0005998200719676155,0.00029995500899797546,0.0013990209137073413,0.002596625847265978,0.006776984279023752,0.011434377625663104
2009-11-30,0.0007996801705643322,0.0005998200719676155,0.0014988761237358919,0.0026963615477426086,0.006677654753240569,0.011137744410455926
2009-12-01,0.000899595242836093,0.0005998200719676155,0.0014988761237358919,0.002596625847265978,0.006677654753240569,0.0113355096637456
2009-12-02,0.0007996801705643322,0.000499875041651048,0.0014988761237358919,0.0027960873020012743,0.007174203748000358,0.011829751753577198
2009-12-03,0.000899595242836093,0.0005998200719676155,0.0015987213636970278,0.002995508979798479,0.007372754329413085,0.01222496962256897
2009-12-04,0.0007996801705643322,0.0005998200719676155,0.0016985566355814776,0.0035935355101301704,0.008364916331627708,0.013311014059672338
2009-12-07,0.000699755114273342,0.0003999200213269354,0.0015987213636970278,0.003194890896519197,0.007769737264360665,0.012521280553671745
2009-12-08,0.00019998000266626675,0.00029995500899797546,0.0014988761237358919,0.002895803112025565,0.007273483966498386,0.012027380212718455
2009-12-09,9.999500033330834e-05,0.00029995500899797546,0.0013990209137073413,0.003095204907302419,0.007571265496318075,0.01222496962256897
2009-12-10,9.999500033330834e-05,0.00019998000266626675,0.0014988761237358919,0.003194890896519197,0.007769737264360665,0.012521280553671745
2009-12-11,9.999500033330834e-05,0.00029995500899797546,0.0015987213636970278,0.0034938892542557796,0.008265744417032617,0.01291622526654633
2009-12-14,0.00019998000266626675,0.0003999200213269354,0.0015987213636970278,0.0036931718376175702,0.008662373078652657,0.013409686909917676
2009-12-15,0.00019998000266626675,0.000499875041651048,0.0016985566355814776,0.0040916179032535645,0.00876150566857275,0.013705647056111932
2009-12-16,0.00019998000266626675,0.0003999200213269354,0.0016985566355814776,0.003792798238696237,0.008464078412129412,0.013508350024792245
2009-12-17,9.999500033330834e-05,0.0003999200213269354,0.0014988761237358919,0.0034938892542557796,0.007670506304219701,0.012620031356102263
2009-12-18,9.999500033330834e-05,0.000499875041651048,0.0015987213636970278,0.0035935355101301704,0.008166562666393415,0.013113639145383105
2009-12-21,9.999500033330834e-05,0.0007996801705643322,0.0016985566355814776,0.003992021269537453,0.008860628432196557,0.014100124378781635
2009-12-22,9.999500033330834e-05,0.0007996801705643322,0.0017983819413793735,0.0040916179032535645,0.009455158770755135,0.014691548742989757
2009-12-23,9.999500033330834e-05,0.000699755114273342,0.0016985566355814776,0.0040916179032535645,0.009554212804811658,0.014987129808248345
2009-12-24,0.00019998000266626675,0.000499875041651048,0.0017983819413793735,0.004290781417156275,0.009950330853168083,0.01547957084838632
2009-12-25,0.00019998000266626675,0.000499875041651048,0.0017983819413793735,0.004290781417156275,0.009950330853168083,0.01547957084838632
2009-12-28,0.00029995500899797546,0.0010993954433009636,0.001998002662673056,0.0046889894861315414,0.010841023177874857,0.016168581161583706
2009-12-29,0.00019998000266626675,0.0009995003330835331,0.001998002662673056,0.0046889894861315414,0.010841023177874857,0.016266972463871966
2009-12-30,0.00019998000266626675,0.000499875041651048,0.0018981972830802527,0.004489905272852053,0.010742096531902109,0.016365354086264272
2009-12-31,0.0003999200213269354,0.0005998200719676155,0.001998002662673056,0.0046889894861315414,0.0113355096637456,0.0168571170664229
2010-01-01,0.0003999200213269354,0.0005998200719676155,0.001998002662673056,0.0046889894861315414,0.0113355096637456,0.0168571170664229
2010-01-04,0.000499875041651048,0.0007996801705643322,0.0017983819413793735,0.004489905272852053,0.010841023177874857,0.01646372603066508
2010-01-05,0.00029995500899797546,0.000699755114273342,0.0016985566355814776,0.0040916179032535645,0.01004933585300144,0.015578029963318418
2010-01-06,0.00029995500899797546,0.0005998200719676155,0.0014988761237358919,0.003992021269537453,0.01004933585300144,0.01587334915629015
2010-01-07,0.00019998000266626675,0.000499875041651048,0.0015987213636970278,0.003992021269537453,0.010247316451549523,0.01607018017749447
2010-01-08,0.00019998000266626675,0.000499875041651048,0.0014988761237358919,0.0036931718376175702,0.009554212804811658,0.01547957084838632
2010-01-11,9.999500033330834e-05,0.0003999200213269354,0.00129915573162005,0.0034938892542557796,0.009455158770755135,0.015381102038302324
2010-01-12,0.00019998000266626675,0.000499875041651048,0.0013990209137073413,0.0033942330680155476,0.009157937784765629,0.014888612493750654
2010-01-13,0.00019998000266626675,0.0005998200719676155,0.0014988761237358919,0.0036931718376175702,0.009653257028138304,0.015282623531156904
2010-01-14,0.00019998000266626675,0.000499875041651048,0.0013990209137073413,0.0033942330680155476,0.009356094924024953,0.01479008547263543
2010-01-15,0.00029995500899797546,0.0005998200719676155,0.0014988761237358919,0.003294566949430031,0.008860628432196557,0.014297304700824425
2010-01-18,0.00029995500899797546,0.0005998200719676155,0.0014988761237358919,0.003294566949430031,0.008860628432196557,0.014297304700824425
2010-01-19,0.00029995500899797546,0.0005998200719676155,0.0013990209137073413,0.003294566949430031,0.009257021262676765,0.014691548742989757
2010-01-20,0.00029995500899797546,0.000499875041651048,0.0013990209137073413,0.003095204907302419,0.009157937784765629,0.014494446150452563
2010-01-21,0.00019998000266626675,0.0005998200719676155,0.0013990209137073413,0.003095204907302419,0.008662373078652657,0.014001519635813609
2010-01-22,0.00019998000266626675,0.0005998200719676155,0.0013990209137073413,0.002995508979798479,0.008364916331627708,0.013804280976397056
2010-01-25,0.00019998000266626675,0.0005998200719676155,0.0013990209137073413,0.002995508979798479,0.008563230660487873,0.01390290516899142
2010-01-26,0.00019998000266626675,0.000699755114273342,0.0013990209137073413,0.003194890896519197,0.008662373078652657,0.01390290516899142
2010-01-27,9.999500033330834e-05,0.0007996801705643322,0.0015987213636970278,0.003294566949430031,0.008959741371471906,0.014494446150452563
2010-01-28,9.999500033330834e-05,0.0007996801705643322,0.0014988761237358919,0.003095204907302419,0.008662373078652657,0.014297304700824425
2010-01-29,0.00019998000266626675,0.0007996801705643322,0.0014988761237358919,0.002995508979798479,0.008166562666393415,0.013705647056111932
2010-02-01,0.000499875041651048,0.0009995003330835331,0.0016985566355814776,0.003294566949430031,0.008563230660487873,0.014001519635813609
2010-02-02,0.0003999200213269354,0.0009995003330835331,0.0016985566355814776,0.003294566949430031,0.008563230660487873,0.014001519635813609
2010-02-03,0.000499875041651048,0.0009995003330835331,0.0016985566355814776,0.0034938892542557796,0.00876150566857275,0.014297304700824425
2010-02-04,0.0003999200213269354,0.000899595242836093,0.0015987213636970278,0.003194890896519197,0.007968169649176874,0.013311014059672338
2010-02-05,0.00029995500899797546,0.0009995003330835331,0.0016985566355814776,0.003095204907302419,0.007670506304219701,0.012718772407774689
2010-02-08,0.0003999200213269354,0.0011992805754820971,0.0016985566355814776,0.003194890896519197,0.00786895837869518,0.01291622526654633
2010-02-09,0.000499875041651048,0.0011992805754820971,0.0017983819413793735,0.0033942330680155476,0.008364916331627708,0.013607003406216902
2010-02-10,0.0005998200719676155,0.0010993954433009636,0.0018981972830802527,0.003792798238696237,0.009058844488346039,0.014297304700824425
2010-02-11,0.000499875041651048,0.0010993954433009636,0.0017983819413793735,0.003792798238696237,0.009058844488346039,0.014198719399812949
2010-02-12,0.0003999200213269354,0.0009995003330835331,0.0017983819413793735,0.0034938892542557796,0.008364916331627708,0.013705647056111932
2010-02-15,0.0003999200213269354,0.0009995003330835331,0.0017983819413793735,0.0034938892542557796,0.008364916331627708,0.013705647056111932
2010-02-16,0.0003999200213269354,0.0009995003330835331,0.0017983819413793735,0.0033942330680155476,0.008166562666393415,0.013508350024792245
2010-02-17,0.000699755114273342,0.0009995003330835331,0.0017983819413793735,0.0034938892542557796,0.008662373078652657,0.014100124378781635
2010-02-18,0.000699755114273342,0.0009995003330835331,0.0017983819413793735,0.0036931718376175702,0.008959741371471906,0.01459300230290015
2010-02-19,0.0005998200719676155,0.0010993954433009636,0.001998002662673056,0.003892414715343839,0.009455158770755135,0.014987129808248345
2010-02-22,0.0005998200719676155,0.0010993954433009636,0.0018981972830802527,0.0036931718376175702,0.009058844488346039,0.014691548742989757
2010-02-23,0.0007996801705643322,0.0011992805754820971,0.001998002662673056,0.0035935355101301704,0.008662373078652657,0.014100124378781635
2010-02-24,0.0007996801705643322,0.0011992805754820971,0.0018981972830802527,0.0033942330680155476,0.008662373078652657,0.014100124378781635
2010-02-25,0.000899595242836093,0.00129915573162005,0.0018981972830802527,0.003194890896519197,0.008166562666393415,0.013705647056111932
2010-02-26,0.000899595242836093,0.00129915573162005,0.0018981972830802527,0.003194890896519197,0.008067371077758798,0.013508350024792245
2010-03-01,0.000899595242836093,0.00129915573162005,0.0018981972830802527,0.003194890896519197,0.007968169649176874,0.013311014059672338
2010-03-02,0.000899595242836093,0.0013990209137073413,0.0018981972830802527,0.003194890896519197,0.007968169649176874,0.013212331472134813
2010-03-03,0.000899595242836093,0.0013990209137073413,0.0018981972830802527,0.003294566949430031,0.008166562666393415,0.013311014059672338
2010-03-04,0.000899595242836093,0.0013990209137073413,0.0018981972830802527,0.0034938892542557796,0.008563230660487873,0.013705647056111932
2010-03-05,0.0010993954433009636,0.0014988761237358919,0.001998002662673056,0.003792798238696237,0.009058844488346039,0.014198719399812949
2010-03-08,0.0010993954433009636,0.0015987213636970278,0.002097798082146129,0.003892414715343839,0.008959741371471906,0.014198719399812949
2010-03-09,0.0011992805754820971,0.0015987213636970278,0.002097798082146129,0.0036931718376175702,0.008860628432196557,0.014198719399812949
2010-03-10,0.0011992805754820971,0.0014988761237358919,0.002097798082146129,0.003892414715343839,0.009157937784765629,0.014395880283732381
2010-03-11,0.0011992805754820971,0.0015987213636970278,0.0021975835434872217,0.003992021269537453,0.009653257028138304,0.014888612493750654
2010-03-12,0.0009995003330835331,0.0014988761237358919,0.0023971245997214934,0.0040916179032535645,0.009653257028138304,0.014888612493750654
2010-03-15,0.0011992805754820971,0.0016985566355814776,0.0023971245997214934,0.003992021269537453,0.009554212804811658,0.01479008547263543
2010-03-16,0.0013990209137073413,0.0015987213636970278,0.0023971245997214934,0.0040916179032535645,0.009257021262676765,0.01459300230290015
2010-03-17,0.00129915573162005,0.0014988761237358919,0.0022973590486834897,0.0040916179032535645,0.009455158770755135,0.01459300230290015
2010-03-18,0.0013990209137073413,0.0015987213636970278,0.002596625847265978,0.0040916179032535645,0.009752291442678272,0.015085637418040853
2010-03-19,0.00129915573162005,0.0015987213636970278,0.002496880198587199,0.004191204618468071,0.01014833105181515,0.01547957084838632
2010-03-22,0.00129915573162005,0.0014988761237358919,0.0023971245997214934,0.0040916179032535645,0.01004933585300144,0.015282623531156904
2010-03-23,0.0010993954433009636,0.0013990209137073413,0.0022973590486834897,0.003992021269537453,0.01014833105181515,0.015381102038302324
2010-03-24,0.0011992805754820971,0.0013990209137073413,0.0022973590486834897,0.004390348301292895,0.010742096531902109,0.016562088298978293
2010-03-25,0.0011992805754820971,0.0013990209137073413,0.002496880198587199,0.004390348301292895,0.010939940038334366,0.016758783814954704
2010-03-26,0.0010993954433009636,0.0013990209137073413,0.002496880198587199,0.004290781417156275,0.0103462920541443,0.016266972463871966
2010-03-29,0.0010993954433009636,0.0014988761237358919,0.0023971245997214934,0.004191204618468071,0.0103462920541443,0.016365354086264272
2010-03-30,0.00129915573162005,0.0015987213636970278,0.0023971245997214934,0.004390348301292895,0.010544213875671154,0.016365354086264272
2010-03-31,0.0014988761237358919,0.0015987213636970278,0.0023971245997214934,0.0040916179032535645,0.01014833105181515,0.01587334915629015
2010-04-01,0.0015987213636970278,0.0015987213636970278,0.0023971245997214934,0.004191204618468071,0.010445257861538649,0.016168581161583706
2010-04-02,0.0014988761237358919,0.0015987213636970278,0.002596625847265978,0.0045894523338072864,0.011038847115216341,0.0168571170664229
2010-04-05,0.0015987213636970278,0.0017983819413793735,0.0026963615477426086,0.004788516731797177,0.011730922875698666,0.017545179215748816
2010-04-06,0.0016985566355814776,0.0016985566355814776,0.002596625847265978,0.004888034072775962,0.0113355096637456,0.017250353406527592
2010-04-07,0.0015987213636970278,0.0016985566355814776,0.002496880198587199,0.0046889894861315414,0.010544213875671154,0.01646372603066508
2010-04-08,0.0015987213636970278,0.0016985566355814776,0.0023971245997214934,0.0045894523338072864,0.010841023177874857,0.01666044089310724
2010-04-09,0.0015987213636970278,0.0015987213636970278,0.002496880198587199,0.0045894523338072864,0.010742096531902109,0.01666044089310724
2010-04-12,0.0014988761237358919,0.0015987213636970278,0.0023971245997214934,0.0045894523338072864,0.010643160098479829,0.016365354086264272
2010-04-13,0.0014988761237358919,0.0015987213636970278,0.0023971245997214934,0.004489905272852053,0.010643160098479829,0.016365354086264272
2010-04-14,0.0014988761237358919,0.0015987213636970278,0.0023971245997214934,0.004489905272852053,0.010643160098479829,0.016365354086264272
2010-04-15,0.0015987213636970278,0.0015987213636970278,0.0022973590486834897,0.004290781417156275,0.0103462920541443,0.01607018017749447
2010-04-16,0.0014988761237358919,0.0015987213636970278,0.0023971245997214934,0.0040916179032535645,0.009752291442678272,0.01547957084838632
2010-04-19,0.0014988761237358919,0.0015987213636970278,0.0022973590486834897,0.004290781417156275,0.01004933585300144,0.015774919115362215
2010-04-20,0.0013990209137073413,0.0015987213636970278,0.0023971245997214934,0.004191204618468071,0.010445257861538649,0.01607018017749447
2010-04-21,0.0013990209137073413,0.0014988761237358919,0.0022973590486834897,0.004390348301292895,0.010247316451549523,0.01587334915629015
2010-04-22,0.0014988761237358919,0.0015987213636970278,0.0023971245997214934,0.004489905272852053,0.010643160098479829,0.016266972463871966
2010-04-23,0.0013990209137073413,0.0015987213636970278,0.002596625847265978,0.0045894523338072864,0.010939940038334366,0.01666044089310724
2010-04-26,0.0013990209137073413,0.0015987213636970278,0.002496880198587199,0.0046889894861315414,0.010841023177874857,0.016562088298978293
2010-04-27,0.0013990209137073413,0.0015987213636970278,0.0023971245997214934,0.004191204618468071,0.010247316451549523,0.015381102038302324
2010-04-28,0.0013990209137073413,0.0015987213636970278,0.0023971245997214934,0.004290781417156275,0.010247316451549523,0.015971769509698662
2010-04-29,0.0014988761237358919,0.0016985566355814776,0.0022973590486834897,0.004191204618468071,0.01004933585300144,0.01567647938500758
2010-04-30,0.0013990209137073413,0.0015987213636970278,0.002496880198587199,0.0040916179032535645,0.009653257028138304,0.014987129808248345
2010-05-03,0.0013990209137073413,0.0016985566355814776,0.002496880198587199,0.004290781417156275,0.009950330853168083,0.01547957084838632
2010-05-04,0.0014988761237358919,0.0015987213636970278,0.0023971245997214934,0.004290781417156275,0.009554212804811658,0.01479008547263543
2010-05-05,0.0013990209137073413,0.0014988761237358919,0.0021975835434872217,0.003892414715343839,0.00876150566857275,0.014198719399812949
2010-05-06,0.0005998200719676155,0.0010993954433009636,0.0015987213636970278,0.0033942330680155476,0.007472014838700995,0.012620031356102263
2010-05-07,0.0007996801705643322,0.00129915573162005,0.002097798082146129,0.003792798238696237,0.008265744417032617,0.013113639145383105
2010-05-10,0.00129915573162005,0.0015987213636970278,0.0021975835434872217,0.003892414715343839,0.008662373078652657,0.01390290516899142
2010-05-11,0.0014988761237358919,0.0015987213636970278,0.0022973590486834897,0.003792798238696237,0.008464078412129412,0.013607003406216902
2010-05-12,0.0015987213636970278,0.0015987213636970278,0.0021975835434872217,0.003992021269537453,0.008860628432196557,0.01390290516899142
2010-05-13,0.0014988761237358919,0.0015987213636970278,0.0021975835434872217,0.003992021269537453,0.008662373078652657,0.013607003406216902
2010-05-14,0.0014988761237358919,0.0015987213636970278,0.0021975835434872217,0.0033942330680155476,0.00786895837869518,0.012718772407774689
2010-05-17,0.0015987213636970278,0.0015987213636970278,0.0022973590486834897,0.0035935355101301704,0.008067371077758798,0.01291622526654633
2010-05-18,0.0016985566355814776,0.0016985566355814776,0.0022973590486834897,0.0034938892542557796,0.007571265496318075,0.01222496962256897
2010-05-19,0.0016985566355814776,0.0016985566355814776,0.0022973590486834897,0.0034938892542557796,0.007968169649176874,0.012521280553671745
2010-05-20,0.0016985566355814776,0.0016985566355814776,0.0021975835434872217,0.0033942330680155476,0.007571265496318075,0.011928570865273802
2010-05-21,0.0016985566355814776,0.0016985566355814776,0.0023971245997214934,0.0034938892542557796,0.007571265496318075,0.011829751753577198
2010-05-24,0.0015987213636970278,0.0016985566355814776,0.0022973590486834897,0.0034938892542557796,0.007670506304219701,0.012027380212718455
2010-05-25,0.0015987213636970278,0.0016985566355814776,0.0021975835434872217,0.0035935355101301704,0.008067371077758798,0.012027380212718455
2010-05-26,0.0015987213636970278,0.0016985566355814776,0.0022973590486834897,0.0036931718376175702,0.008166562666393415,0.012718772407774689
2010-05-27,0.0015987213636970278,0.0016985566355814776,0.0022973590486834897,0.0036931718376175702,0.008662373078652657,0.013409686909917676
2010-05-28,0.0014988761237358919,0.0015987213636970278,0.0021975835434872217,0.0033942330680155476,0.007571265496318075,0.012521280553671745
2010-05-31,0.0014988761237358919,0.0015987213636970278,0.0021975835434872217,0.0033942330680155476,0.007571265496318075,0.012521280553671745
2010-06-01,0.0013990209137073413,0.0015987213636970278,0.0022973590486834897,0.0034938892542557796,0.007769737264360665,0.012521280553671745
2010-06-02,0.00129915573162005,0.0015987213636970278,0.0021975835434872217,0.003792798238696237,0.008166562666393415,0.01291622526654633
2010-06-03,0.00129915573162005,0.0013990209137073413,0.0021975835434872217,0.003792798238696237,0.008166562666393415,0.013014937077494654
2010-06-04,0.0011992805754820971,0.0013990209137073413,0.0021975835434872217,0.0033942330680155476,0.007174203748000358,0.011632084229707651
2010-06-07,0.0009995003330835331,0.0011992805754820971,0.002097798082146129,0.0034938892542557796,0.007372754329413085,0.011632084229707651
2010-06-08,0.0009995003330835331,0.0011992805754820971,0.0018981972830802527,0.0033942330680155476,0.007372754329413085,0.012027380212718455
2010-06-09,0.0007996801705643322,0.0009995003330835331,0.0016985566355814776,0.003294566949430031,0.007372754329413085,0.011829751753577198
2010-06-10,0.0005998200719676155,0.0009995003330835331,0.0017983819413793735,0.0033942330680155476,0.00786895837869518,0.012620031356102263
2010-06-11,0.0003999200213269354,0.0007996801705643322,0.0015987213636970278,0.002995508979798479,0.007472014838700995,0.012027380212718455
2010-06-14,0.00019998000266626675,0.000699755114273342,0.0014988761237358919,0.003095204907302419,0.007670506304219701,0.01222496962256897
2010-06-15,0.00029995500899797546,0.000899595242836093,0.0015987213636970278,0.003095204907302419,0.00786895837869518,0.012521280553671745
2010-06-16,0.0005998200719676155,0.0009995003330835331,0.0016985566355814776,0.002995508979798479,0.007472014838700995,0.012126179797840564
2010-06-17,0.000499875041651048,0.000899595242836093,0.0015987213636970278,0.0027960873020012743,0.007174203748000358,0.011730922875698666
2010-06-18,0.0003999200213269354,0.0010993954433009636,0.0016985566355814776,0.002995508979798479,0.007372754329413085,0.011928570865273802
2010-06-21,0.000499875041651048,0.0011992805754820971,0.0016985566355814776,0.002895803112025565,0.007372754329413085,0.012027380212718455
2010-06-22,0.0007996801705643322,0.00129915573162005,0.0017983819413793735,0.002895803112025565,0.007074913671961879,0.011434377625663104
2010-06-23,0.000699755114273342,0.00129915573162005,0.0018981972830802527,0.002995508979798479,0.006578315360122567,0.011038847115216341
2010-06-24,0.000699755114273342,0.00129915573162005,0.0018981972830802527,0.002895803112025565,0.006677654753240569,0.010939940038334366
2010-06-25,0.000499875041651048,0.00129915573162005,0.001998002662673056,0.002895803112025565,0.006478966097709123,0.010643160098479829
2010-06-28,0.000699755114273342,0.0016985566355814776,0.0021975835434872217,0.002995508979798479,0.006180859075081115,0.010247316451549523
2010-06-29,0.000899595242836093,0.0014988761237358919,0.0021975835434872217,0.003095204907302419,0.006081470315867959,0.009851316050374181
2010-06-30,0.0016985566355814776,0.0017983819413793735,0.0021975835434872217,0.003194890896519197,0.006081470315867959,0.009950330853168083
2010-07-01,0.0015987213636970278,0.0016985566355814776,0.0021975835434872217,0.003194890896519197,0.006280237957150483,0.01004933585300144
2010-07-02,0.0015987213636970278,0.0016985566355814776,0.0021975835434872217,0.003095204907302419,0.006280237957150483,0.0103462920541443
2010-07-05,0.0015987213636970278,0.0016985566355814776,0.0021975835434872217,0.003095204907302419,0.006280237957150483,0.0103462920541443
2010-07-06,0.0016985566355814776,0.0016985566355814776,0.002097798082146129,0.003194890896519197,0.006180859075081115,0.009950330853168083
2010-07-07,0.0016985566355814776,0.0015987213636970278,0.001998002662673056,0.003095204907302419,0.006280237957150483,0.01004933585300144
2010-07-08,0.0016985566355814776,0.0014988761237358919,0.0018981972830802527,0.002995508979798479,0.006280237957150483,0.01004933585300144
2010-07-09,0.0015987213636970278,0.0015987213636970278,0.001998002662673056,0.002995508979798479,0.006280237957150483,0.010247316451549523
2010-07-12,0.0015987213636970278,0.0015987213636970278,0.001998002662673056,0.002995508979798479,0.006478966097709123,0.010544213875671154
2010-07-13,0.0015987213636970278,0.0014988761237358919,0.001998002662673056,0.002995508979798479,0.006677654753240569,0.010841023177874857
2010-07-14,0.0015987213636970278,0.0014988761237358919,0.0018981972830802527,0.0026963615477426086,0.006180859075081115,0.01014833105181515
2010-07-15,0.0015987213636970278,0.0014988761237358919,0.001998002662673056,0.0026963615477426086,0.006081470315867959,0.009752291442678272
2010-07-16,0.0013990209137073413,0.0014988761237358919,0.0018981972830802527,0.0027960873020012743,0.006081470315867959,0.009356094924024953
2010-07-19,0.0014988761237358919,0.0016985566355814776,0.001998002662673056,0.0027960873020012743,0.006081470315867959,0.009455158770755135
2010-07-20,0.0015987213636970278,0.0015987213636970278,0.0018981972830802527,0.0026963615477426086,0.006081470315867959,0.009356094924024953
2010-07-21,0.0015987213636970278,0.0015987213636970278,0.0018981972830802527,0.0026963615477426086,0.005783244755727333,0.009058844488346039
2010-07-22,0.0014988761237358919,0.0015987213636970278,0.001998002662673056,0.0026963615477426086,0.005982071677547464,0.009157937784765629
2010-07-23,0.0014988761237358919,0.0015987213636970278,0.001998002662673056,0.0026963615477426086,0.005982071677547464,0.009356094924024953
2010-07-26,0.0014988761237358919,0.0015987213636970278,0.001998002662673056,0.002895803112025565,0.006180859075081115,0.009653257028138304
2010-07-27,0.0015987213636970278,0.0014988761237358919,0.002097798082146129,0.002995508979798479,0.006478966097709123,0.01014833105181515
2010-07-28,0.0014988761237358919,0.0014988761237358919,0.001998002662673056,0.002995508979798479,0.006081470315867959,0.009455158770755135
2010-07-29,0.0014988761237358919,0.0014988761237358919,0.001998002662673056,0.002995508979798479,0.005882663158155495,0.009157937784765629
2010-07-30,0.0013990209137073413,0.0014988761237358919,0.001998002662673056,0.002895803112025565,0.005484930230569686,0.008364916331627708
2010-08-02,0.0013990209137073413,0.0015987213636970278,0.001998002662673056,0.0027960873020012743,0.005584378293900616,0.008464078412129412
2010-08-03,0.0014988761237358919,0.0015987213636970278,0.001998002662673056,0.0026963615477426086,0.005286004429237355,0.007968169649176874
2010-08-04,0.0014988761237358919,0.0015987213636970278,0.001998002662673056,0.0027960873020012743,0.005584378293900616,0.008563230660487873
2010-08-05,0.0014988761237358919,0.0014988761237358919,0.0018981972830802527,0.0026963615477426086,0.005286004429237355,0.008067371077758798
2010-08-06,0.0013990209137073413,0.0014988761237358919,0.0018981972830802527,0.002496880198587199,0.004987541511039074,0.007769737264360665
2010-08-09,0.0013990209137073413,0.0014988761237358919,0.0018981972830802527,0.002596625847265978,0.005385472276337817,0.008067371077758798
2010-08-10,0.0014988761237358919,0.0014988761237358919,0.0018981972830802527,0.002496880198587199,0.005186526687300061,0.007769737264360665
2010-08-11,0.0014988761237358919,0.0014988761237358919,0.0018981972830802527,0.002496880198587199,0.005385472276337817,0.007769737264360665
2010-08-12,0.0014988761237358919,0.0015987213636970278,0.0017983819413793735,0.002496880198587199,0.005484930230569686,0.008067371077758798
2010-08-13,0.0013990209137073413,0.0014988761237358919,0.0018981972830802527,0.002596625847265978,0.005385472276337817,0.008067371077758798
2010-08-16,0.0014988761237358919,0.0015987213636970278,0.0018981972830802527,0.002496880198587199,0.005087039048557106,0.007571265496318075
2010-08-17,0.0015987213636970278,0.0016985566355814776,0.0018981972830802527,0.002596625847265978,0.005186526687300061,0.007769737264360665
2010-08-18,0.0015987213636970278,0.0015987213636970278,0.0018981972830802527,0.002496880198587199,0.005087039048557106,0.007670506304219701
2010-08-19,0.0015987213636970278,0.0015987213636970278,0.0018981972830802527,0.002496880198587199,0.004888034072775962,0.007372754329413085
2010-08-20,0.0014988761237358919,0.0014988761237358919,0.0018981972830802527,0.002596625847265978,0.004888034072775962,0.007769737264360665
2010-08-23,0.0014988761237358919,0.0015987213636970278,0.0018981972830802527,0.002496880198587199,0.004888034072775962,0.007571265496318075
2010-08-24,0.0016985566355814776,0.0015987213636970278,0.001998002662673056,0.0026963615477426086,0.004987541511039074,0.007174203748000358
2010-08-25,0.0016985566355814776,0.0015987213636970278,0.0018981972830802527,0.002596625847265978,0.005286004429237355,0.007670506304219701
2010-08-26,0.0016985566355814776,0.0015987213636970278,0.0018981972830802527,0.002496880198587199,0.005087039048557106,0.007670506304219701
2010-08-27,0.0016985566355814776,0.0014988761237358919,0.0018981972830802527,0.0026963615477426086,0.005584378293900616,0.008265744417032617
2010-08-30,0.0015987213636970278,0.0013990209137073413,0.0018981972830802527,0.002596625847265978,0.004987541511039074,0.007472014838700995
2010-08-31,0.0015987213636970278,0.0013990209137073413,0.0018981972830802527,0.002496880198587199,0.0046889894861315414,0.007174203748000358
2010-09-01,0.0015987213636970278,0.00129915573162005,0.0018981972830802527,0.002496880198587199,0.004987541511039074,0.007472014838700995
2010-09-02,0.0014988761237358919,0.0013990209137073413,0.0017983819413793735,0.002496880198587199,0.004987541511039074,0.007571265496318075
2010-09-03,0.0014988761237358919,0.0013990209137073413,0.0018981972830802527,0.002496880198587199,0.005186526687300061,0.008067371077758798
2010-09-06,0.0014988761237358919,0.0013990209137073413,0.0018981972830802527,0.002496880198587199,0.005186526687300061,0.008067371077758798
2010-09-07,0.00129915573162005,0.0013990209137073413,0.0017983819413793735,0.002496880198587199,0.004888034072775962,0.007670506304219701
2010-09-08,0.0009995003330835331,0.0013990209137073413,0.0018981972830802527,0.0023971245997214934,0.005186526687300061,0.007968169649176874
2010-09-09,0.0009995003330835331,0.0013990209137073413,0.0018981972830802527,0.002596625847265978,0.00568381646829767,0.008662373078652657
2010-09-10,0.0009995003330835331,0.0013990209137073413,0.0018981972830802527,0.0026963615477426086,0.005783244755727333,0.00876150566857275
2010-09-13,0.0009995003330835331,0.0014988761237358919,0.0018981972830802527,0.002596625847265978,0.005286004429237355,0.008166562666393415
2010-09-14,0.0010993954433009636,0.0014988761237358919,0.001998002662673056,0.002596625847265978,0.004987541511039074,0.007670506304219701
2010-09-15,0.0010993954433009636,0.0014988761237358919,0.001998002662673056,0.002596625847265978,0.004987541511039074,0.007670506304219701
2010-09-16,0.0011992805754820971,0.0015987213636970278,0.001998002662673056,0.002496880198587199,0.004788516731797177,0.007670506304219701
2010-09-17,0.0011992805754820971,0.0015987213636970278,0.001998002662673056,0.002596625847265978,0.004788516731797177,0.007472014838700995
2010-09-20,0.0011992805754820971,0.0016985566355814776,0.001998002662673056,0.002596625847265978,0.0046889894861315414,0.007273483966498386
2010-09-21,0.0011992805754820971,0.0016985566355814776,0.001998002662673056,0.002596625847265978,0.004290781417156275,0.006776984279023752
2010-09-22,0.0011992805754820971,0.0015987213636970278,0.0018981972830802527,0.002496880198587199,0.004390348301292895,0.006776984279023752
2010-09-23,0.00129915573162005,0.0015987213636970278,0.001998002662673056,0.002496880198587199,0.004489905272852053,0.006677654753240569
2010-09-24,0.000899595242836093,0.0014988761237358919,0.0018981972830802527,0.002496880198587199,0.004489905272852053,0.006876303939432157
2010-09-27,0.0007996801705643322,0.0015987213636970278,0.0018981972830802527,0.002596625847265978,0.004390348301292895,0.006578315360122567
2010-09-28,0.0007996801705643322,0.0015987213636970278,0.001998002662673056,0.002596625847265978,0.0036931718376175702,0.006379606964039027
2010-09-29,0.0011992805754820971,0.0015987213636970278,0.001998002662673056,0.0026963615477426086,0.004390348301292895,0.006677654753240569
2010-09-30,0.0013990209137073413,0.0015987213636970278,0.0018981972830802527,0.0026963615477426086,0.004191204618468071,0.006379606964039027
2010-10-01,0.0014988761237358919,0.0015987213636970278,0.0018981972830802527,0.002596625847265978,0.004191204618468071,0.006280237957150483
2010-10-04,0.0014988761237358919,0.00129915573162005,0.0018981972830802527,0.002596625847265978,0.0040916179032535645,0.006180859075081115
2010-10-05,0.0013990209137073413,0.0011992805754820971,0.0017983819413793735,0.002496880198587199,0.0040916179032535645,0.005982071677547464
2010-10-06,0.0013990209137073413,0.00129915573162005,0.0016985566355814776,0.0023971245997214934,0.003792798238696237,0.00568381646829767
2010-10-07,0.0014988761237358919,0.00129915573162005,0.0016985566355814776,0.0022973590486834897,0.0035935355101301704,0.005385472276337817
2010-10-08,0.0013990209137073413,0.0011992805754820971,0.0015987213636970278,0.002097798082146129,0.0034938892542557796,0.005385472276337817
2010-10-11,0.0013990209137073413,0.0011992805754820971,0.0015987213636970278,0.002097798082146129,0.0034938892542557796,0.005385472276337817
2010-10-12,0.0013990209137073413,0.00129915573162005,0.0016985566355814776,0.002097798082146129,0.0036931718376175702,0.005882663158155495
2010-10-13,0.0013990209137073413,0.00129915573162005,0.0017983819413793735,0.0021975835434872217,0.0036931718376175702,0.00568381646829767
2010-10-14,0.0014988761237358919,0.0013990209137073413,0.0016985566355814776,0.0021975835434872217,0.003792798238696237,0.005982071677547464
2010-10-15,0.0013990209137073413,0.0013990209137073413,0.0016985566355814776,0.0021975835434872217,0.0036931718376175702,0.005882663158155495
2010-10-18,0.0013990209137073413,0.0014988761237358919,0.0017983819413793735,0.0022973590486834897,0.003792798238696237,0.005484930230569686
2010-10-19,0.0013990209137073413,0.0013990209137073413,0.0017983819413793735,0.0021975835434872217,0.0036931718376175702,0.005385472276337817
2010-10-20,0.0013990209137073413,0.0013990209137073413,0.0016985566355814776,0.0021975835434872217,0.0034938892542557796,0.005186526687300061
2010-10-21,0.00129915573162005,0.00129915573162005,0.0017983819413793735,0.0021975835434872217,0.0036931718376175702,0.005186526687300061
2010-10-22,0.00129915573162005,0.00129915573162005,0.0017983819413793735,0.002097798082146129,0.0034938892542557796,0.005385472276337817
2010-10-25,0.00129915573162005,0.0013990209137073413,0.0017983819413793735,0.0022973590486834897,0.0036931718376175702,0.005484930230569686
2010-10-26,0.0013990209137073413,0.0013990209137073413,0.0017983819413793735,0.0022973590486834897,0.003992021269537453,0.005882663158155495
2010-10-27,0.0013990209137073413,0.0013990209137073413,0.0017983819413793735,0.0022973590486834897,0.003992021269537453,0.006379606964039027
2010-10-28,0.0013990209137073413,0.00129915573162005,0.0017983819413793735,0.0022973590486834897,0.0036931718376175702,0.005584378293900616
2010-10-29,0.0013990209137073413,0.0011992805754820971,0.0016985566355814776,0.0021975835434872217,0.0033942330680155476,0.005087039048557106
2010-11-01,0.0013990209137073413,0.00129915573162005,0.0015987213636970278,0.0021975835434872217,0.0033942330680155476,0.004987541511039074
2010-11-02,0.00129915573162005,0.00129915573162005,0.0015987213636970278,0.0021975835434872217,0.0033942330680155476,0.005087039048557106
2010-11-03,0.00129915573162005,0.00129915573162005,0.0015987213636970278,0.0021975835434872217,0.0033942330680155476,0.004888034072775962
2010-11-04,0.00129915573162005,0.00129915573162005,0.0016985566355814776,0.002097798082146129,0.003294566949430031,0.004489905272852053
2010-11-05,0.00129915573162005,0.00129915573162005,0.0015987213636970278,0.0021975835434872217,0.003792798238696237,0.005087039048557106
2010-11-08,0.0011992805754820971,0.00129915573162005,0.0015987213636970278,0.0021975835434872217,0.0040916179032535645,0.005882663158155495
2010-11-09,0.0010993954433009636,0.00129915573162005,0.0015987213636970278,0.0023971245997214934,0.0045894523338072864,0.006578315360122567
2010-11-10,0.0011992805754820971,0.00129915573162005,0.0015987213636970278,0.0023971245997214934,0.004390348301292895,0.006280237957150483
2010-11-11,0.0011992805754820971,0.00129915573162005,0.0015987213636970278,0.0023971245997214934,0.004390348301292895,0.006280237957150483
2010-11-12,0.0010993954433009636,0.00129915573162005,0.0016985566355814776,0.0026963615477426086,0.005087039048557106,0.007273483966498386
2010-11-15,0.0011992805754820971,0.0013990209137073413,0.0018981972830802527,0.002895803112025565,0.005286004429237355,0.008067371077758798
2010-11-16,0.00129915573162005,0.0014988761237358919,0.0018981972830802527,0.0026963615477426086,0.005087039048557106,0.00786895837869518
2010-11-17,0.00129915573162005,0.0013990209137073413,0.0018981972830802527,0.002596625847265978,0.004987541511039074,0.007670506304219701
2010-11-18,0.00129915573162005,0.0014988761237358919,0.0018981972830802527,0.002596625847265978,0.005186526687300061,0.007670506304219701
2010-11-19,0.0011992805754820971,0.0013990209137073413,0.0018981972830802527,0.0026963615477426086,0.005186526687300061,0.007769737264360665
2010-11-22,0.0011992805754820971,0.0014988761237358919,0.001998002662673056,0.002596625847265978,0.004888034072775962,0.007174203748000358
2010-11-23,0.0014988761237358919,0.0014988761237358919,0.001998002662673056,0.002596625847265978,0.004489905272852053,0.006876303939432157
2010-11-24,0.0015987213636970278,0.0015987213636970278,0.001998002662673056,0.0027960873020012743,0.005286004429237355,0.008067371077758798
2010-11-25,0.0015987213636970278,0.0015987213636970278,0.001998002662673056,0.0027960873020012743,0.005286004429237355,0.008067371077758798
2010-11-26,0.0015987213636970278,0.0015987213636970278,0.002097798082146129,0.0027960873020012743,0.005087039048557106,0.007769737264360665
2010-11-29,0.0015987213636970278,0.0017983819413793735,0.002097798082146129,0.0027960873020012743,0.005186526687300061,0.007670506304219701
2010-11-30,0.0017983819413793735,0.0016985566355814776,0.002097798082146129,0.0026963615477426086,0.004489905272852053,0.007174203748000358
2010-12-01,0.0016985566355814776,0.0015987213636970278,0.001998002662673056,0.0027960873020012743,0.005286004429237355,0.008364916331627708
2010-12-02,0.0015987213636970278,0.0015987213636970278,0.0018981972830802527,0.002895803112025565,0.005484930230569686,0.008563230660487873
2010-12-03,0.0013990209137073413,0.0013990209137073413,0.0018981972830802527,0.002596625847265978,0.004888034072775962,0.007968169649176874
2010-12-06,0.0013990209137073413,0.0014988761237358919,0.0018981972830802527,0.002596625847265978,0.004191204618468071,0.007273483966498386
2010-12-07,0.0007996801705643322,0.0013990209137073413,0.0018981972830802527,0.0027960873020012743,0.005385472276337817,0.008662373078652657
2010-12-08,0.0007996801705643322,0.0014988761237358919,0.0017983819413793735,0.002995508979798479,0.006280237957150483,0.009653257028138304
2010-12-09,0.000899595242836093,0.0013990209137073413,0.0017983819413793735,0.002995508979798479,0.006379606964039027,0.009851316050374181
2010-12-10,0.000899595242836093,0.00129915573162005,0.0017983819413793735,0.002895803112025565,0.006379606964039027,0.010247316451549523
2010-12-13,0.0009995003330835331,0.0014988761237358919,0.0018981972830802527,0.002895803112025565,0.006081470315867959,0.009752291442678272
2010-12-14,0.000899595242836093,0.0014988761237358919,0.001998002662673056,0.002995508979798479,0.006578315360122567,0.010544213875671154
2010-12-15,0.0007996801705643322,0.0013990209137073413,0.001998002662673056,0.002995508979798479,0.006776984279023752,0.010742096531902109
2010-12-16,0.0007996801705643322,0.00129915573162005,0.0018981972830802527,0.003095204907302419,0.006578315360122567,0.010445257861538649
2010-12-17,0.000499875041651048,0.0010993954433009636,0.0017983819413793735,0.002995508979798479,0.006081470315867959,0.009851316050374181
2010-12-20,0.0003999200213269354,0.0013990209137073413,0.0018981972830802527,0.002995508979798479,0.006180859075081115,0.01004933585300144
2010-12-21,0.000899595242836093,0.0013990209137073413,0.0018981972830802527,0.002995508979798479,0.006280237957150483,0.01014833105181515
2010-12-22,0.000699755114273342,0.0013990209137073413,0.001998002662673056,0.002995508979798479,0.006478966097709123,0.010445257861538649
2010-12-23,0.000699755114273342,0.0013990209137073413,0.0018981972830802527,0.002995508979798479,0.006677654753240569,0.010939940038334366
2010-12-24,0.000699755114273342,0.0013990209137073413,0.0018981972830802527,0.002995508979798479,0.006677654753240569,0.010939940038334366
2010-12-27,0.0005998200719676155,0.0016985566355814776,0.0021975835434872217,0.003194890896519197,0.007074913671961879,0.011038847115216341
2010-12-28,0.0007996801705643322,0.0014988761237358919,0.002097798082146129,0.003095204907302419,0.007472014838700995,0.011632084229707651
2010-12-29,0.000499875041651048,0.00129915573162005,0.001998002662673056,0.002995508979798479,0.006379606964039027,0.010445257861538649
2010-12-30,0.000499875041651048,0.0011992805754820971,0.001998002662673056,0.002895803112025565,0.006578315360122567,0.010643160098479829
2010-12-31,0.000699755114273342,0.0011992805754820971,0.0018981972830802527,0.002895803112025565,0.006081470315867959,0.01014833105181515
2011-01-03,0.0010993954433009636,0.0014988761237358919,0.0018981972830802527,0.002895803112025565,0.006081470315867959,0.010247316451549523
2011-01-04,0.0011992805754820971,0.0013990209137073413,0.0018981972830802527,0.0027960873020012743,0.006280237957150483,0.0103462920541443
2011-01-05,0.00129915573162005,0.0013990209137073413,0.0018981972830802527,0.003095204907302419,0.007074913671961879,0.01153323581367303
2011-01-06,0.00129915573162005,0.0014988761237358919,0.0017983819413793735,0.002995508979798479,0.006776984279023752,0.011038847115216341
2011-01-07,0.00129915573162005,0.0013990209137073413,0.0017983819413793735,0.002895803112025565,0.005982071677547464,0.01014833105181515
2011-01-10,0.0013990209137073413,0.0014988761237358919,0.0017983819413793735,0.002895803112025565,0.005882663158155495,0.009851316050374181
2011-01-11,0.0014988761237358919,0.0014988761237358919,0.0018981972830802527,0.0027960873020012743,0.005982071677547464,0.010247316451549523
2011-01-12,0.0014988761237358919,0.0014988761237358919,0.0017983819413793735,0.002596625847265978,0.006081470315867959,0.010247316451549523
2011-01-13,0.0014988761237358919,0.0014988761237358919,0.0017983819413793735,0.002596625847265978,0.005882663158155495,0.009950330853168083
2011-01-14,0.0013990209137073413,0.0014988761237358919,0.0017983819413793735,0.0026963615477426086,0.005882663158155495,0.009950330853168083
2011-01-17,0.0013990209137073413,0.0014988761237358919,0.0017983819413793735,0.0026963615477426086,0.005882663158155495,0.009950330853168083
2011-01-18,0.0014988761237358919,0.0015987213636970278,0.0018981972830802527,0.002596625847265978,0.005982071677547464,0.009950330853168083
2011-01-19,0.0015987213636970278,0.0015987213636970278,0.0018981972830802527,0.0026963615477426086,0.005982071677547464,0.009752291442678272
2011-01-20,0.0014988761237358919,0.0015987213636970278,0.0018981972830802527,0.0026963615477426086,0.006478966097709123,0.010643160098479829
2011-01-21,0.0014988761237358919,0.0015987213636970278,0.0018981972830802527,0.0026963615477426086,0.006280237957150483,0.010445257861538649
2011-01-24,0.0014988761237358919,0.0015987213636970278,0.0017983819413793735,0.0027960873020012743,0.006478966097709123,0.010445257861538649
2011-01-25,0.0014988761237358919,0.0015987213636970278,0.0017983819413793735,0.0026963615477426086,0.006180859075081115,0.009950330853168083
2011-01-26,0.0014988761237358919,0.0015987213636970278,0.0017983819413793735,0.0026963615477426086,0.006180859075081115,0.010445257861538649
2011-01-27,0.00129915573162005,0.0014988761237358919,0.0016985566355814776,0.002496880198587199,0.005882663158155495,0.009950330853168083
2011-01-28,0.00129915573162005,0.0014988761237358919,0.0014988761237358919,0.0023971245997214934,0.005385472276337817,0.009554212804811658
2011-01-31,0.0014988761237358919,0.0014988761237358919,0.0016985566355814776,0.002596625847265978,0.005783244755727333,0.009752291442678272
2011-02-01,0.0015987213636970278,0.0014988761237358919,0.0017983819413793735,0.0026963615477426086,0.006081470315867959,0.0103462920541443
2011-02-02,0.0014988761237358919,0.0015987213636970278,0.0017983819413793735,0.0027960873020012743,0.006677654753240569,0.011137744410455926
2011-02-03,0.0013990209137073413,0.0013990209137073413,0.0017983819413793735,0.002895803112025565,0.007074913671961879,0.011829751753577198
2011-02-04,0.00129915573162005,0.0014988761237358919,0.0017983819413793735,0.003095204907302419,0.007670506304219701,0.012422519998557154
2011-02-07,0.00129915573162005,0.0015987213636970278,0.0017983819413793735,0.003095204907302419,0.007769737264360665,0.012718772407774689
2011-02-08,0.0013990209137073413,0.0014988761237358919,0.0017983819413793735,0.003095204907302419,0.008563230660487873,0.01390290516899142
2011-02-09,0.0010993954433009636,0.0013990209137073413,0.0017983819413793735,0.002995508979798479,0.008067371077758798,0.013311014059672338
2011-02-10,0.0007996801705643322,0.0011992805754820971,0.0015987213636970278,0.002995508979798479,0.008464078412129412,0.01390290516899142
2011-02-11,0.0007996801705643322,0.0011992805754820971,0.0015987213636970278,0.002995508979798479,0.008464078412129412,0.01390290516899142
2011-02-14,0.000899595242836093,0.00129915573162005,0.0016985566355814776,0.002995508979798479,0.008662373078652657,0.014001519635813609
2011-02-15,0.0010993954433009636,0.00129915573162005,0.0016985566355814776,0.002995508979798479,0.008364916331627708,0.013804280976397056
2011-02-16,0.0009995003330835331,0.0011992805754820971,0.0015987213636970278,0.002895803112025565,0.008563230660487873,0.01390290516899142
2011-02-17,0.0007996801705643322,0.000899595242836093,0.0014988761237358919,0.0026963615477426086,0.007968169649176874,0.013212331472134813
2011-02-18,0.0007996801705643322,0.0009995003330835331,0.0014988761237358919,0.0027960873020012743,0.007769737264360665,0.013113639145383105
2011-02-21,0.0007996801705643322,0.0009995003330835331,0.0014988761237358919,0.0027960873020012743,0.007769737264360665,0.013113639145383105
2011-02-22,0.0009995003330835331,0.0011992805754820971,0.0015987213636970278,0.0027960873020012743,0.007372754329413085,0.012126179797840564
2011-02-23,0.0011992805754820971,0.0011992805754820971,0.0015987213636970278,0.0026963615477426086,0.007372754329413085,0.012422519998557154
2011-02-24,0.00129915573162005,0.00129915573162005,0.0015987213636970278,0.002596625847265978,0.007273483966498386,0.012323749688831936
2011-02-25,0.0011992805754820971,0.00129915573162005,0.0015987213636970278,0.0026963615477426086,0.007174203748000358,0.012126179797840564
2011-02-28,0.00129915573162005,0.0014988761237358919,0.0017983819413793735,0.002496880198587199,0.006876303939432157,0.011730922875698666
2011-03-01,0.000699755114273342,0.0013990209137073413,0.0015987213636970278,0.002496880198587199,0.006578315360122567,0.011434377625663104
2011-03-02,0.0011992805754820971,0.00129915573162005,0.0016985566355814776,0.002596625847265978,0.006876303939432157,0.011730922875698666
2011-03-03,0.0011992805754820971,0.00129915573162005,0.0015987213636970278,0.002895803112025565,0.00786895837869518,0.013113639145383105
2011-03-04,0.0010993954433009636,0.0011992805754820971,0.0015987213636970278,0.002596625847265978,0.006776984279023752,0.011928570865273802
2011-03-07,0.0009995003330835331,0.0010993954433009636,0.0015987213636970278,0.002496880198587199,0.006975613736425241,0.012126179797840564
2011-03-08,0.000699755114273342,0.0010993954433009636,0.0015987213636970278,0.002596625847265978,0.007273483966498386,0.012620031356102263
2011-03-09,0.000699755114273342,0.0009995003330835331,0.0014988761237358919,0.002596625847265978,0.006975613736425241,0.012027380212718455
2011-03-10,0.0003999200213269354,0.0007996801705643322,0.0013990209137073413,0.002496880198587199,0.006478966097709123,0.011236631925987681
2011-03-11,0.0003999200213269354,0.0007996801705643322,0.00129915573162005,0.0023971245997214934,0.006379606964039027,0.011137744410455926
2011-03-14,0.000499875041651048,0.000899595242836093,0.0013990209137073413,0.0021975835434872217,0.006081470315867959,0.010643160098479829
2011-03-15,0.000699755114273342,0.0009995003330835331,0.0013990209137073413,0.0022973590486834897,0.006280237957150483,0.010742096531902109
2011-03-16,0.0005998200719676155,0.0009995003330835331,0.0013990209137073413,0.002097798082146129,0.005783244755727333,0.009752291442678272
2011-03-17,0.0005998200719676155,0.0007996801705643322,0.0013990209137073413,0.0023971245997214934,0.005982071677547464,0.01014833105181515
2011-03-18,0.0005998200719676155,0.000699755114273342,0.0013990209137073413,0.0022973590486834897,0.006081470315867959,0.010445257861538649
2011-03-21,0.0005998200719676155,0.0009995003330835331,0.0015987213636970278,0.002496880198587199,0.006677654753240569,0.011137744410455926
2011-03-22,0.000699755114273342,0.0009995003330835331,0.0015987213636970278,0.002496880198587199,0.006776984279023752,0.0113355096637456
2011-03-23,0.0005998200719676155,0.000899595242836093,0.0014988761237358919,0.0023971245997214934,0.006876303939432157,0.011236631925987681
2011-03-24,0.0003999200213269354,0.000899595242836093,0.0016985566355814776,0.002596625847265978,0.007174203748000358,0.011829751753577198
2011-03-25,0.0003999200213269354,0.000899595242836093,0.0017983819413793735,0.002995508979798479,0.00786895837869518,0.012521280553671745
2011-03-28,0.0003999200213269354,0.0010993954433009636,0.0017983819413793735,0.002995508979798479,0.008067371077758798,0.012817503710614431
2011-03-29,0.0005998200719676155,0.0009995003330835331,0.0016985566355814776,0.003095204907302419,0.008067371077758798,0.013014937077494654
2011-03-30,0.00029995500899797546,0.0009995003330835331,0.0016985566355814776,0.002995508979798479,0.007968169649176874,0.012718772407774689
2011-03-31,0.000499875041651048,0.000899595242836093,0.0016985566355814776,0.002995508979798479,0.007968169649176874,0.012817503710614431
2011-04-01,0.00029995500899797546,0.000699755114273342,0.0014988761237358919,0.0026963615477426086,0.007968169649176874,0.013014937077494654
2011-04-04,0.00019998000266626675,0.0005998200719676155,0.00129915573162005,0.0023971245997214934,0.007670506304219701,0.012323749688831936
2011-04-05,0.000499875041651048,0.000699755114273342,0.0014988761237358919,0.002995508979798479,0.008364916331627708,0.013212331472134813
2011-04-06,0.00029995500899797546,0.0005998200719676155,0.0013990209137073413,0.002895803112025565,0.008464078412129412,0.013508350024792245
2011-04-07,0.00029995500899797546,0.0003999200213269354,0.0011992805754820971,0.0026963615477426086,0.008067371077758798,0.013014937077494654
2011-04-08,0.00019998000266626675,0.0003999200213269354,0.0011992805754820971,0.0026963615477426086,0.008265744417032617,0.013311014059672338
2011-04-11,0.00019998000266626675,0.000499875041651048,0.0011992805754820971,0.002596625847265978,0.008464078412129412,0.013409686909917676
2011-04-12,0.00019998000266626675,0.000499875041651048,0.0010993954433009636,0.0023971245997214934,0.007670506304219701,0.012718772407774689
2011-04-13,0.00029995500899797546,0.0005998200719676155,0.0010993954433009636,0.0022973590486834897,0.007472014838700995,0.012521280553671745
2011-04-14,0.0003999200213269354,0.000699755114273342,0.00129915573162005,0.002496880198587199,0.007670506304219701,0.012620031356102263
2011-04-15,0.0003999200213269354,0.000699755114273342,0.0011992805754820971,0.0023971245997214934,0.007074913671961879,0.011928570865273802
2011-04-18,0.00029995500899797546,0.000699755114273342,0.0010993954433009636,0.0023971245997214934,0.006876303939432157,0.0113355096637456
2011-04-19,0.0003999200213269354,0.0005998200719676155,0.0010993954433009636,0.0023971245997214934,0.006776984279023752,0.011236631925987681
2011-04-20,0.0003999200213269354,0.0005998200719676155,0.0010993954433009636,0.0023971245997214934,0.006876303939432157,0.011632084229707651
2011-04-21,0.00029995500899797546,0.0005998200719676155,0.0010993954433009636,0.0022973590486834897,0.006776984279023752,0.01153323581367303
2011-04-22,0.00029995500899797546,0.0005998200719676155,0.0010993954433009636,0.0022973590486834897,0.006776984279023752,0.01153323581367303
2011-04-25,0.00029995500899797546,0.000699755114273342,0.0011992805754820971,0.0022973590486834897,0.006677654753240569,0.011236631925987681
2011-04-26,0.00019998000266626675,0.000699755114273342,0.0010993954433009636,0.0021975835434872217,0.006478966097709123,0.010841023177874857
2011-04-27,0.00029995500899797546,0.0005998200719676155,0.0010993954433009636,0.0021975835434872217,0.006478966097709123,0.010841023177874857
2011-04-28,0.00019998000266626675,0.0003999200213269354,0.0009995003330835331,0.0022973590486834897,0.006180859075081115,0.010247316451549523
2011-04-29,0.00019998000266626675,0.0003999200213269354,0.0010993954433009636,0.0021975835434872217,0.006081470315867959,0.01004933585300144
2011-05-02,0.00019998000266626675,0.000499875041651048,0.0009995003330835331,0.0021975835434872217,0.006081470315867959,0.01004933585300144
2011-05-03,0.00019998000266626675,0.00029995500899797546,0.000899595242836093,0.001998002662673056,0.006081470315867959,0.01004933585300144
2011-05-04,0.00019998000266626675,0.00029995500899797546,0.000699755114273342,0.0018981972830802527,0.005982071677547464,0.009950330853168083
2011-05-05,9.999500033330834e-05,0.00019998000266626675,0.000699755114273342,0.001998002662673056,0.005783244755727333,0.009653257028138304
2011-05-06,0.00019998000266626675,0.00019998000266626675,0.000699755114273342,0.0017983819413793735,0.00568381646829767,0.009554212804811658
2011-05-09,9.999500033330834e-05,0.00029995500899797546,0.000699755114273342,0.0016985566355814776,0.00568381646829767,0.009356094924024953
2011-05-10,0.00019998000266626675,0.00029995500899797546,0.000699755114273342,0.0018981972830802527,0.005882663158155495,0.010247316451549523
2011-05-11,9.999500033330834e-05,0.00029995500899797546,0.000699755114273342,0.0017983819413793735,0.005584378293900616,0.009554212804811658
2011-05-12,9.999500033330834e-05,0.00019998000266626675,0.000699755114273342,0.0017983819413793735,0.00568381646829767,0.009752291442678272
2011-05-13,9.999500033330834e-05,0.00029995500899797546,0.0007996801705643322,0.0018981972830802527,0.00568381646829767,0.009554212804811658
2011-05-16,0.00019998000266626675,0.0003999200213269354,0.000699755114273342,0.0017983819413793735,0.005385472276337817,0.009257021262676765
2011-05-17,0.00029995500899797546,0.0003999200213269354,0.000699755114273342,0.0018981972830802527,0.005484930230569686,0.009058844488346039
2011-05-18,0.00029995500899797546,0.000499875041651048,0.0007996801705643322,0.0018981972830802527,0.005783244755727333,0.009653257028138304
2011-05-19,0.00019998000266626675,0.000499875041651048,0.0009995003330835331,0.0018981972830802527,0.005484930230569686,0.009356094924024953
2011-05-20,0.00029995500899797546,0.000499875041651048,0.0009995003330835331,0.0017983819413793735,0.005484930230569686,0.009157937784765629
2011-05-23,0.00029995500899797546,0.0005998200719676155,0.0009995003330835331,0.001998002662673056,0.005484930230569686,0.009058844488346039
2011-05-24,0.0003999200213269354,0.0005998200719676155,0.0010993954433009636,0.001998002662673056,0.005584378293900616,0.009058844488346039
2011-05-25,0.0003999200213269354,0.0005998200719676155,0.0009995003330835331,0.0017983819413793735,0.005385472276337817,0.008959741371471906
2011-05-26,0.0003999200213269354,0.000499875041651048,0.0009995003330835331,0.0017983819413793735,0.004788516731797177,0.008265744417032617
2011-05-27,0.0003999200213269354,0.000499875041651048,0.0010993954433009636,0.0017983819413793735,0.004788516731797177,0.008067371077758798
2011-05-30,0.0003999200213269354,0.000499875041651048,0.0010993954433009636,0.0017983819413793735,0.004788516731797177,0.008067371077758798
2011-05-31,0.0003999200213269354,0.0005998200719676155,0.0011992805754820971,0.0017983819413793735,0.004489905272852053,0.00786895837869518
2011-06-01,0.0003999200213269354,0.000499875041651048,0.0010993954433009636,0.0017983819413793735,0.004390348301292895,0.007372754329413085
2011-06-02,0.0003999200213269354,0.0003999200213269354,0.0010993954433009636,0.0018981972830802527,0.004489905272852053,0.007769737264360665
2011-06-03,0.0003999200213269354,0.0003999200213269354,0.0009995003330835331,0.0017983819413793735,0.004191204618468071,0.007472014838700995
2011-06-06,0.00029995500899797546,0.000499875041651048,0.0009995003330835331,0.0017983819413793735,0.004290781417156275,0.007372754329413085
2011-06-07,9.999500033330834e-05,0.000499875041651048,0.0010993954433009636,0.0017983819413793735,0.003892414715343839,0.007372754329413085
2011-06-08,9.999500033330834e-05,0.0003999200213269354,0.0010993954433009636,0.0017983819413793735,0.003892414715343839,0.006776984279023752
2011-06-09,0.00019998000266626675,0.000499875041651048,0.0009995003330835331,0.0018981972830802527,0.004290781417156275,0.007273483966498386
2011-06-10,0.00019998000266626675,0.000499875041651048,0.0009995003330835331,0.0018981972830802527,0.0040916179032535645,0.007074913671961879
2011-06-13,0.00019998000266626675,0.000499875041651048,0.0010993954433009636,0.0017983819413793735,0.003992021269537453,0.007174203748000358
2011-06-14,0.00029995500899797546,0.000499875041651048,0.0010993954433009636,0.0018981972830802527,0.004489905272852053,0.00786895837869518
2011-06-15,0.00019998000266626675,0.000499875041651048,0.0010993954433009636,0.0018981972830802527,0.003792798238696237,0.006776984279023752
2011-06-16,0.00019998000266626675,0.000499875041651048,0.0010993954433009636,0.0017983819413793735,0.003792798238696237,0.006776984279023752
2011-06-17,0.00019998000266626675,0.0003999200213269354,0.0009995003330835331,0.0016985566355814776,0.003792798238696237,0.006776984279023752
2011-06-20,0.00019998000266626675,0.00029995500899797546,0.0009995003330835331,0.0017983819413793735,0.003792798238696237,0.006776984279023752
2011-06-21,9.999500033330834e-05,0.00029995500899797546,0.0009995003330835331,0.0017983819413793735,0.003992021269537453,0.006876303939432157
2011-06-22,9.999500033330834e-05,0.00019998000266626675,0.000899595242836093,0.0015987213636970278,0.003892414715343839,0.006776984279023752
2011-06-23,9.999500033330834e-05,9.999500033330834e-05,0.000699755114273342,0.0014988761237358919,0.0034938892542557796,0.006180859075081115
2011-06-24,9.999500033330834e-05,0.00019998000266626675,0.000699755114273342,0.0015987213636970278,0.0034938892542557796,0.00568381646829767
2011-06-27,9.999500033330834e-05,0.00019998000266626675,0.0009995003330835331,0.0017983819413793735,0.0040916179032535645,0.006379606964039027
2011-06-28,9.999500033330834e-05,0.00029995500899797546,0.0010993954433009636,0.002097798082146129,0.004788516731797177,0.007472014838700995
2011-06-29,9.999500033330834e-05,0.00019998000266626675,0.0010993954433009636,0.0018981972830802527,0.0046889894861315414,0.00786895837869518
2011-06-30,9.999500033330834e-05,0.00029995500899797546,0.0009995003330835331,0.0018981972830802527,0.004489905272852053,0.008067371077758798
2011-07-01,9.999500033330834e-05,0.00019998000266626675,0.0009995003330835331,0.001998002662673056,0.004987541511039074,0.008464078412129412
2011-07-04,9.999500033330834e-05,0.00019998000266626675,0.0009995003330835331,0.001998002662673056,0.004987541511039074,0.008464078412129412
2011-07-05,9.999500033330834e-05,0.00019998000266626675,0.0007996801705643322,0.0018981972830802527,0.004390348301292895,0.007670506304219701
2011-07-06,9.999500033330834e-05,9.999500033330834e-05,0.0005998200719676155,0.0018981972830802527,0.004290781417156275,0.007472014838700995
2011-07-07,0.00029995500899797546,0.00029995500899797546,0.000699755114273342,0.001998002662673056,0.004888034072775962,0.008265744417032617
2011-07-08,0.00029995500899797546,0.00029995500899797546,0.000699755114273342,0.0016985566355814776,0.003992021269537453,0.006975613736425241
2011-07-11,0.00019998000266626675,0.00029995500899797546,0.000699755114273342,0.0016985566355814776,0.0036931718376175702,0.006379606964039027
2011-07-12,9.999500033330834e-05,0.00029995500899797546,0.000699755114273342,0.0017983819413793735,0.0036931718376175702,0.006280237957150483
2011-07-13,9.999500033330834e-05,9.999500033330834e-05,0.000499875041651048,0.0015987213636970278,0.0036931718376175702,0.006180859075081115
2011-07-14,9.999500033330834e-05,9.999500033330834e-05,0.000499875041651048,0.0014988761237358919,0.003792798238696237,0.006578315360122567
2011-07-15,0.00019998000266626675,0.00019998000266626675,0.000499875041651048,0.0014988761237358919,0.0036931718376175702,0.006180859075081115
2011-07-18,9.999500033330834e-05,0.00019998000266626675,0.0005998200719676155,0.0014988761237358919,0.0036931718376175702,0.006180859075081115
2011-07-19,0.00019998000266626675,0.00029995500899797546,0.000699755114273342,0.0016985566355814776,0.003892414715343839,0.006280237957150483
2011-07-20,9.999500033330834e-05,0.00019998000266626675,0.0007996801705643322,0.0018981972830802527,0.003992021269537453,0.006379606964039027
2011-07-21,0.0003999200213269354,0.000499875041651048,0.000899595242836093,0.001998002662673056,0.003992021269537453,0.006876303939432157
2011-07-22,0.000499875041651048,0.000499875041651048,0.000899595242836093,0.001998002662673056,0.003992021269537453,0.006578315360122567
2011-07-25,0.000499875041651048,0.000499875041651048,0.0009995003330835331,0.001998002662673056,0.004191204618468071,0.006876303939432157
2011-07-26,0.000699755114273342,0.000699755114273342,0.0010993954433009636,0.002097798082146129,0.0040916179032535645,0.006578315360122567
2011-07-27,0.0007996801705643322,0.0007996801705643322,0.0011992805754820971,0.002097798082146129,0.004390348301292895,0.007074913671961879
2011-07-28,0.0009995003330835331,0.000699755114273342,0.00129915573162005,0.002097798082146129,0.004191204618468071,0.006776984279023752
2011-07-29,0.0015987213636970278,0.0009995003330835331,0.0015987213636970278,0.001998002662673056,0.0035935355101301704,0.005484930230569686
2011-08-01,0.00129915573162005,0.0009995003330835331,0.0015987213636970278,0.0021975835434872217,0.003792798238696237,0.005484930230569686
2011-08-02,0.000499875041651048,0.0005998200719676155,0.00129915573162005,0.0016985566355814776,0.003294566949430031,0.004987541511039074
2011-08-03,9.999500033330834e-05,0.00019998000266626675,0.0007996801705643322,0.0015987213636970278,0.003294566949430031,0.005186526687300061
2011-08-04,9.999500033330834e-05,0.00019998000266626675,0.000499875041651048,0.0011992805754820971,0.0026963615477426086,0.004390348301292895
2011-08-05,9.999500033330834e-05,9.999500033330834e-05,0.000499875041651048,0.0010993954433009636,0.0027960873020012743,0.004888034072775962
2011-08-08,0.00019998000266626675,0.000499875041651048,0.000699755114273342,0.0011992805754820971,0.0026963615477426086,0.004489905272852053
2011-08-09,0.00019998000266626675,0.00029995500899797546,0.0005998200719676155,0.0010993954433009636,0.0018981972830802527,0.003294566949430031
2011-08-10,0.00019998000266626675,0.00019998000266626675,0.0005998200719676155,0.000899595242836093,0.0018981972830802527,0.003294566949430031
2011-08-11,9.999500033330834e-05,0.00029995500899797546,0.0007996801705643322,0.0009995003330835331,0.0018981972830802527,0.0033942330680155476
2011-08-12,9.999500033330834e-05,0.00019998000266626675,0.000699755114273342,0.0010993954433009636,0.001998002662673056,0.003194890896519197
2011-08-15,0.0,0.00019998000266626675,0.0007996801705643322,0.0011992805754820971,0.0018981972830802527,0.0033942330680155476
2011-08-16,0.00019998000266626675,0.00029995500899797546,0.000699755114273342,0.0011992805754820971,0.001998002662673056,0.003294566949430031
2011-08-17,9.999500033330834e-05,9.999500033330834e-05,0.0005998200719676155,0.0011992805754820971,0.0018981972830802527,0.003294566949430031
2011-08-18,9.999500033330834e-05,9.999500033330834e-05,0.000499875041651048,0.0009995003330835331,0.001998002662673056,0.003294566949430031
2011-08-19,0.0,0.00019998000266626675,0.0003999200213269354,0.0009995003330835331,0.001998002662673056,0.0033942330680155476
2011-08-22,9.999500033330834e-05,9.999500033330834e-05,0.0003999200213269354,0.000899595242836093,0.0021975835434872217,0.0036931718376175702
2011-08-23,9.999500033330834e-05,9.999500033330834e-05,0.0003999200213269354,0.0009995003330835331,0.0021975835434872217,0.003792798238696237
2011-08-24,0.00019998000266626675,0.00019998000266626675,0.0003999200213269354,0.0010993954433009636,0.0022973590486834897,0.0040916179032535645
2011-08-25,9.999500033330834e-05,9.999500033330834e-05,0.00029995500899797546,0.0009995003330835331,0.0021975835434872217,0.0036931718376175702
2011-08-26,0.0,9.999500033330834e-05,0.00019998000266626675,0.000899595242836093,0.001998002662673056,0.003294566949430031
2011-08-29,0.0,0.00019998000266626675,0.000499875041651048,0.000899595242836093,0.001998002662673056,0.0034938892542557796
2011-08-30,9.999500033330834e-05,9.999500033330834e-05,0.000499875041651048,0.000899595242836093,0.001998002662673056,0.003294566949430031
2011-08-31,9.999500033330834e-05,0.00019998000266626675,0.000499875041651048,0.0009995003330835331,0.001998002662673056,0.003294566949430031
2011-09-01,0.00019998000266626675,0.00019998000266626675,0.000499875041651048,0.0009995003330835331,0.0018981972830802527,0.003095204907302419
2011-09-02,0.00019998000266626675,0.00019998000266626675,0.000499875041651048,0.0009995003330835331,0.001998002662673056,0.003294566949430031
2011-09-05,0.00019998000266626675,0.00019998000266626675,0.000499875041651048,0.0009995003330835331,0.001998002662673056,0.003294566949430031
2011-09-06,0.00019998000266626675,0.00019998000266626675,0.000699755114273342,0.00129915573162005,0.002097798082146129,0.003294566949430031
2011-09-07,0.0,0.00019998000266626675,0.0005998200719676155,0.0010993954433009636,0.002097798082146129,0.0033942330680155476
2011-09-08,9.999500033330834e-05,0.00019998000266626675,0.000699755114273342,0.0011992805754820971,0.0018981972830802527,0.003294566949430031
2011-09-09,0.0,9.999500033330834e-05,0.000499875041651048,0.0010993954433009636,0.0016985566355814776,0.003095204907302419
2011-09-12,9.999500033330834e-05,9.999500033330834e-05,0.000499875041651048,0.0010993954433009636,0.002097798082146129,0.0034938892542557796
2011-09-13,0.0,9.999500033330834e-05,0.000499875041651048,0.0009995003330835331,0.002097798082146129,0.0034938892542557796
2011-09-14,0.0,9.999500033330834e-05,0.00029995500899797546,0.000899595242836093,0.0018981972830802527,0.0034938892542557796
2011-09-15,0.0,9.999500033330834e-05,0.00029995500899797546,0.0009995003330835331,0.002097798082146129,0.0034938892542557796
2011-09-16,9.999500033330834e-05,9.999500033330834e-05,0.00019998000266626675,0.000899595242836093,0.0017983819413793735,0.003294566949430031
2011-09-19,0.0,9.999500033330834e-05,0.0003999200213269354,0.0007996801705643322,0.0015987213636970278,0.002895803112025565
2011-09-20,0.0,9.999500033330834e-05,0.00029995500899797546,0.000899595242836093,0.0017983819413793735,0.002995508979798479
2011-09-21,9.999500033330834e-05,9.999500033330834e-05,0.0003999200213269354,0.0010993954433009636,0.002097798082146129,0.0036931718376175702
2011-09-22,0.0,0.0,0.00029995500899797546,0.0009995003330835331,0.001998002662673056,0.0033942330680155476
2011-09-23,0.0,9.999500033330834e-05,0.00019998000266626675,0.0009995003330835331,0.0022973590486834897,0.0036931718376175702
2011-09-26,0.0,0.00019998000266626675,0.00029995500899797546,0.0009995003330835331,0.002496880198587199,0.003892414715343839
2011-09-27,0.0,9.999500033330834e-05,0.0003999200213269354,0.0009995003330835331,0.002496880198587199,0.004191204618468071
2011-09-28,0.0,0.00019998000266626675,0.0003999200213269354,0.0011992805754820971,0.0026963615477426086,0.004191204618468071
2011-09-29,0.0,0.00019998000266626675,0.000499875041651048,0.0010993954433009636,0.0026963615477426086,0.004290781417156275
2011-09-30,0.00019998000266626675,0.00019998000266626675,0.0005998200719676155,0.00129915573162005,0.002496880198587199,0.004191204618468071
2011-10-03,9.999500033330834e-05,0.00019998000266626675,0.0005998200719676155,0.0011992805754820971,0.0023971245997214934,0.003892414715343839
2011-10-04,9.999500033330834e-05,9.999500033330834e-05,0.0003999200213269354,0.0010993954433009636,0.002496880198587199,0.003992021269537453
2011-10-05,0.0,0.0,0.00029995500899797546,0.0009995003330835331,0.002496880198587199,0.004290781417156275
2011-10-06,9.999500033330834e-05,9.999500033330834e-05,0.00029995500899797546,0.000899595242836093,0.002895803112025565,0.0045894523338072864
2011-10-07,9.999500033330834e-05,9.999500033330834e-05,0.0003999200213269354,0.0010993954433009636,0.002995508979798479,0.004987541511039074
2011-10-10,9.999500033330834e-05,9.999500033330834e-05,0.0003999200213269354,0.0010993954433009636,0.002995508979798479,0.004987541511039074
2011-10-11,9.999500033330834e-05,0.00019998000266626675,0.000499875041651048,0.0011992805754820971,0.003194890896519197,0.005385472276337817
2011-10-12,9.999500033330834e-05,0.00019998000266626675,0.0005998200719676155,0.000899595242836093,0.002895803112025565,0.005385472276337817
2011-10-13,0.00019998000266626675,0.00019998000266626675,0.000499875041651048,0.0010993954433009636,0.002895803112025565,0.005087039048557106
2011-10-14,0.00019998000266626675,0.00019998000266626675,0.0005998200719676155,0.0010993954433009636,0.0027960873020012743,0.004987541511039074
2011-10-17,0.00019998000266626675,0.0003999200213269354,0.0005998200719676155,0.0011992805754820971,0.0027960873020012743,0.004788516731797177
2011-10-18,0.00019998000266626675,0.0003999200213269354,0.000699755114273342,0.0011992805754820971,0.0027960873020012743,0.0046889894861315414
2011-10-19,9.999500033330834e-05,0.00029995500899797546,0.0005998200719676155,0.0010993954433009636,0.0027960873020012743,0.0045894523338072864
2011-10-20,0.00019998000266626675,0.00029995500899797546,0.0005998200719676155,0.0011992805754820971,0.0027960873020012743,0.0045894523338072864
2011-10-21,9.999500033330834e-05,0.00019998000266626675,0.000499875041651048,0.0011992805754820971,0.002995508979798479,0.0045894523338072864
2011-10-24,9.999500033330834e-05,0.00019998000266626675,0.0005998200719676155,0.0010993954433009636,0.002995508979798479,0.0046889894861315414
2011-10-25,9.999500033330834e-05,9.999500033330834e-05,0.0005998200719676155,0.0010993954433009636,0.002596625847265978,0.004290781417156275
2011-10-26,9.999500033330834e-05,0.00019998000266626675,0.0005998200719676155,0.00129915573162005,0.0027960873020012743,0.004788516731797177
2011-10-27,0.00019998000266626675,0.00019998000266626675,0.000699755114273342,0.0013990209137073413,0.003095204907302419,0.005286004429237355
2011-10-28,0.00019998000266626675,9.999500033330834e-05,0.0005998200719676155,0.00129915573162005,0.0027960873020012743,0.004987541511039074
2011-10-31,0.00019998000266626675,9.999500033330834e-05,0.0005998200719676155,0.0011992805754820971,0.002496880198587199,0.0040916179032535645
2011-11-01,9.999500033330834e-05,9.999500033330834e-05,0.000499875041651048,0.00129915573162005,0.0022973590486834897,0.003792798238696237
2011-11-02,9.999500033330834e-05,9.999500033330834e-05,0.0003999200213269354,0.0010993954433009636,0.0022973590486834897,0.0036931718376175702
2011-11-03,9.999500033330834e-05,9.999500033330834e-05,0.0003999200213269354,0.0010993954433009636,0.0023971245997214934,0.003892414715343839
2011-11-04,9.999500033330834e-05,9.999500033330834e-05,0.00029995500899797546,0.0010993954433009636,0.0021975835434872217,0.0036931718376175702
2011-11-07,9.999500033330834e-05,9.999500033330834e-05,0.0003999200213269354,0.000899595242836093,0.002496880198587199,0.003792798238696237
2011-11-08,9.999500033330834e-05,9.999500033330834e-05,0.00029995500899797546,0.0009995003330835331,0.002496880198587199,0.003892414715343839
2011-11-09,9.999500033330834e-05,9.999500033330834e-05,0.0003999200213269354,0.0009995003330835331,0.0023971245997214934,0.0036931718376175702
2011-11-10,9.999500033330834e-05,9.999500033330834e-05,0.00029995500899797546,0.0009995003330835331,0.0023971245997214934,0.003792798238696237
2011-11-11,9.999500033330834e-05,9.999500033330834e-05,0.00029995500899797546,0.0009995003330835331,0.0023971245997214934,0.003792798238696237
2011-11-14,9.999500033330834e-05,9.999500033330834e-05,0.0003999200213269354,0.000899595242836093,0.0023971245997214934,0.003892414715343839
2011-11-15,9.999500033330834e-05,9.999500033330834e-05,0.000499875041651048,0.0010993954433009636,0.002596625847265978,0.003992021269537453
2011-11-16,9.999500033330834e-05,9.999500033330834e-05,0.0003999200213269354,0.0010993954433009636,0.002596625847265978,0.003992021269537453
2011-11-17,9.999500033330834e-05,0.00019998000266626675,0.0003999200213269354,0.0009995003330835331,0.0026963615477426086,0.003992021269537453
2011-11-18,0.00019998000266626675,9.999500033330834e-05,0.0003999200213269354,0.0011992805754820971,0.002895803112025565,0.004290781417156275
2011-11-21,0.00019998000266626675,0.00019998000266626675,0.000499875041651048,0.0010993954433009636,0.0026963615477426086,0.0040916179032535645
2011-11-22,0.00019998000266626675,0.00019998000266626675,0.0005998200719676155,0.0010993954433009636,0.002596625847265978,0.003992021269537453
2011-11-23,0.00019998000266626675,0.00019998000266626675,0.0005998200719676155,0.0011992805754820971,0.002596625847265978,0.003992021269537453
2011-11-24,0.00019998000266626675,0.00019998000266626675,0.0005998200719676155,0.0011992805754820971,0.002596625847265978,0.003992021269537453
2011-11-25,0.00019998000266626675,0.00019998000266626675,0.000699755114273342,0.00129915573162005,0.0027960873020012743,0.0040916179032535645
2011-11-28,0.00019998000266626675,0.00029995500899797546,0.000699755114273342,0.00129915573162005,0.002596625847265978,0.003892414715343839
2011-11-29,0.00019998000266626675,0.00019998000266626675,0.000499875041651048,0.0013990209137073413,0.0026963615477426086,0.003992021269537453
2011-11-30,0.00019998000266626675,9.999500033330834e-05,0.0005998200719676155,0.0011992805754820971,0.002496880198587199,0.0040916179032535645
2011-12-01,0.00019998000266626675,9.999500033330834e-05,0.000499875041651048,0.0011992805754820971,0.0026963615477426086,0.0040916179032535645
2011-12-02,0.00019998000266626675,0.00019998000266626675,0.0005998200719676155,0.0011992805754820971,0.002496880198587199,0.003892414715343839
2011-12-05,9.999500033330834e-05,9.999500033330834e-05,0.000499875041651048,0.0010993954433009636,0.0026963615477426086,0.003992021269537453
2011-12-06,0.0,9.999500033330834e-05,0.0003999200213269354,0.0010993954433009636,0.002496880198587199,0.0040916179032535645
2011-12-07,0.0,0.00019998000266626675,0.000499875041651048,0.0010993954433009636,0.0023971245997214934,0.0035935355101301704
2011-12-08,0.0,9.999500033330834e-05,0.0003999200213269354,0.0009995003330835331,0.0021975835434872217,0.0034938892542557796
2011-12-09,0.0,9.999500033330834e-05,0.000499875041651048,0.0010993954433009636,0.0021975835434872217,0.0036931718376175702
2011-12-12,0.0,9.999500033330834e-05,0.000499875041651048,0.0009995003330835331,0.0023971245997214934,0.0035935355101301704
2011-12-13,0.0,9.999500033330834e-05,0.0005998200719676155,0.0010993954433009636,0.0023971245997214934,0.0034938892542557796
2011-12-14,0.0,9.999500033330834e-05,0.000499875041651048,0.0011992805754820971,0.002496880198587199,0.0035935355101301704
2011-12-15,0.0,0.0,0.000499875041651048,0.0011992805754820971,0.002596625847265978,0.0036931718376175702
2011-12-16,0.0,0.0,0.0003999200213269354,0.0010993954433009636,0.0023971245997214934,0.0034938892542557796
2011-12-19,0.0,9.999500033330834e-05,0.0003999200213269354,0.0010993954433009636,0.0023971245997214934,0.0035935355101301704
2011-12-20,0.0,9.999500033330834e-05,0.0003999200213269354,0.0011992805754820971,0.002596625847265978,0.003892414715343839
2011-12-21,0.0,9.999500033330834e-05,0.0003999200213269354,0.00129915573162005,0.0027960873020012743,0.003992021269537453
2011-12-22,0.0,9.999500033330834e-05,0.00029995500899797546,0.0011992805754820971,0.0027960873020012743,0.0040916179032535645
2011-12-23,0.0,9.999500033330834e-05,0.0003999200213269354,0.0011992805754820971,0.0027960873020012743,0.004489905272852053
2011-12-26,0.0,9.999500033330834e-05,0.0003999200213269354,0.0011992805754820971,0.0027960873020012743,0.004489905272852053
2011-12-27,9.999500033330834e-05,0.00019998000266626675,0.0005998200719676155,0.0011992805754820971,0.002995508979798479,0.004489905272852053
2011-12-28,0.0,9.999500033330834e-05,0.000499875041651048,0.0011992805754820971,0.0027960873020012743,0.004191204618468071
2011-12-29,0.0,0.00019998000266626675,0.000699755114273342,0.0011992805754820971,0.0027960873020012743,0.0040916179032535645
2011-12-30,9.999500033330834e-05,0.00019998000266626675,0.0005998200719676155,0.0011992805754820971,0.002496880198587199,0.0035935355101301704
2012-01-02,9.999500033330834e-05,0.00019998000266626675,0.0005998200719676155,0.0011992805754820971,0.002496880198587199,0.0035935355101301704
2012-01-03,9.999500033330834e-05,0.00019998000266626675,0.0005998200719676155,0.0011992805754820971,0.0026963615477426086,0.003992021269537453
2012-01-04,9.999500033330834e-05,0.00019998000266626675,0.0005998200719676155,0.0011992805754820971,0.002496880198587199,0.003992021269537453
2012-01-05,9.999500033330834e-05,0.00019998000266626675,0.000699755114273342,0.0010993954433009636,0.0026963615477426086,0.003992021269537453
2012-01-06,0.00019998000266626675,0.00019998000266626675,0.000499875041651048,0.0011992805754820971,0.002496880198587199,0.003992021269537453
2012-01-09,9.999500033330834e-05,9.999500033330834e-05,0.000499875041651048,0.0010993954433009636,0.002596625847265978,0.003792798238696237
2012-01-10,9.999500033330834e-05,0.00019998000266626675,0.000499875041651048,0.0010993954433009636,0.0023971245997214934,0.0036931718376175702
2012-01-11,9.999500033330834e-05,0.00019998000266626675,0.000499875041651048,0.0010993954433009636,0.0023971245997214934,0.0033942330680155476
2012-01-12,0.00019998000266626675,0.00029995500899797546,0.0005998200719676155,0.0010993954433009636,0.0021975835434872217,0.0034938892542557796
2012-01-13,0.00019998000266626675,0.00029995500899797546,0.0005998200719676155,0.0009995003330835331,0.0023971245997214934,0.0033942330680155476
2012-01-16,0.00019998000266626675,0.00029995500899797546,0.0005998200719676155,0.0009995003330835331,0.0023971245997214934,0.0033942330680155476
2012-01-17,0.00019998000266626675,0.00029995500899797546,0.0005998200719676155,0.0010993954433009636,0.002097798082146129,0.003294566949430031
2012-01-18,0.00019998000266626675,0.00029995500899797546,0.000699755114273342,0.0010993954433009636,0.0023971245997214934,0.0034938892542557796
2012-01-19,0.0003999200213269354,0.000499875041651048,0.000699755114273342,0.0010993954433009636,0.002596625847265978,0.0035935355101301704
2012-01-20,0.00029995500899797546,0.000499875041651048,0.000699755114273342,0.0010993954433009636,0.002596625847265978,0.003792798238696237
2012-01-23,0.00029995500899797546,0.0003999200213269354,0.000699755114273342,0.0011992805754820971,0.002596625847265978,0.003892414715343839
2012-01-24,0.00019998000266626675,0.0003999200213269354,0.000699755114273342,0.0011992805754820971,0.0023971245997214934,0.003892414715343839
2012-01-25,0.00029995500899797546,0.0003999200213269354,0.000699755114273342,0.0011992805754820971,0.0021975835434872217,0.0033942330680155476
2012-01-26,0.0003999200213269354,0.000499875041651048,0.0007996801705643322,0.0011992805754820971,0.0021975835434872217,0.003095204907302419
2012-01-27,0.000499875041651048,0.0005998200719676155,0.0007996801705643322,0.0011992805754820971,0.0021975835434872217,0.003194890896519197
2012-01-30,0.000499875041651048,0.000499875041651048,0.0007996801705643322,0.0011992805754820971,0.0021975835434872217,0.003095204907302419
2012-01-31,0.0003999200213269354,0.0005998200719676155,0.0007996801705643322,0.00129915573162005,0.0021975835434872217,0.002995508979798479
2012-02-01,0.000499875041651048,0.0005998200719676155,0.000899595242836093,0.00129915573162005,0.0022973590486834897,0.003095204907302419
2012-02-02,0.000699755114273342,0.0007996801705643322,0.0009995003330835331,0.0013990209137073413,0.0022973590486834897,0.003095204907302419
2012-02-03,0.0005998200719676155,0.0007996801705643322,0.0009995003330835331,0.0013990209137073413,0.0022973590486834897,0.003294566949430031
2012-02-06,0.0003999200213269354,0.0007996801705643322,0.0009995003330835331,0.0013990209137073413,0.0023971245997214934,0.003194890896519197
2012-02-07,0.0005998200719676155,0.0007996801705643322,0.0010993954433009636,0.0013990209137073413,0.002496880198587199,0.0034938892542557796
2012-02-08,0.0005998200719676155,0.000899595242836093,0.0010993954433009636,0.0014988761237358919,0.0026963615477426086,0.0034938892542557796
2012-02-09,0.0005998200719676155,0.000899595242836093,0.0011992805754820971,0.0014988761237358919,0.0026963615477426086,0.003792798238696237
2012-02-10,0.000499875041651048,0.000899595242836093,0.0011992805754820971,0.0014988761237358919,0.0026963615477426086,0.0035935355101301704
2012-02-13,0.0005998200719676155,0.0010993954433009636,0.0013990209137073413,0.0014988761237358919,0.002895803112025565,0.003992021269537453
2012-02-14,0.000899595242836093,0.0011992805754820971,0.0014988761237358919,0.0017983819413793735,0.002895803112025565,0.003992021269537453
2012-02-15,0.000899595242836093,0.0010993954433009636,0.00129915573162005,0.0017983819413793735,0.002895803112025565,0.003792798238696237
2012-02-16,0.0003999200213269354,0.0009995003330835331,0.00129915573162005,0.0016985566355814776,0.002895803112025565,0.004191204618468071
2012-02-17,0.00029995500899797546,0.000899595242836093,0.00129915573162005,0.0017983819413793735,0.002895803112025565,0.004191204618468071
2012-02-20,0.00029995500899797546,0.000899595242836093,0.00129915573162005,0.0017983819413793735,0.002895803112025565,0.004191204618468071
2012-02-21,0.00029995500899797546,0.0007996801705643322,0.00129915573162005,0.0016985566355814776,0.003095204907302419,0.004390348301292895
2012-02-22,0.000699755114273342,0.000899595242836093,0.00129915573162005,0.0016985566355814776,0.002895803112025565,0.004191204618468071
2012-02-23,0.000699755114273342,0.000899595242836093,0.0013990209137073413,0.0016985566355814776,0.003095204907302419,0.004290781417156275
2012-02-24,0.0007996801705643322,0.0009995003330835331,0.0013990209137073413,0.0017983819413793735,0.003095204907302419,0.004290781417156275
2012-02-27,0.0007996801705643322,0.0011992805754820971,0.0013990209137073413,0.0016985566355814776,0.002995508979798479,0.003992021269537453
2012-02-28,0.0009995003330835331,0.0009995003330835331,0.0013990209137073413,0.0017983819413793735,0.002995508979798479,0.0040916179032535645
2012-02-29,0.0007996801705643322,0.0007996801705643322,0.00129915573162005,0.0017983819413793735,0.002995508979798479,0.004290781417156275
2012-03-01,0.000699755114273342,0.0007996801705643322,0.00129915573162005,0.0017983819413793735,0.002995508979798479,0.004290781417156275
2012-03-02,0.0005998200719676155,0.000699755114273342,0.0011992805754820971,0.0016985566355814776,0.0027960873020012743,0.0040916179032535645
2012-03-05,0.000699755114273342,0.0007996801705643322,0.0013990209137073413,0.0016985566355814776,0.003095204907302419,0.004290781417156275
2012-03-06,0.0005998200719676155,0.0007996801705643322,0.00129915573162005,0.0016985566355814776,0.002995508979798479,0.003992021269537453
2012-03-07,0.0005998200719676155,0.0007996801705643322,0.0013990209137073413,0.0017983819413793735,0.002995508979798479,0.004191204618468071
2012-03-08,0.000699755114273342,0.0007996801705643322,0.0013990209137073413,0.0017983819413793735,0.003194890896519197,0.004390348301292895
2012-03-09,0.0005998200719676155,0.000899595242836093,0.00129915573162005,0.0017983819413793735,0.003294566949430031,0.0045894523338072864
2012-03-12,0.000499875041651048,0.000899595242836093,0.0014988761237358919,0.0017983819413793735,0.003294566949430031,0.0046889894861315414
2012-03-13,0.0005998200719676155,0.0007996801705643322,0.0014988761237358919,0.001998002662673056,0.0034938892542557796,0.005087039048557106
2012-03-14,0.0007996801705643322,0.000899595242836093,0.0014988761237358919,0.002097798082146129,0.003992021269537453,0.005982071677547464
2012-03-15,0.0007996801705643322,0.0007996801705643322,0.0014988761237358919,0.002097798082146129,0.0036931718376175702,0.005584378293900616
2012-03-16,0.000699755114273342,0.000899595242836093,0.0014988761237358919,0.002097798082146129,0.0036931718376175702,0.00568381646829767
2012-03-19,0.000699755114273342,0.0009995003330835331,0.0014988761237358919,0.002097798082146129,0.003892414715343839,0.005982071677547464
2012-03-20,0.0007996801705643322,0.0009995003330835331,0.0014988761237358919,0.0021975835434872217,0.0040916179032535645,0.006180859075081115
2012-03-21,0.000899595242836093,0.000899595242836093,0.0014988761237358919,0.002097798082146129,0.003892414715343839,0.005783244755727333
2012-03-22,0.0005998200719676155,0.0007996801705643322,0.0013990209137073413,0.0018981972830802527,0.0036931718376175702,0.005584378293900616
2012-03-23,0.0005998200719676155,0.0007996801705643322,0.0013990209137073413,0.0018981972830802527,0.0036931718376175702,0.005484930230569686
2012-03-26,0.0005998200719676155,0.000899595242836093,0.0014988761237358919,0.0018981972830802527,0.0035935355101301704,0.005385472276337817
2012-03-27,0.000699755114273342,0.000899595242836093,0.0013990209137073413,0.0017983819413793735,0.003294566949430031,0.004987541511039074
2012-03-28,0.000499875041651048,0.000899595242836093,0.0013990209137073413,0.0017983819413793735,0.0033942330680155476,0.005087039048557106
2012-03-29,0.00019998000266626675,0.000699755114273342,0.0013990209137073413,0.0017983819413793735,0.003294566949430031,0.004987541511039074
2012-03-30,0.000499875041651048,0.000699755114273342,0.0014988761237358919,0.0018981972830802527,0.003294566949430031,0.005087039048557106
2012-04-02,0.000499875041651048,0.0007996801705643322,0.0013990209137073413,0.0017983819413793735,0.003294566949430031,0.004987541511039074
2012-04-03,0.000699755114273342,0.0007996801705643322,0.0014988761237358919,0.001998002662673056,0.0035935355101301704,0.005584378293900616
2012-04-04,0.0007996801705643322,0.0007996801705643322,0.0013990209137073413,0.0018981972830802527,0.0034938892542557796,0.005286004429237355
2012-04-05,0.000699755114273342,0.0007996801705643322,0.0013990209137073413,0.0018981972830802527,0.0034938892542557796,0.004987541511039074
2012-04-06,0.0005998200719676155,0.000699755114273342,0.0013990209137073413,0.0018981972830802527,0.003194890896519197,0.004489905272852053
2012-04-09,0.000699755114273342,0.000899595242836093,0.0014988761237358919,0.0018981972830802527,0.003194890896519197,0.0045894523338072864
2012-04-10,0.0007996801705643322,0.000899595242836093,0.0014988761237358919,0.0018981972830802527,0.0027960873020012743,0.004191204618468071
2012-04-11,0.0007996801705643322,0.000899595242836093,0.0013990209137073413,0.0017983819413793735,0.002995508979798479,0.004290781417156275
2012-04-12,0.0007996801705643322,0.000899595242836093,0.0013990209137073413,0.0017983819413793735,0.002895803112025565,0.004290781417156275
2012-04-13,0.000699755114273342,0.000899595242836093,0.00129915573162005,0.0016985566355814776,0.0026963615477426086,0.0040916179032535645
2012-04-16,0.000699755114273342,0.0007996801705643322,0.0013990209137073413,0.0017983819413793735,0.0026963615477426086,0.004191204618468071
2012-04-17,0.000699755114273342,0.0007996801705643322,0.00129915573162005,0.0017983819413793735,0.0026963615477426086,0.004191204618468071
2012-04-18,0.000499875041651048,0.000699755114273342,0.00129915573162005,0.0017983819413793735,0.0026963615477426086,0.003992021269537453
2012-04-19,0.0003999200213269354,0.000699755114273342,0.0011992805754820971,0.0016985566355814776,0.0026963615477426086,0.003992021269537453
2012-04-20,0.0003999200213269354,0.0007996801705643322,0.00129915573162005,0.0017983819413793735,0.002895803112025565,0.003992021269537453
2012-04-23,0.0003999200213269354,0.0007996801705643322,0.00129915573162005,0.0016985566355814776,0.0026963615477426086,0.003892414715343839
2012-04-24,0.000699755114273342,0.000899595242836093,0.0013990209137073413,0.0017983819413793735,0.0026963615477426086,0.003992021269537453
2012-04-25,0.0007996801705643322,0.000899595242836093,0.0013990209137073413,0.0017983819413793735,0.002596625847265978,0.003892414715343839
2012-04-26,0.000899595242836093,0.000899595242836093,0.0014988761237358919,0.0017983819413793735,0.002596625847265978,0.003892414715343839
2012-04-27,0.000699755114273342,0.000899595242836093,0.0013990209137073413,0.0018981972830802527,0.002596625847265978,0.003892414715343839
2012-04-30,0.000699755114273342,0.0009995003330835331,0.0014988761237358919,0.001998002662673056,0.0026963615477426086,0.003792798238696237
2012-05-01,0.000699755114273342,0.000899595242836093,0.0014988761237358919,0.0018981972830802527,0.0026963615477426086,0.003892414715343839
2012-05-02,0.0005998200719676155,0.0007996801705643322,0.0014988761237358919,0.0017983819413793735,0.0026963615477426086,0.003892414715343839
2012-05-03,0.000499875041651048,0.000899595242836093,0.0014988761237358919,0.0018981972830802527,0.0027960873020012743,0.003992021269537453
2012-05-04,0.000499875041651048,0.000699755114273342,0.0013990209137073413,0.0017983819413793735,0.0026963615477426086,0.0036931718376175702
2012-05-07,0.0005998200719676155,0.0009995003330835331,0.0014988761237358919,0.0017983819413793735,0.0026963615477426086,0.0036931718376175702
2012-05-08,0.0007996801705643322,0.000899595242836093,0.0014988761237358919,0.0017983819413793735,0.0026963615477426086,0.0035935355101301704
2012-05-09,0.000699755114273342,0.000899595242836093,0.0014988761237358919,0.0017983819413793735,0.0026963615477426086,0.0035935355101301704
2012-05-10,0.0007996801705643322,0.0009995003330835331,0.0014988761237358919,0.0017983819413793735,0.0026963615477426086,0.0036931718376175702
2012-05-11,0.000699755114273342,0.0009995003330835331,0.0014988761237358919,0.0017983819413793735,0.0026963615477426086,0.0035935355101301704
2012-05-14,0.000699755114273342,0.0009995003330835331,0.0014988761237358919,0.0018981972830802527,0.002895803112025565,0.0036931718376175702
2012-05-15,0.0007996801705643322,0.000899595242836093,0.0014988761237358919,0.0018981972830802527,0.002895803112025565,0.003792798238696237
2012-05-16,0.0007996801705643322,0.0009995003330835331,0.0014988761237358919,0.001998002662673056,0.002995508979798479,0.003992021269537453
2012-05-17,0.0007996801705643322,0.0009995003330835331,0.0015987213636970278,0.001998002662673056,0.003194890896519197,0.003992021269537453
2012-05-18,0.0005998200719676155,0.0007996801705643322,0.0014988761237358919,0.001998002662673056,0.003194890896519197,0.004191204618468071
2012-05-21,0.0005998200719676155,0.000899595242836093,0.0013990209137073413,0.002097798082146129,0.002995508979798479,0.0040916179032535645
2012-05-22,0.000699755114273342,0.000899595242836093,0.0013990209137073413,0.002097798082146129,0.002995508979798479,0.0040916179032535645
2012-05-23,0.000699755114273342,0.000899595242836093,0.00129915573162005,0.001998002662673056,0.0027960873020012743,0.003992021269537453
2012-05-24,0.0007996801705643322,0.0009995003330835331,0.0013990209137073413,0.002097798082146129,0.002895803112025565,0.004191204618468071
2012-05-25,0.000699755114273342,0.000899595242836093,0.0013990209137073413,0.001998002662673056,0.002995508979798479,0.0040916179032535645
2012-05-28,0.000699755114273342,0.000899595242836093,0.0013990209137073413,0.001998002662673056,0.002995508979798479,0.0040916179032535645
2012-05-29,0.0005998200719676155,0.000899595242836093,0.0013990209137073413,0.001998002662673056,0.002995508979798479,0.004191204618468071
2012-05-30,0.000499875041651048,0.000699755114273342,0.00129915573162005,0.0018981972830802527,0.0026963615477426086,0.003792798238696237
2012-05-31,0.00029995500899797546,0.000699755114273342,0.0013990209137073413,0.0017983819413793735,0.0026963615477426086,0.0034938892542557796
2012-06-01,0.00029995500899797546,0.000699755114273342,0.0011992805754820971,0.0016985566355814776,0.002496880198587199,0.0033942330680155476
2012-06-04,0.0003999200213269354,0.0007996801705643322,0.00129915573162005,0.0017983819413793735,0.002496880198587199,0.0034938892542557796
2012-06-05,0.000499875041651048,0.0007996801705643322,0.0013990209137073413,0.0017983819413793735,0.002496880198587199,0.0033942330680155476
2012-06-06,0.000499875041651048,0.000899595242836093,0.00129915573162005,0.0017983819413793735,0.002596625847265978,0.0036931718376175702
2012-06-07,0.0003999200213269354,0.000899595242836093,0.0013990209137073413,0.0017983819413793735,0.0026963615477426086,0.0036931718376175702
2012-06-08,0.0003999200213269354,0.000899595242836093,0.0013990209137073413,0.0018981972830802527,0.0027960873020012743,0.003892414715343839
2012-06-11,0.000499875041651048,0.000899595242836093,0.0014988761237358919,0.0017983819413793735,0.0026963615477426086,0.0036931718376175702
2012-06-12,0.0005998200719676155,0.0009995003330835331,0.0014988761237358919,0.0018981972830802527,0.002995508979798479,0.0040916179032535645
2012-06-13,0.000699755114273342,0.0009995003330835331,0.0014988761237358919,0.0017983819413793735,0.002995508979798479,0.003992021269537453
2012-06-14,0.0007996801705643322,0.0010993954433009636,0.0014988761237358919,0.0017983819413793735,0.002995508979798479,0.0040916179032535645
2012-06-15,0.000499875041651048,0.000899595242836093,0.0014988761237358919,0.0017983819413793735,0.002895803112025565,0.0036931718376175702
2012-06-18,0.0005998200719676155,0.0009995003330835331,0.0014988761237358919,0.0017983819413793735,0.002895803112025565,0.003792798238696237
2012-06-19,0.0005998200719676155,0.000899595242836093,0.0013990209137073413,0.0017983819413793735,0.002995508979798479,0.003892414715343839
2012-06-20,0.0005998200719676155,0.000899595242836093,0.0015987213636970278,0.001998002662673056,0.003194890896519197,0.0040916179032535645
2012-06-21,0.000499875041651048,0.000899595242836093,0.0014988761237358919,0.0018981972830802527,0.003194890896519197,0.0040916179032535645
2012-06-22,0.000499875041651048,0.000899595242836093,0.0014988761237358919,0.0018981972830802527,0.003095204907302419,0.004191204618468071
2012-06-25,0.0005998200719676155,0.0009995003330835331,0.0015987213636970278,0.0018981972830802527,0.003095204907302419,0.003892414715343839
2012-06-26,0.000699755114273342,0.0009995003330835331,0.0014988761237358919,0.002097798082146129,0.003095204907302419,0.004191204618468071
2012-06-27,0.0005998200719676155,0.000899595242836093,0.0016985566355814776,0.002097798082146129,0.003095204907302419,0.004191204618468071
2012-06-28,0.00019998000266626675,0.000899595242836093,0.0016985566355814776,0.0021975835434872217,0.003095204907302419,0.003992021269537453
2012-06-29,0.0003999200213269354,0.000899595242836093,0.0015987213636970278,0.002097798082146129,0.003294566949430031,0.0040916179032535645
2012-07-02,0.0005998200719676155,0.0009995003330835331,0.0014988761237358919,0.002097798082146129,0.002995508979798479,0.003892414715343839
2012-07-03,0.0007996801705643322,0.000899595242836093,0.0014988761237358919,0.002097798082146129,0.002995508979798479,0.003892414715343839
2012-07-04,0.0007996801705643322,0.000899595242836093,0.0014988761237358919,0.002097798082146129,0.002995508979798479,0.003892414715343839
2012-07-05,0.000699755114273342,0.0007996801705643322,0.0014988761237358919,0.0018981972830802527,0.0027960873020012743,0.003892414715343839
2012-07-06,0.0005998200719676155,0.0007996801705643322,0.0014988761237358919,0.001998002662673056,0.0026963615477426086,0.0036931718376175702
2012-07-09,0.0005998200719676155,0.000899595242836093,0.0013990209137073413,0.001998002662673056,0.0026963615477426086,0.0035935355101301704
2012-07-10,0.000699755114273342,0.000899595242836093,0.0014988761237358919,0.001998002662673056,0.0026963615477426086,0.0036931718376175702
2012-07-11,0.000699755114273342,0.0009995003330835331,0.0014988761237358919,0.001998002662673056,0.0026963615477426086,0.0035935355101301704
2012-07-12,0.0007996801705643322,0.0009995003330835331,0.0014988761237358919,0.001998002662673056,0.002496880198587199,0.0034938892542557796
2012-07-13,0.0007996801705643322,0.0009995003330835331,0.0014988761237358919,0.001998002662673056,0.002496880198587199,0.0033942330680155476
2012-07-16,0.0003999200213269354,0.0009995003330835331,0.0013990209137073413,0.0017983819413793735,0.0023971245997214934,0.003095204907302419
2012-07-17,0.0007996801705643322,0.0009995003330835331,0.0013990209137073413,0.0017983819413793735,0.002496880198587199,0.003194890896519197
2012-07-18,0.000699755114273342,0.000899595242836093,0.0013990209137073413,0.0017983819413793735,0.0021975835434872217,0.002995508979798479
2012-07-19,0.0005998200719676155,0.000899595242836093,0.0013990209137073413,0.0016985566355814776,0.0021975835434872217,0.003095204907302419
2012-07-20,0.000699755114273342,0.000899595242836093,0.0013990209137073413,0.0016985566355814776,0.0021975835434872217,0.002895803112025565
2012-07-23,0.000699755114273342,0.0009995003330835331,0.0013990209137073413,0.0016985566355814776,0.0021975835434872217,0.0027960873020012743
2012-07-24,0.0007996801705643322,0.0009995003330835331,0.0014988761237358919,0.0017983819413793735,0.0021975835434872217,0.0027960873020012743
2012-07-25,0.0007996801705643322,0.0009995003330835331,0.0013990209137073413,0.0016985566355814776,0.0021975835434872217,0.0027960873020012743
2012-07-26,0.0007996801705643322,0.0010993954433009636,0.0014988761237358919,0.0017983819413793735,0.0022973590486834897,0.003095204907302419
2012-07-27,0.000699755114273342,0.0010993954433009636,0.0014988761237358919,0.0016985566355814776,0.002496880198587199,0.0033942330680155476
2012-07-30,0.0005998200719676155,0.0010993954433009636,0.0014988761237358919,0.0017983819413793735,0.0022973590486834897,0.003095204907302419
2012-07-31,0.000699755114273342,0.0010993954433009636,0.0013990209137073413,0.0015987213636970278,0.0022973590486834897,0.002995508979798479
2012-08-01,0.000699755114273342,0.0009995003330835331,0.0013990209137073413,0.0016985566355814776,0.0023971245997214934,0.003194890896519197
2012-08-02,0.0003999200213269354,0.000899595242836093,0.0013990209137073413,0.0016985566355814776,0.0023971245997214934,0.003095204907302419
2012-08-03,0.00029995500899797546,0.000899595242836093,0.0013990209137073413,0.0015987213636970278,0.0023971245997214934,0.003294566949430031
2012-08-06,0.000499875041651048,0.0009995003330835331,0.0013990209137073413,0.0015987213636970278,0.0023971245997214934,0.003294566949430031
2012-08-07,0.000899595242836093,0.0010993954433009636,0.0013990209137073413,0.0018981972830802527,0.0026963615477426086,0.0036931718376175702
2012-08-08,0.000899595242836093,0.0010993954433009636,0.0013990209137073413,0.0018981972830802527,0.002895803112025565,0.003792798238696237
2012-08-09,0.0009995003330835331,0.0010993954433009636,0.0014988761237358919,0.001998002662673056,0.002895803112025565,0.003792798238696237
2012-08-10,0.0009995003330835331,0.0009995003330835331,0.0013990209137073413,0.0017983819413793735,0.0026963615477426086,0.0035935355101301704
2012-08-13,0.0009995003330835331,0.0010993954433009636,0.0014988761237358919,0.0018981972830802527,0.0026963615477426086,0.0035935355101301704
2012-08-14,0.0010993954433009636,0.0010993954433009636,0.0014988761237358919,0.0018981972830802527,0.0026963615477426086,0.003892414715343839
2012-08-15,0.0010993954433009636,0.000899595242836093,0.0013990209137073413,0.0018981972830802527,0.0026963615477426086,0.004191204618468071
2012-08-16,0.0009995003330835331,0.000899595242836093,0.0013990209137073413,0.001998002662673056,0.002895803112025565,0.004191204618468071
2012-08-17,0.000899595242836093,0.000899595242836093,0.0013990209137073413,0.001998002662673056,0.002895803112025565,0.004191204618468071
2012-08-20,0.000899595242836093,0.0010993954433009636,0.0013990209137073413,0.0018981972830802527,0.002895803112025565,0.0040916179032535645
2012-08-21,0.0009995003330835331,0.0010993954433009636,0.0013990209137073413,0.001998002662673056,0.003095204907302419,0.004191204618468071
2012-08-22,0.0009995003330835331,0.0010993954433009636,0.00129915573162005,0.0018981972830802527,0.002596625847265978,0.0036931718376175702
2012-08-23,0.0009995003330835331,0.0010993954433009636,0.00129915573162005,0.0018981972830802527,0.002596625847265978,0.0035935355101301704
2012-08-24,0.0009995003330835331,0.0009995003330835331,0.00129915573162005,0.0018981972830802527,0.0027960873020012743,0.0036931718376175702
2012-08-27,0.0009995003330835331,0.0010993954433009636,0.0013990209137073413,0.0017983819413793735,0.0027960873020012743,0.0036931718376175702
2012-08-28,0.0011992805754820971,0.0009995003330835331,0.0014988761237358919,0.0017983819413793735,0.0026963615477426086,0.0035935355101301704
2012-08-29,0.0011992805754820971,0.0011992805754820971,0.0013990209137073413,0.0017983819413793735,0.0026963615477426086,0.0035935355101301704
2012-08-30,0.0011992805754820971,0.0009995003330835331,0.0013990209137073413,0.0016985566355814776,0.0026963615477426086,0.0034938892542557796
2012-08-31,0.000899595242836093,0.000899595242836093,0.0013990209137073413,0.0015987213636970278,0.0021975835434872217,0.002995508979798479
2012-09-03,0.000899595242836093,0.000899595242836093,0.0013990209137073413,0.0015987213636970278,0.0021975835434872217,0.002995508979798479
2012-09-04,0.0009995003330835331,0.0009995003330835331,0.0013990209137073413,0.0015987213636970278,0.0022973590486834897,0.003095204907302419
2012-09-05,0.0010993954433009636,0.0010993954433009636,0.0013990209137073413,0.0016985566355814776,0.002496880198587199,0.003194890896519197
2012-09-06,0.0009995003330835331,0.0010993954433009636,0.0013990209137073413,0.0017983819413793735,0.0026963615477426086,0.0033942330680155476
2012-09-07,0.000899595242836093,0.0010993954433009636,0.0013990209137073413,0.0017983819413793735,0.002496880198587199,0.003294566949430031
2012-09-10,0.000899595242836093,0.0009995003330835331,0.0013990209137073413,0.0017983819413793735,0.002496880198587199,0.003294566949430031
2012-09-11,0.000899595242836093,0.0009995003330835331,0.0013990209137073413,0.0017983819413793735,0.002496880198587199,0.003294566949430031
2012-09-12,0.000899595242836093,0.0009995003330835331,0.00129915573162005,0.0017983819413793735,0.002496880198587199,0.003294566949430031
2012-09-13,0.0009995003330835331,0.0009995003330835331,0.00129915573162005,0.0016985566355814776,0.0023971245997214934,0.003194890896519197
2012-09-14,0.0007996801705643322,0.0010993954433009636,0.00129915573162005,0.0017983819413793735,0.0026963615477426086,0.0034938892542557796
2012-09-17,0.0005998200719676155,0.0010993954433009636,0.00129915573162005,0.0017983819413793735,0.002496880198587199,0.0035935355101301704
2012-09-18,0.0007996801705643322,0.0009995003330835331,0.00129915573162005,0.0017983819413793735,0.002496880198587199,0.0034938892542557796
2012-09-19,0.0007996801705643322,0.0010993954433009636,0.0013990209137073413,0.0017983819413793735,0.0026963615477426086,0.0034938892542557796
2012-09-20,0.0005998200719676155,0.0010993954433009636,0.0013990209137073413,0.0017983819413793735,0.0026963615477426086,0.0035935355101301704
2012-09-21,0.000499875041651048,0.0010993954433009636,0.0013990209137073413,0.0017983819413793735,0.0026963615477426086,0.0035935355101301704
2012-09-24,0.00029995500899797546,0.0010993954433009636,0.0013990209137073413,0.0017983819413793735,0.0026963615477426086,0.0034938892542557796
2012-09-25,0.0005998200719676155,0.0010993954433009636,0.0014988761237358919,0.0017983819413793735,0.0026963615477426086,0.0034938892542557796
2012-09-26,0.000499875041651048,0.0010993954433009636,0.00129915573162005,0.0016985566355814776,0.002596625847265978,0.0033942330680155476
2012-09-27,0.000499875041651048,0.000899595242836093,0.0013990209137073413,0.0015987213636970278,0.002496880198587199,0.0033942330680155476
2012-09-28,0.0005998200719676155,0.0009995003330835331,0.0013990209137073413,0.0016985566355814776,0.0022973590486834897,0.003095204907302419
2012-10-01,0.000499875041651048,0.000899595242836093,0.0013990209137073413,0.0016985566355814776,0.002496880198587199,0.003095204907302419
2012-10-02,0.000899595242836093,0.000899595242836093,0.0013990209137073413,0.0015987213636970278,0.0022973590486834897,0.003095204907302419
2012-10-03,0.000899595242836093,0.000899595242836093,0.0013990209137073413,0.0015987213636970278,0.0022973590486834897,0.003095204907302419
2012-10-04,0.0009995003330835331,0.0009995003330835331,0.0013990209137073413,0.0017983819413793735,0.0022973590486834897,0.003194890896519197
2012-10-05,0.0009995003330835331,0.0010993954433009636,0.0014988761237358919,0.0017983819413793735,0.0026963615477426086,0.0033942330680155476
2012-10-08,0.0009995003330835331,0.0010993954433009636,0.0014988761237358919,0.0017983819413793735,0.0026963615477426086,0.0033942330680155476
2012-10-09,0.0010993954433009636,0.0009995003330835331,0.0014988761237358919,0.0017983819413793735,0.002496880198587199,0.0034938892542557796
2012-10-10,0.0011992805754820971,0.0009995003330835331,0.0014988761237358919,0.0017983819413793735,0.0026963615477426086,0.0034938892542557796
2012-10-11,0.0011992805754820971,0.0009995003330835331,0.0013990209137073413,0.0017983819413793735,0.0027960873020012743,0.0033942330680155476
2012-10-12,0.0011992805754820971,0.0010993954433009636,0.0014988761237358919,0.0017983819413793735,0.0026963615477426086,0.0033942330680155476
2012-10-15,0.0009995003330835331,0.0010993954433009636,0.0014988761237358919,0.0018981972830802527,0.0026963615477426086,0.0033942330680155476
2012-10-16,0.00129915573162005,0.000899595242836093,0.0014988761237358919,0.0017983819413793735,0.0026963615477426086,0.0035935355101301704
2012-10-17,0.00129915573162005,0.0010993954433009636,0.0014988761237358919,0.0017983819413793735,0.002995508979798479,0.0040916179032535645
2012-10-18,0.0011992805754820971,0.0009995003330835331,0.0014988761237358919,0.0017983819413793735,0.002895803112025565,0.0040916179032535645
2012-10-19,0.0010993954433009636,0.0009995003330835331,0.0013990209137073413,0.0017983819413793735,0.002995508979798479,0.0040916179032535645
2012-10-22,0.0009995003330835331,0.0009995003330835331,0.0014988761237358919,0.0018981972830802527,0.003194890896519197,0.004191204618468071
2012-10-23,0.0010993954433009636,0.0010993954433009636,0.0014988761237358919,0.0017983819413793735,0.002895803112025565,0.0040916179032535645
2012-10-24,0.00129915573162005,0.0010993954433009636,0.0015987213636970278,0.0017983819413793735,0.002895803112025565,0.003992021269537453
2012-10-25,0.00129915573162005,0.0010993954433009636,0.0015987213636970278,0.0018981972830802527,0.003095204907302419,0.004290781417156275
2012-10-26,0.0011992805754820971,0.0011992805754820971,0.0014988761237358919,0.0018981972830802527,0.002995508979798479,0.0040916179032535645
2012-10-29,0.00129915573162005,0.0013990209137073413,0.0015987213636970278,0.0017983819413793735,0.002995508979798479,0.003992021269537453
2012-10-30,0.00129915573162005,0.0013990209137073413,0.0015987213636970278,0.0017983819413793735,0.002995508979798479,0.003992021269537453
2012-10-31,0.000899595242836093,0.0010993954433009636,0.0015987213636970278,0.0017983819413793735,0.002995508979798479,0.003792798238696237
2012-11-01,0.0005998200719676155,0.000899595242836093,0.0014988761237358919,0.0017983819413793735,0.002995508979798479,0.003792798238696237
2012-11-02,0.0007996801705643322,0.000899595242836093,0.0014988761237358919,0.0018981972830802527,0.0027960873020012743,0.003792798238696237
2012-11-05,0.000899595242836093,0.0010993954433009636,0.0014988761237358919,0.0018981972830802527,0.0027960873020012743,0.003792798238696237
2012-11-06,0.0011992805754820971,0.0009995003330835331,0.0014988761237358919,0.0018981972830802527,0.002995508979798479,0.0040916179032535645
2012-11-07,0.0011992805754820971,0.0009995003330835331,0.0013990209137073413,0.0017983819413793735,0.0026963615477426086,0.0035935355101301704
2012-11-08,0.00129915573162005,0.0009995003330835331,0.0014988761237358919,0.001998002662673056,0.0026963615477426086,0.0034938892542557796
2012-11-09,0.00129915573162005,0.000899595242836093,0.0014988761237358919,0.0017983819413793735,0.0026963615477426086,0.0034938892542557796
2012-11-12,0.00129915573162005,0.000899595242836093,0.0014988761237358919,0.0017983819413793735,0.0026963615477426086,0.0034938892542557796
2012-11-13,0.0011992805754820971,0.0010993954433009636,0.0014988761237358919,0.0017983819413793735,0.0026963615477426086,0.003294566949430031
2012-11-14,0.0014988761237358919,0.0009995003330835331,0.0014988761237358919,0.0017983819413793735,0.002496880198587199,0.003294566949430031
2012-11-15,0.00129915573162005,0.0007996801705643322,0.0013990209137073413,0.0016985566355814776,0.0023971245997214934,0.003194890896519197
2012-11-16,0.000699755114273342,0.0005998200719676155,0.00129915573162005,0.0015987213636970278,0.0023971245997214934,0.003194890896519197
2012-11-19,0.0005998200719676155,0.000899595242836093,0.0013990209137073413,0.0015987213636970278,0.002496880198587199,0.003294566949430031
2012-11-20,0.0014988761237358919,0.0007996801705643322,0.0013990209137073413,0.0015987213636970278,0.0026963615477426086,0.0035935355101301704
2012-11-21,0.0016985566355814776,0.0009995003330835331,0.0013990209137073413,0.0016985566355814776,0.0026963615477426086,0.0036931718376175702
2012-11-22,0.0016985566355814776,0.0009995003330835331,0.0013990209137073413,0.0016985566355814776,0.0026963615477426086,0.0036931718376175702
2012-11-23,0.0015987213636970278,0.0009995003330835331,0.0013990209137073413,0.0018981972830802527,0.002895803112025565,0.0036931718376175702
2012-11-26,0.0013990209137073413,0.0009995003330835331,0.0014988761237358919,0.0016985566355814776,0.0026963615477426086,0.0035935355101301704
2012-11-27,0.0016985566355814776,0.0009995003330835331,0.0014988761237358919,0.0017983819413793735,0.0026963615477426086,0.0035935355101301704
2012-11-28,0.0016985566355814776,0.0009995003330835331,0.0013990209137073413,0.0017983819413793735,0.0026963615477426086,0.0034938892542557796
2012-11-29,0.0015987213636970278,0.000899595242836093,0.0014988761237358919,0.0017983819413793735,0.002496880198587199,0.0034938892542557796
2012-11-30,0.0010993954433009636,0.0007996801705643322,0.00129915573162005,0.0017983819413793735,0.002496880198587199,0.0033942330680155476
2012-12-03,0.00129915573162005,0.0009995003330835331,0.0013990209137073413,0.0017983819413793735,0.002496880198587199,0.0033942330680155476
2012-12-04,0.000699755114273342,0.0009995003330835331,0.0014988761237358919,0.0017983819413793735,0.002496880198587199,0.0033942330680155476
2012-12-05,0.000699755114273342,0.0009995003330835331,0.0013990209137073413,0.0017983819413793735,0.002496880198587199,0.003194890896519197
2012-12-06,0.000699755114273342,0.0009995003330835331,0.0013990209137073413,0.0017983819413793735,0.002496880198587199,0.003194890896519197
2012-12-07,0.0005998200719676155,0.000899595242836093,0.0013990209137073413,0.0017983819413793735,0.002496880198587199,0.003294566949430031
2012-12-10,0.000499875041651048,0.000899595242836093,0.0013990209137073413,0.0017983819413793735,0.0023971245997214934,0.003294566949430031
2012-12-11,0.0003999200213269354,0.0007996801705643322,0.00129915573162005,0.0015987213636970278,0.0023971245997214934,0.003194890896519197
2012-12-12,0.0003999200213269354,0.000699755114273342,0.0009995003330835331,0.0013990209137073413,0.002496880198587199,0.003194890896519197
2012-12-13,0.00019998000266626675,0.0005998200719676155,0.0010993954433009636,0.0013990209137073413,0.0026963615477426086,0.0033942330680155476
2012-12-14,9.999500033330834e-05,0.0003999200213269354,0.000899595242836093,0.00129915573162005,0.0023971245997214934,0.0033942330680155476
2012-12-17,9.999500033330834e-05,0.000499875041651048,0.0009995003330835331,0.00129915573162005,0.002496880198587199,0.0036931718376175702
2012-12-18,0.0003999200213269354,0.0005998200719676155,0.0011992805754820971,0.0015987213636970278,0.0027960873020012743,0.003892414715343839
2012-12-19,0.00029995500899797546,0.000499875041651048,0.0009995003330835331,0.0014988761237358919,0.0027960873020012743,0.003892414715343839
2012-12-20,0.00019998000266626675,0.0005998200719676155,0.0009995003330835331,0.0014988761237358919,0.0027960873020012743,0.003892414715343839
2012-12-21,0.00019998000266626675,0.0005998200719676155,0.0011992805754820971,0.0014988761237358919,0.002596625847265978,0.003792798238696237
2012-12-24,0.00029995500899797546,0.0005998200719676155,0.0010993954433009636,0.0015987213636970278,0.002596625847265978,0.003792798238696237
2012-12-25,0.00029995500899797546,0.0005998200719676155,0.0010993954433009636,0.0015987213636970278,0.002596625847265978,0.003792798238696237
2012-12-26,0.000499875041651048,0.000899595242836093,0.00129915573162005,0.0015987213636970278,0.002596625847265978,0.003892414715343839
2012-12-27,9.999500033330834e-05,0.0007996801705643322,0.0011992805754820971,0.0014988761237358919,0.002596625847265978,0.0036931718376175702
2012-12-28,0.0,9.999500033330834e-05,0.0009995003330835331,0.0014988761237358919,0.0026963615477426086,0.0035935355101301704
2012-12-31,0.00019998000266626675,0.000499875041651048,0.0010993954433009636,0.0015987213636970278,0.002496880198587199,0.0035935355101301704
2013-01-01,0.00019998000266626675,0.000499875041651048,0.0010993954433009636,0.0015987213636970278,0.002496880198587199,0.0035935355101301704
2013-01-02,0.000699755114273342,0.0007996801705643322,0.0011992805754820971,0.0014988761237358919,0.0026963615477426086,0.0036931718376175702
2013-01-03,0.0005998200719676155,0.0007996801705643322,0.0011992805754820971,0.0014988761237358919,0.0026963615477426086,0.003992021269537453
2013-01-04,0.0005998200719676155,0.000699755114273342,0.0010993954433009636,0.0014988761237358919,0.0026963615477426086,0.0040916179032535645
2013-01-07,0.000499875041651048,0.000699755114273342,0.0010993954433009636,0.0014988761237358919,0.0026963615477426086,0.0040916179032535645
2013-01-08,0.0005998200719676155,0.000699755114273342,0.0010993954433009636,0.0013990209137073413,0.002496880198587199,0.003792798238696237
2013-01-09,0.0003999200213269354,0.0005998200719676155,0.000899595242836093,0.00129915573162005,0.0023971245997214934,0.0036931718376175702
2013-01-10,0.000499875041651048,0.0005998200719676155,0.0009995003330835331,0.0013990209137073413,0.002596625847265978,0.0036931718376175702
2013-01-11,0.0003999200213269354,0.000699755114273342,0.0009995003330835331,0.0013990209137073413,0.002596625847265978,0.0036931718376175702
2013-01-14,0.000499875041651048,0.0007996801705643322,0.0010993954433009636,0.0013990209137073413,0.002596625847265978,0.0036931718376175702
2013-01-15,0.000899595242836093,0.000899595242836093,0.0010993954433009636,0.0013990209137073413,0.002596625847265978,0.0035935355101301704
2013-01-16,0.000699755114273342,0.0007996801705643322,0.0010993954433009636,0.0013990209137073413,0.002596625847265978,0.0035935355101301704
2013-01-17,0.000499875041651048,0.000699755114273342,0.0010993954433009636,0.0013990209137073413,0.0027960873020012743,0.003892414715343839
2013-01-18,0.0003999200213269354,0.0007996801705643322,0.0009995003330835331,0.0013990209137073413,0.002596625847265978,0.003792798238696237
2013-01-21,0.0003999200213269354,0.0007996801705643322,0.0009995003330835331,0.0013990209137073413,0.002596625847265978,0.003792798238696237
2013-01-22,0.0003999200213269354,0.0007996801705643322,0.0009995003330835331,0.0013990209137073413,0.002596625847265978,0.003792798238696237
2013-01-23,0.0005998200719676155,0.0007996801705643322,0.0009995003330835331,0.0014988761237358919,0.002596625847265978,0.0036931718376175702
2013-01-24,0.0005998200719676155,0.0007996801705643322,0.0009995003330835331,0.0014988761237358919,0.0022973590486834897,0.0036931718376175702
2013-01-25,0.0005998200719676155,0.0007996801705643322,0.0010993954433009636,0.0014988761237358919,0.0027960873020012743,0.004191204618468071
2013-01-28,0.00029995500899797546,0.000699755114273342,0.0010993954433009636,0.0015987213636970278,0.002895803112025565,0.004489905272852053
2013-01-29,0.00029995500899797546,0.000699755114273342,0.0010993954433009636,0.0014988761237358919,0.002995508979798479,0.004290781417156275
2013-01-30,0.0003999200213269354,0.000699755114273342,0.0010993954433009636,0.0014988761237358919,0.0026963615477426086,0.004191204618468071
2013-01-31,0.0003999200213269354,0.000699755114273342,0.0011992805754820971,0.0014988761237358919,0.0026963615477426086,0.004191204618468071
2013-02-01,0.00019998000266626675,0.0005998200719676155,0.0010993954433009636,0.0014988761237358919,0.0026963615477426086,0.003992021269537453
2013-02-04,0.00029995500899797546,0.000699755114273342,0.0010993954433009636,0.0014988761237358919,0.002496880198587199,0.003792798238696237
2013-02-05,0.0005998200719676155,0.000699755114273342,0.0010993954433009636,0.0014988761237358919,0.0026963615477426086,0.0040916179032535645
2013-02-06,0.0005998200719676155,0.000699755114273342,0.0011992805754820971,0.0014988761237358919,0.0026963615477426086,0.003892414715343839
2013-02-07,0.00029995500899797546,0.000699755114273342,0.0010993954433009636,0.0014988761237358919,0.002496880198587199,0.003892414715343839
2013-02-08,0.00029995500899797546,0.000699755114273342,0.0010993954433009636,0.0013990209137073413,0.002496880198587199,0.003892414715343839
2013-02-11,0.000499875041651048,0.000899595242836093,0.0011992805754820971,0.0014988761237358919,0.0026963615477426086,0.003992021269537453
2013-02-12,0.0007996801705643322,0.000899595242836093,0.0011992805754820971,0.0013990209137073413,0.002895803112025565,0.0040916179032535645
2013-02-13,0.000899595242836093,0.0009995003330835331,0.0011992805754820971,0.0014988761237358919,0.002895803112025565,0.004390348301292895
2013-02-14,0.0009995003330835331,0.0010993954433009636,0.00129915573162005,0.0015987213636970278,0.0026963615477426086,0.004191204618468071
2013-02-15,0.000899595242836093,0.0009995003330835331,0.00129915573162005,0.0016985566355814776,0.002895803112025565,0.004191204618468071
2013-02-18,0.000899595242836093,0.0009995003330835331,0.00129915573162005,0.0016985566355814776,0.002895803112025565,0.004191204618468071
2013-02-19,0.000899595242836093,0.0011992805754820971,0.00129915573162005,0.0016985566355814776,0.002895803112025565,0.004390348301292895
2013-02-20,0.0011992805754820971,0.0011992805754820971,0.00129915573162005,0.0016985566355814776,0.0026963615477426086,0.004191204618468071
2013-02-21,0.0011992805754820971,0.00129915573162005,0.00129915573162005,0.0015987213636970278,0.002596625847265978,0.003992021269537453
2013-02-22,0.0010993954433009636,0.00129915573162005,0.0013990209137073413,0.0015987213636970278,0.0026963615477426086,0.003992021269537453
2013-02-25,0.000899595242836093,0.0011992805754820971,0.0013990209137073413,0.0015987213636970278,0.002496880198587199,0.0036931718376175702
2013-02-26,0.0010993954433009636,0.0013990209137073413,0.0013990209137073413,0.0016985566355814776,0.002496880198587199,0.0036931718376175702
2013-02-27,0.0010993954433009636,0.0010993954433009636,0.00129915573162005,0.0016985566355814776,0.0026963615477426086,0.0035935355101301704
2013-02-28,0.000699755114273342,0.0010993954433009636,0.00129915573162005,0.0016985566355814776,0.002496880198587199,0.0035935355101301704
2013-03-01,0.000699755114273342,0.0010993954433009636,0.0011992805754820971,0.0015987213636970278,0.002496880198587199,0.0034938892542557796
2013-03-04,0.000699755114273342,0.0010993954433009636,0.0011992805754820971,0.0015987213636970278,0.0023971245997214934,0.0034938892542557796
2013-03-05,0.000899595242836093,0.0007996801705643322,0.0011992805754820971,0.0014988761237358919,0.002496880198587199,0.0035935355101301704
2013-03-06,0.000899595242836093,0.0009995003330835331,0.0011992805754820971,0.0014988761237358919,0.002496880198587199,0.003792798238696237
2013-03-07,0.0009995003330835331,0.0009995003330835331,0.0010993954433009636,0.0014988761237358919,0.002496880198587199,0.003992021269537453
2013-03-08,0.000899595242836093,0.0009995003330835331,0.0010993954433009636,0.0014988761237358919,0.0026963615477426086,0.004191204618468071
2013-03-11,0.000899595242836093,0.0009995003330835331,0.0011992805754820971,0.0014988761237358919,0.0026963615477426086,0.004290781417156275
2013-03-12,0.0009995003330835331,0.0009995003330835331,0.0011992805754820971,0.0014988761237358919,0.0026963615477426086,0.0040916179032535645
2013-03-13,0.000899595242836093,0.000899595242836093,0.0011992805754820971,0.0014988761237358919,0.0026963615477426086,0.004191204618468071
2013-03-14,0.0007996801705643322,0.0009995003330835331,0.0011992805754820971,0.0014988761237358919,0.0026963615477426086,0.004191204618468071
2013-03-15,0.000699755114273342,0.000899595242836093,0.0010993954433009636,0.0013990209137073413,0.002496880198587199,0.003992021269537453
2013-03-18,0.000699755114273342,0.000699755114273342,0.0010993954433009636,0.0014988761237358919,0.002596625847265978,0.003792798238696237
2013-03-19,0.0007996801705643322,0.000699755114273342,0.0010993954433009636,0.0014988761237358919,0.0023971245997214934,0.0036931718376175702
2013-03-20,0.0007996801705643322,0.000699755114273342,0.0010993954433009636,0.0014988761237358919,0.002596625847265978,0.003792798238696237
2013-03-21,0.0007996801705643322,0.000699755114273342,0.0010993954433009636,0.0013990209137073413,0.0026963615477426086,0.003792798238696237
2013-03-22,0.000699755114273342,0.000699755114273342,0.0010993954433009636,0.0013990209137073413,0.002596625847265978,0.003892414715343839
2013-03-25,0.0005998200719676155,0.0007996801705643322,0.0010993954433009636,0.0013990209137073413,0.0023971245997214934,0.003792798238696237
2013-03-26,0.0007996801705643322,0.000699755114273342,0.0010993954433009636,0.0013990209137073413,0.002496880198587199,0.003792798238696237
2013-03-27,0.0005998200719676155,0.000899595242836093,0.0011992805754820971,0.0013990209137073413,0.002496880198587199,0.0035935355101301704
2013-03-28,0.0003999200213269354,0.000699755114273342,0.0010993954433009636,0.0013990209137073413,0.002496880198587199,0.0035935355101301704
2013-03-29,0.0003999200213269354,0.000699755114273342,0.0010993954433009636,0.0013990209137073413,0.002496880198587199,0.0035935355101301704
2013-04-01,0.0005998200719676155,0.0007996801705643322,0.0010993954433009636,0.0013990209137073413,0.0022973590486834897,0.0035935355101301704
2013-04-02,0.0005998200719676155,0.000699755114273342,0.0010993954433009636,0.0013990209137073413,0.002496880198587199,0.0035935355101301704
2013-04-03,0.0005998200719676155,0.0005998200719676155,0.0009995003330835331,0.00129915573162005,0.0023971245997214934,0.0033942330680155476
2013-04-04,0.000699755114273342,0.000699755114273342,0.0009995003330835331,0.00129915573162005,0.0021975835434872217,0.003294566949430031
2013-04-05,0.000499875041651048,0.000699755114273342,0.0009995003330835331,0.00129915573162005,0.0023971245997214934,0.003294566949430031
2013-04-08,0.000499875041651048,0.000699755114273342,0.0009995003330835331,0.00129915573162005,0.0023971245997214934,0.0033942330680155476
2013-04-09,0.0005998200719676155,0.0005998200719676155,0.0009995003330835331,0.00129915573162005,0.0023971245997214934,0.0033942330680155476
2013-04-10,0.000699755114273342,0.000699755114273342,0.0009995003330835331,0.0011992805754820971,0.0023971245997214934,0.0035935355101301704
2013-04-11,0.0005998200719676155,0.000699755114273342,0.0009995003330835331,0.0011992805754820971,0.0023971245997214934,0.0034938892542557796
2013-04-12,0.000499875041651048,0.0005998200719676155,0.000899595242836093,0.0010993954433009636,0.0021975835434872217,0.003294566949430031
2013-04-15,0.0003999200213269354,0.0005998200719676155,0.000899595242836093,0.0011992805754820971,0.0021975835434872217,0.003194890896519197
2013-04-16,0.0005998200719676155,0.0005998200719676155,0.000899595242836093,0.00129915573162005,0.0023971245997214934,0.003294566949430031
2013-04-17,0.000499875041651048,0.0005998200719676155,0.000899595242836093,0.00129915573162005,0.0023971245997214934,0.0034938892542557796
2013-04-18,0.00029995500899797546,0.000499875041651048,0.000899595242836093,0.0011992805754820971,0.0023971245997214934,0.0034938892542557796
2013-04-19,0.0003999200213269354,0.000499875041651048,0.000899595242836093,0.0011992805754820971,0.0023971245997214934,0.0034938892542557796
2013-04-22,0.0003999200213269354,0.000499875041651048,0.000899595242836093,0.0011992805754820971,0.0023971245997214934,0.0034938892542557796
2013-04-23,0.0003999200213269354,0.000499875041651048,0.000899595242836093,0.0011992805754820971,0.0022973590486834897,0.0034938892542557796
2013-04-24,0.000499875041651048,0.0005998200719676155,0.000899595242836093,0.00129915573162005,0.0022973590486834897,0.0033942330680155476
2013-04-25,0.0003999200213269354,0.000499875041651048,0.0007996801705643322,0.0011992805754820971,0.0022973590486834897,0.0034938892542557796
2013-04-26,0.0003999200213269354,0.000499875041651048,0.000899595242836093,0.0011992805754820971,0.0021975835434872217,0.003194890896519197
2013-04-29,0.00029995500899797546,0.000499875041651048,0.0007996801705643322,0.0011992805754820971,0.001998002662673056,0.003194890896519197
2013-04-30,0.00029995500899797546,0.000499875041651048,0.000899595242836093,0.0010993954433009636,0.0021975835434872217,0.003194890896519197
2013-05-01,0.00029995500899797546,0.0005998200719676155,0.0007996801705643322,0.0010993954433009636,0.001998002662673056,0.002995508979798479
2013-05-02,0.00019998000266626675,0.000499875041651048,0.0007996801705643322,0.0010993954433009636,0.001998002662673056,0.002995508979798479
2013-05-03,0.00019998000266626675,0.000499875041651048,0.0007996801705643322,0.0010993954433009636,0.0021975835434872217,0.0033942330680155476
2013-05-06,9.999500033330834e-05,0.0003999200213269354,0.0007996801705643322,0.0010993954433009636,0.0021975835434872217,0.0033942330680155476
2013-05-07,9.999500033330834e-05,0.0003999200213269354,0.0007996801705643322,0.0009995003330835331,0.0021975835434872217,0.0034938892542557796
2013-05-08,9.999500033330834e-05,0.0003999200213269354,0.0007996801705643322,0.0010993954433009636,0.0021975835434872217,0.0034938892542557796
2013-05-09,0.00019998000266626675,0.0003999200213269354,0.0007996801705643322,0.0010993954433009636,0.0021975835434872217,0.0034938892542557796
2013-05-10,0.00019998000266626675,0.0003999200213269354,0.0007996801705643322,0.0010993954433009636,0.002596625847265978,0.003792798238696237
2013-05-13,0.00019998000266626675,0.000499875041651048,0.0007996801705643322,0.00129915573162005,0.0023971245997214934,0.003992021269537453
2013-05-14,9.999500033330834e-05,0.000499875041651048,0.000899595242836093,0.0011992805754820971,0.002596625847265978,0.0040916179032535645
2013-05-15,9.999500033330834e-05,0.0003999200213269354,0.000899595242836093,0.0011992805754820971,0.002596625847265978,0.003992021269537453
2013-05-16,0.0,0.00029995500899797546,0.0007996801705643322,0.0011992805754820971,0.0022973590486834897,0.0036931718376175702
2013-05-17,9.999500033330834e-05,0.0003999200213269354,0.0007996801705643322,0.0011992805754820971,0.002596625847265978,0.003992021269537453
2013-05-20,9.999500033330834e-05,0.000499875041651048,0.000899595242836093,0.0011992805754820971,0.002596625847265978,0.003992021269537453
2013-05-21,0.0003999200213269354,0.0003999200213269354,0.000899595242836093,0.0011992805754820971,0.002596625847265978,0.003892414715343839
2013-05-22,0.0003999200213269354,0.0003999200213269354,0.0007996801705643322,0.0010993954433009636,0.002596625847265978,0.0040916179032535645
2013-05-23,0.00029995500899797546,0.000499875041651048,0.0007996801705643322,0.0011992805754820971,0.002596625847265978,0.004191204618468071
2013-05-24,0.00029995500899797546,0.0003999200213269354,0.000699755114273342,0.0011992805754820971,0.002596625847265978,0.0040916179032535645
2013-05-27,0.00029995500899797546,0.0003999200213269354,0.000699755114273342,0.0011992805754820971,0.002596625847265978,0.0040916179032535645
2013-05-28,0.00019998000266626675,0.000499875041651048,0.000899595242836093,0.00129915573162005,0.002895803112025565,0.004888034072775962
2013-05-29,0.0003999200213269354,0.000499875041651048,0.0007996801705643322,0.0013990209137073413,0.002995508979798479,0.004888034072775962
2013-05-30,0.00019998000266626675,0.0003999200213269354,0.000699755114273342,0.00129915573162005,0.003095204907302419,0.004888034072775962
2013-05-31,0.00029995500899797546,0.0003999200213269354,0.000699755114273342,0.0013990209137073413,0.002995508979798479,0.005186526687300061
2013-06-03,0.00029995500899797546,0.000499875041651048,0.0007996801705643322,0.0013990209137073413,0.002995508979798479,0.004987541511039074
2013-06-04,0.000499875041651048,0.0003999200213269354,0.0007996801705643322,0.0013990209137073413,0.003194890896519197,0.004788516731797177
2013-06-05,0.0003999200213269354,0.000499875041651048,0.0007996801705643322,0.0013990209137073413,0.002995508979798479,0.004788516731797177
2013-06-06,0.0003999200213269354,0.000499875041651048,0.0007996801705643322,0.0013990209137073413,0.002995508979798479,0.004788516731797177
2013-06-07,0.0003999200213269354,0.0003999200213269354,0.000699755114273342,0.0013990209137073413,0.003194890896519197,0.005186526687300061
2013-06-10,0.0003999200213269354,0.000499875041651048,0.0007996801705643322,0.0013990209137073413,0.003194890896519197,0.005484930230569686
2013-06-11,0.000499875041651048,0.000499875041651048,0.0007996801705643322,0.0013990209137073413,0.0033942330680155476,0.00568381646829767
2013-06-12,0.0003999200213269354,0.000499875041651048,0.0007996801705643322,0.0013990209137073413,0.0033942330680155476,0.00568381646829767
2013-06-13,0.0003999200213269354,0.000499875041651048,0.0007996801705643322,0.0013990209137073413,0.003194890896519197,0.005484930230569686
2013-06-14,0.0003999200213269354,0.000499875041651048,0.0007996801705643322,0.00129915573162005,0.002895803112025565,0.004888034072775962
2013-06-17,0.000499875041651048,0.000499875041651048,0.0007996801705643322,0.00129915573162005,0.0026963615477426086,0.004888034072775962
2013-06-18,0.0003999200213269354,0.000499875041651048,0.0007996801705643322,0.00129915573162005,0.0026963615477426086,0.004788516731797177
2013-06-19,0.0003999200213269354,0.000499875041651048,0.0007996801705643322,0.00129915573162005,0.003095204907302419,0.005783244755727333
2013-06-20,0.00029995500899797546,0.000499875041651048,0.000899595242836093,0.0013990209137073413,0.003294566949430031,0.006180859075081115
2013-06-21,0.00019998000266626675,0.000499875041651048,0.000899595242836093,0.00129915573162005,0.003792798238696237,0.006975613736425241
2013-06-24,9.999500033330834e-05,0.0005998200719676155,0.0010993954433009636,0.0015987213636970278,0.004191204618468071,0.007273483966498386
2013-06-25,0.00029995500899797546,0.0005998200719676155,0.0010993954433009636,0.0016985566355814776,0.004290781417156275,0.007372754329413085
2013-06-26,0.00019998000266626675,0.0005998200719676155,0.0010993954433009636,0.0015987213636970278,0.003892414715343839,0.006876303939432157
2013-06-27,0.00019998000266626675,0.0005998200719676155,0.0010993954433009636,0.0014988761237358919,0.0035935355101301704,0.006578315360122567
2013-06-28,0.00019998000266626675,0.0003999200213269354,0.0009995003330835331,0.0014988761237358919,0.0035935355101301704,0.006578315360122567
2013-07-01,9.999500033330834e-05,0.0003999200213269354,0.000899595242836093,0.0014988761237358919,0.0033942330680155476,0.006478966097709123
2013-07-02,0.00019998000266626675,0.00029995500899797546,0.0007996801705643322,0.0013990209137073413,0.0033942330680155476,0.006379606964039027
2013-07-03,0.00029995500899797546,0.000499875041651048,0.0007996801705643322,0.0013990209137073413,0.0035935355101301704,0.006677654753240569
2013-07-04,0.00029995500899797546,0.000499875041651048,0.0007996801705643322,0.0013990209137073413,0.0035935355101301704,0.006677654753240569
2013-07-05,0.00029995500899797546,0.0003999200213269354,0.0007996801705643322,0.0014988761237358919,0.003992021269537453,0.007670506304219701
2013-07-08,0.00019998000266626675,0.000499875041651048,0.000699755114273342,0.0013990209137073413,0.0036931718376175702,0.007074913671961879
2013-07-09,0.0003999200213269354,0.0003999200213269354,0.0007996801705643322,0.0013990209137073413,0.0036931718376175702,0.007074913671961879
2013-07-10,0.00029995500899797546,0.0003999200213269354,0.0007996801705643322,0.00129915573162005,0.003792798238696237,0.007273483966498386
2013-07-11,0.00019998000266626675,0.0003999200213269354,0.000699755114273342,0.00129915573162005,0.0033942330680155476,0.006478966097709123
2013-07-12,0.00019998000266626675,0.0003999200213269354,0.000699755114273342,0.0011992805754820971,0.0036931718376175702,0.006578315360122567
2013-07-15,0.00019998000266626675,0.0003999200213269354,0.000699755114273342,0.0010993954433009636,0.0033942330680155476,0.006578315360122567
2013-07-16,0.00019998000266626675,0.00029995500899797546,0.000699755114273342,0.0009995003330835331,0.0033942330680155476,0.006379606964039027
2013-07-17,0.00019998000266626675,0.00029995500899797546,0.0007996801705643322,0.0010993954433009636,0.003194890896519197,0.005982071677547464
2013-07-18,9.999500033330834e-05,0.00029995500899797546,0.000699755114273342,0.0010993954433009636,0.003194890896519197,0.006081470315867959
2013-07-19,9.999500033330834e-05,0.00029995500899797546,0.000699755114273342,0.0010993954433009636,0.003194890896519197,0.005882663158155495
2013-07-22,9.999500033330834e-05,0.0003999200213269354,0.000699755114273342,0.0009995003330835331,0.003194890896519197,0.005882663158155495
2013-07-23,0.00019998000266626675,0.00019998000266626675,0.000699755114273342,0.0011992805754820971,0.003294566949430031,0.005982071677547464
2013-07-24,0.00019998000266626675,0.00029995500899797546,0.000699755114273342,0.0011992805754820971,0.0033942330680155476,0.006379606964039027
2013-07-25,0.00019998000266626675,0.00019998000266626675,0.0005998200719676155,0.0011992805754820971,0.003194890896519197,0.006180859075081115
2013-07-26,0.00019998000266626675,0.00029995500899797546,0.000699755114273342,0.0010993954433009636,0.003095204907302419,0.005882663158155495
2013-07-29,9.999500033330834e-05,0.00029995500899797546,0.000699755114273342,0.0010993954433009636,0.003294566949430031,0.006081470315867959
2013-07-30,0.00029995500899797546,0.0003999200213269354,0.000699755114273342,0.0010993954433009636,0.003294566949430031,0.006180859075081115
2013-07-31,0.00029995500899797546,0.0003999200213269354,0.0007996801705643322,0.0010993954433009636,0.003095204907302419,0.006081470315867959
2013-08-01,0.00019998000266626675,0.0003999200213269354,0.0007996801705643322,0.00129915573162005,0.0034938892542557796,0.006478966097709123
2013-08-02,0.00019998000266626675,0.0003999200213269354,0.000699755114273342,0.0010993954433009636,0.002995508979798479,0.005882663158155495
2013-08-05,0.00029995500899797546,0.000499875041651048,0.0007996801705643322,0.0011992805754820971,0.003194890896519197,0.006081470315867959
2013-08-06,0.000499875041651048,0.0003999200213269354,0.0007996801705643322,0.0011992805754820971,0.003194890896519197,0.006180859075081115
2013-08-07,0.000499875041651048,0.000499875041651048,0.0007996801705643322,0.0011992805754820971,0.003194890896519197,0.006081470315867959
2013-08-08,0.000499875041651048,0.000499875041651048,0.000699755114273342,0.0011992805754820971,0.002995508979798479,0.006081470315867959
2013-08-09,0.000499875041651048,0.000499875041651048,0.000699755114273342,0.0010993954433009636,0.003194890896519197,0.006081470315867959
2013-08-12,0.000499875041651048,0.0005998200719676155,0.0007996801705643322,0.0011992805754820971,0.003194890896519197,0.006180859075081115
2013-08-13,0.0005998200719676155,0.0005998200719676155,0.0007996801705643322,0.0011992805754820971,0.0033942330680155476,0.006776984279023752
2013-08-14,0.0005998200719676155,0.000499875041651048,0.000699755114273342,0.0011992805754820971,0.0033942330680155476,0.006677654753240569
2013-08-15,0.000499875041651048,0.000499875041651048,0.0007996801705643322,0.00129915573162005,0.0035935355101301704,0.006975613736425241
2013-08-16,0.000499875041651048,0.000499875041651048,0.0007996801705643322,0.00129915573162005,0.0035935355101301704,0.007273483966498386
2013-08-19,0.00029995500899797546,0.0005998200719676155,0.0007996801705643322,0.00129915573162005,0.0035935355101301704,0.007571265496318075
2013-08-20,0.00029995500899797546,0.0003999200213269354,0.000699755114273342,0.00129915573162005,0.0035935355101301704,0.007273483966498386
2013-08-21,0.00019998000266626675,0.0003999200213269354,0.000699755114273342,0.0013990209137073413,0.003792798238696237,0.007571265496318075
2013-08-22,9.999500033330834e-05,0.00029995500899797546,0.0005998200719676155,0.0013990209137073413,0.004191204618468071,0.008166562666393415
2013-08-23,0.00019998000266626675,0.00029995500899797546,0.0005998200719676155,0.0013990209137073413,0.003992021269537453,0.007968169649176874
2013-08-26,0.00029995500899797546,0.0003999200213269354,0.000699755114273342,0.00129915573162005,0.0040916179032535645,0.00786895837869518
2013-08-27,0.0003999200213269354,0.000499875041651048,0.000699755114273342,0.0011992805754820971,0.003792798238696237,0.007670506304219701
2013-08-28,0.0003999200213269354,0.00029995500899797546,0.000699755114273342,0.0013990209137073413,0.003992021269537453,0.00786895837869518
2013-08-29,0.00029995500899797546,0.00019998000266626675,0.0005998200719676155,0.0013990209137073413,0.003892414715343839,0.00786895837869518
2013-08-30,0.00019998000266626675,0.00029995500899797546,0.000499875041651048,0.00129915573162005,0.003892414715343839,0.00786895837869518
2013-09-02,0.00019998000266626675,0.00029995500899797546,0.000499875041651048,0.00129915573162005,0.003892414715343839,0.00786895837869518
2013-09-03,0.00029995500899797546,0.00019998000266626675,0.000499875041651048,0.0013990209137073413,0.004290781417156275,0.008265744417032617
2013-09-04,0.00019998000266626675,0.00019998000266626675,0.000499875041651048,0.0013990209137073413,0.0045894523338072864,0.008860628432196557
2013-09-05,0.00029995500899797546,0.00019998000266626675,0.0005998200719676155,0.0015987213636970278,0.005186526687300061,0.009653257028138304
2013-09-06,0.00019998000266626675,0.00019998000266626675,0.000499875041651048,0.0013990209137073413,0.0045894523338072864,0.009058844488346039
2013-09-09,0.00019998000266626675,0.00019998000266626675,0.0003999200213269354,0.0011992805754820971,0.004489905272852053,0.008662373078652657
2013-09-10,9.999500033330834e-05,0.00019998000266626675,0.0003999200213269354,0.00129915573162005,0.004987541511039074,0.009157937784765629
2013-09-11,9.999500033330834e-05,0.00019998000266626675,0.000499875041651048,0.0011992805754820971,0.0046889894861315414,0.00876150566857275
2013-09-12,9.999500033330834e-05,9.999500033330834e-05,0.00019998000266626675,0.00129915573162005,0.004489905272852053,0.008662373078652657
2013-09-13,9.999500033330834e-05,9.999500033330834e-05,0.00019998000266626675,0.00129915573162005,0.004489905272852053,0.008662373078652657
2013-09-16,9.999500033330834e-05,0.00019998000266626675,0.0003999200213269354,0.00129915573162005,0.0040916179032535645,0.007968169649176874
2013-09-17,9.999500033330834e-05,9.999500033330834e-05,0.0003999200213269354,0.0011992805754820971,0.003892414715343839,0.007769737264360665
2013-09-18,9.999500033330834e-05,9.999500033330834e-05,0.0003999200213269354,0.0010993954433009636,0.0033942330680155476,0.006677654753240569
2013-09-19,0.0,9.999500033330834e-05,0.00029995500899797546,0.0009995003330835331,0.0033942330680155476,0.006876303939432157
2013-09-20,9.999500033330834e-05,9.999500033330834e-05,0.000499875041651048,0.0010993954433009636,0.0033942330680155476,0.006876303939432157
2013-09-23,9.999500033330834e-05,0.00019998000266626675,0.000499875041651048,0.0009995003330835331,0.0034938892542557796,0.006776984279023752
2013-09-24,0.00019998000266626675,0.00019998000266626675,0.000499875041651048,0.0009995003330835331,0.0034938892542557796,0.006677654753240569
2013-09-25,0.00019998000266626675,0.00019998000266626675,0.000499875041651048,0.0009995003330835331,0.0035935355101301704,0.006578315360122567
2013-09-26,0.0003999200213269354,0.0,0.00029995500899797546,0.000899595242836093,0.0033942330680155476,0.006677654753240569
2013-09-27,0.00029995500899797546,0.00019998000266626675,0.00029995500899797546,0.0009995003330835331,0.0033942330680155476,0.006379606964039027
2013-09-30,0.00029995500899797546,0.00019998000266626675,0.0003999200213269354,0.0009995003330835331,0.003294566949430031,0.006280237957150483
2013-10-01,0.0009995003330835331,0.00019998000266626675,0.0003999200213269354,0.0009995003330835331,0.003294566949430031,0.006578315360122567
2013-10-02,0.0007996801705643322,0.00019998000266626675,0.000499875041651048,0.0010993954433009636,0.003095204907302419,0.006180859075081115
2013-10-03,0.0011992805754820971,0.00029995500899797546,0.000499875041651048,0.0010993954433009636,0.003294566949430031,0.006081470315867959
2013-10-04,0.0010993954433009636,0.00029995500899797546,0.0003999200213269354,0.0010993954433009636,0.003294566949430031,0.006578315360122567
2013-10-07,0.00129915573162005,0.00029995500899797546,0.0005998200719676155,0.0011992805754820971,0.0036931718376175702,0.006578315360122567
2013-10-08,0.0026963615477426086,0.000499875041651048,0.000899595242836093,0.0014988761237358919,0.003992021269537453,0.006975613736425241
2013-10-09,0.002596625847265978,0.000499875041651048,0.0007996801705643322,0.0014988761237358919,0.0036931718376175702,0.006776984279023752
2013-10-10,0.002496880198587199,0.000499875041651048,0.000699755114273342,0.0013990209137073413,0.0034938892542557796,0.006776984279023752
2013-10-11,0.002496880198587199,0.0007996801705643322,0.000699755114273342,0.0013990209137073413,0.0034938892542557796,0.006578315360122567
2013-10-14,0.002496880198587199,0.0007996801705643322,0.000699755114273342,0.0013990209137073413,0.0034938892542557796,0.006578315360122567
2013-10-15,0.003194890896519197,0.0013990209137073413,0.0015987213636970278,0.0015987213636970278,0.0036931718376175702,0.006776984279023752
2013-10-16,0.0013990209137073413,0.0009995003330835331,0.0010993954433009636,0.0014988761237358919,0.0033942330680155476,0.006379606964039027
2013-10-17,9.999500033330834e-05,0.000499875041651048,0.0007996801705643322,0.00129915573162005,0.003294566949430031,0.006081470315867959
2013-10-18,9.999500033330834e-05,0.0003999200213269354,0.0007996801705643322,0.0011992805754820971,0.003294566949430031,0.006180859075081115
2013-10-21,0.00019998000266626675,0.0003999200213269354,0.000699755114273342,0.0010993954433009636,0.003294566949430031,0.006280237957150483
2013-10-22,0.0003999200213269354,0.0003999200213269354,0.000699755114273342,0.0009995003330835331,0.003095204907302419,0.005882663158155495
2013-10-23,0.00019998000266626675,0.0003999200213269354,0.000699755114273342,0.0010993954433009636,0.003095204907302419,0.005982071677547464
2013-10-24,0.00019998000266626675,0.00029995500899797546,0.000699755114273342,0.0011992805754820971,0.003294566949430031,0.005882663158155495
2013-10-25,0.00019998000266626675,0.0003999200213269354,0.0007996801705643322,0.0010993954433009636,0.003194890896519197,0.005882663158155495
2013-10-28,0.00019998000266626675,0.0003999200213269354,0.0007996801705643322,0.0010993954433009636,0.003194890896519197,0.005882663158155495
2013-10-29,0.0005998200719676155,0.0003999200213269354,0.0007996801705643322,0.0010993954433009636,0.003095204907302419,0.005882663158155495
2013-10-30,0.000499875041651048,0.0003999200213269354,0.000899595242836093,0.0010993954433009636,0.003294566949430031,0.005783244755727333
2013-10-31,0.00029995500899797546,0.0003999200213269354,0.0007996801705643322,0.0009995003330835331,0.003095204907302419,0.00568381646829767
2013-11-01,0.00029995500899797546,0.0003999200213269354,0.0007996801705643322,0.0009995003330835331,0.003294566949430031,0.006081470315867959
2013-11-04,0.00019998000266626675,0.000499875041651048,0.000899595242836093,0.000899595242836093,0.003194890896519197,0.005982071677547464
2013-11-05,0.0005998200719676155,0.000499875041651048,0.0007996801705643322,0.0009995003330835331,0.003194890896519197,0.005982071677547464
2013-11-06,0.000499875041651048,0.000499875041651048,0.000899595242836093,0.0010993954433009636,0.002995508979798479,0.005783244755727333
2013-11-07,0.0003999200213269354,0.000499875041651048,0.000899595242836093,0.0010993954433009636,0.002895803112025565,0.005484930230569686
2013-11-08,0.0003999200213269354,0.0005998200719676155,0.000899595242836093,0.0011992805754820971,0.003194890896519197,0.006180859075081115
2013-11-11,0.0003999200213269354,0.0005998200719676155,0.000899595242836093,0.0011992805754820971,0.003194890896519197,0.006180859075081115
2013-11-12,0.000499875041651048,0.0007996801705643322,0.0009995003330835331,0.00129915573162005,0.0033942330680155476,0.006478966097709123
2013-11-13,0.0005998200719676155,0.0007996801705643322,0.0009995003330835331,0.00129915573162005,0.003194890896519197,0.006081470315867959
2013-11-14,0.0005998200719676155,0.0007996801705643322,0.0009995003330835331,0.00129915573162005,0.002895803112025565,0.005584378293900616
2013-11-15,0.0005998200719676155,0.0007996801705643322,0.0009995003330835331,0.00129915573162005,0.003095204907302419,0.005783244755727333
2013-11-18,0.000499875041651048,0.000899595242836093,0.0009995003330835331,0.00129915573162005,0.003095204907302419,0.005584378293900616
2013-11-19,0.000499875041651048,0.0007996801705643322,0.0009995003330835331,0.0013990209137073413,0.002895803112025565,0.005783244755727333
2013-11-20,0.0005998200719676155,0.0007996801705643322,0.0010993954433009636,0.0011992805754820971,0.0027960873020012743,0.00568381646829767
2013-11-21,0.00019998000266626675,0.000699755114273342,0.0009995003330835331,0.0011992805754820971,0.002895803112025565,0.005484930230569686
2013-11-22,0.00019998000266626675,0.000699755114273342,0.0009995003330835331,0.0011992805754820971,0.003095204907302419,0.00568381646829767
2013-11-25,0.0003999200213269354,0.0007996801705643322,0.0010993954433009636,0.0013990209137073413,0.002995508979798479,0.00568381646829767
2013-11-26,0.000699755114273342,0.000699755114273342,0.0010993954433009636,0.00129915573162005,0.002895803112025565,0.005484930230569686
2013-11-27,0.0005998200719676155,0.000699755114273342,0.0010993954433009636,0.00129915573162005,0.0027960873020012743,0.005484930230569686
2013-11-28,0.0005998200719676155,0.000699755114273342,0.0010993954433009636,0.00129915573162005,0.0027960873020012743,0.005484930230569686
2013-11-29,0.000499875041651048,0.0005998200719676155,0.0010993954433009636,0.00129915573162005,0.0027960873020012743,0.005584378293900616
2013-12-02,0.00019998000266626675,0.000499875041651048,0.0009995003330835331,0.00129915573162005,0.002995508979798479,0.005882663158155495
2013-12-03,0.0003999200213269354,0.0005998200719676155,0.0009995003330835331,0.00129915573162005,0.0027960873020012743,0.005783244755727333
2013-12-04,0.0003999200213269354,0.0005998200719676155,0.0009995003330835331,0.0013990209137073413,0.002995508979798479,0.005982071677547464
2013-12-05,0.00019998000266626675,0.0005998200719676155,0.0009995003330835331,0.00129915573162005,0.002995508979798479,0.006081470315867959
2013-12-06,0.00029995500899797546,0.0005998200719676155,0.0009995003330835331,0.00129915573162005,0.002995508979798479,0.006379606964039027
2013-12-09,0.0003999200213269354,0.000699755114273342,0.0009995003330835331,0.00129915573162005,0.002995508979798479,0.006379606964039027
2013-12-10,0.00029995500899797546,0.000699755114273342,0.0009995003330835331,0.0013990209137073413,0.002995508979798479,0.006180859075081115
2013-12-11,0.00019998000266626675,0.000699755114273342,0.0009995003330835331,0.00129915573162005,0.003095204907302419,0.006280237957150483
2013-12-12,9.999500033330834e-05,0.000699755114273342,0.000899595242836093,0.0013990209137073413,0.0033942330680155476,0.006677654753240569
2013-12-13,0.00019998000266626675,0.000699755114273342,0.000899595242836093,0.0013990209137073413,0.0033942330680155476,0.006776984279023752
2013-12-16,0.00019998000266626675,0.000699755114273342,0.000899595242836093,0.00129915573162005,0.0033942330680155476,0.006776984279023752
2013-12-17,0.00019998000266626675,0.000699755114273342,0.000899595242836093,0.0013990209137073413,0.0033942330680155476,0.006478966097709123
2013-12-18,9.999500033330834e-05,0.000699755114273342,0.0009995003330835331,0.00129915573162005,0.003194890896519197,0.006379606964039027
2013-12-19,9.999500033330834e-05,0.0005998200719676155,0.000899595242836093,0.00129915573162005,0.0034938892542557796,0.006975613736425241
2013-12-20,0.00019998000266626675,0.000699755114273342,0.000899595242836093,0.00129915573162005,0.0036931718376175702,0.007372754329413085
2013-12-23,9.999500033330834e-05,0.000699755114273342,0.000899595242836093,0.0013990209137073413,0.003792798238696237,0.007670506304219701
2013-12-24,9.999500033330834e-05,0.000699755114273342,0.000899595242836093,0.0013990209137073413,0.003792798238696237,0.007968169649176874
2013-12-25,9.999500033330834e-05,0.000699755114273342,0.000899595242836093,0.0013990209137073413,0.003792798238696237,0.007968169649176874
2013-12-26,0.0,0.000699755114273342,0.000899595242836093,0.00129915573162005,0.004191204618468071,0.008067371077758798
2013-12-27,9.999500033330834e-05,0.000699755114273342,0.000899595242836093,0.0011992805754820971,0.003992021269537453,0.00786895837869518
2013-12-30,9.999500033330834e-05,0.000699755114273342,0.0009995003330835331,0.00129915573162005,0.003892414715343839,0.007670506304219701
2013-12-31,9.999500033330834e-05,0.000699755114273342,0.0009995003330835331,0.00129915573162005,0.003792798238696237,0.007769737264360665
2014-01-01,9.999500033330834e-05,0.000699755114273342,0.0009995003330835331,0.00129915573162005,0.003792798238696237,0.007769737264360665
2014-01-02,9.999500033330834e-05,0.000699755114273342,0.000899595242836093,0.00129915573162005,0.003892414715343839,0.007571265496318075
2014-01-03,0.00019998000266626675,0.000699755114273342,0.0009995003330835331,0.00129915573162005,0.0040916179032535645,0.007968169649176874
2014-01-06,9.999500033330834e-05,0.000499875041651048,0.0007996801705643322,0.0011992805754820971,0.003992021269537453,0.007769737264360665
2014-01-07,9.999500033330834e-05,0.0003999200213269354,0.0007996801705643322,0.00129915573162005,0.003992021269537453,0.007968169649176874
2014-01-08,0.0,0.000499875041651048,0.0007996801705643322,0.00129915573162005,0.004290781417156275,0.008662373078652657
2014-01-09,9.999500033330834e-05,0.0003999200213269354,0.0005998200719676155,0.00129915573162005,0.004390348301292895,0.008563230660487873
2014-01-10,9.999500033330834e-05,0.000499875041651048,0.0005998200719676155,0.0011992805754820971,0.003892414715343839,0.007670506304219701
2014-01-13,0.0,0.00029995500899797546,0.0005998200719676155,0.0010993954433009636,0.003892414715343839,0.007372754329413085
2014-01-14,0.0,0.0003999200213269354,0.0005998200719676155,0.0010993954433009636,0.003892414715343839,0.007769737264360665
2014-01-15,9.999500033330834e-05,0.0003999200213269354,0.0005998200719676155,0.00129915573162005,0.0040916179032535645,0.008067371077758798
2014-01-16,9.999500033330834e-05,0.0003999200213269354,0.000699755114273342,0.0010993954433009636,0.0040916179032535645,0.007968169649176874
2014-01-17,9.999500033330834e-05,0.000499875041651048,0.000699755114273342,0.0010993954433009636,0.003992021269537453,0.00786895837869518
2014-01-20,9.999500033330834e-05,0.000499875041651048,0.000699755114273342,0.0010993954433009636,0.003992021269537453,0.00786895837869518
2014-01-21,9.999500033330834e-05,0.0003999200213269354,0.000699755114273342,0.0011992805754820971,0.003992021269537453,0.008067371077758798
2014-01-22,0.0,0.0003999200213269354,0.000699755114273342,0.0010993954433009636,0.004390348301292895,0.008464078412129412
2014-01-23,9.999500033330834e-05,0.0003999200213269354,0.000499875041651048,0.0010993954433009636,0.003892414715343839,0.007670506304219701
2014-01-24,0.0003999200213269354,0.0003999200213269354,0.0005998200719676155,0.0010993954433009636,0.0036931718376175702,0.007472014838700995
2014-01-27,0.0003999200213269354,0.000499875041651048,0.000699755114273342,0.0010993954433009636,0.0036931718376175702,0.007571265496318075
2014-01-28,0.000499875041651048,0.000499875041651048,0.000699755114273342,0.0010993954433009636,0.003792798238696237,0.007472014838700995
2014-01-29,0.0003999200213269354,0.0003999200213269354,0.000699755114273342,0.0010993954433009636,0.0035935355101301704,0.007074913671961879
2014-01-30,0.0003999200213269354,0.00019998000266626675,0.0005998200719676155,0.0009995003330835331,0.0035935355101301704,0.007174203748000358
2014-01-31,0.00029995500899797546,0.00019998000266626675,0.0005998200719676155,0.0009995003330835331,0.0033942330680155476,0.006876303939432157
2014-02-03,0.0003999200213269354,0.000499875041651048,0.000699755114273342,0.0010993954433009636,0.002995508979798479,0.006379606964039027
2014-02-04,0.0011992805754820971,0.0005998200719676155,0.000699755114273342,0.0011992805754820971,0.003095204907302419,0.006478966097709123
2014-02-05,0.00129915573162005,0.000699755114273342,0.000699755114273342,0.0011992805754820971,0.003194890896519197,0.006578315360122567
2014-02-06,0.000699755114273342,0.000699755114273342,0.0007996801705643322,0.00129915573162005,0.003294566949430031,0.006876303939432157
2014-02-07,0.0009995003330835331,0.0007996801705643322,0.000899595242836093,0.0011992805754820971,0.002995508979798479,0.006578315360122567
2014-02-10,0.000699755114273342,0.000699755114273342,0.0009995003330835331,0.0011992805754820971,0.003194890896519197,0.006578315360122567
2014-02-11,0.000499875041651048,0.000499875041651048,0.0009995003330835331,0.0011992805754820971,0.0034938892542557796,0.007074913671961879
2014-02-12,9.999500033330834e-05,0.000499875041651048,0.000899595242836093,0.0011992805754820971,0.0034938892542557796,0.007372754329413085
2014-02-13,9.999500033330834e-05,0.00029995500899797546,0.0007996801705643322,0.0011992805754820971,0.003194890896519197,0.006975613736425241
2014-02-14,9.999500033330834e-05,0.00019998000266626675,0.000699755114273342,0.0010993954433009636,0.003194890896519197,0.007074913671961879
2014-02-17,9.999500033330834e-05,0.00019998000266626675,0.000699755114273342,0.0010993954433009636,0.003194890896519197,0.007074913671961879
2014-02-18,0.00019998000266626675,0.000499875041651048,0.0007996801705643322,0.0011992805754820971,0.003095204907302419,0.006677654753240569
2014-02-19,0.0003999200213269354,0.0005998200719676155,0.000899595242836093,0.0010993954433009636,0.003294566949430031,0.006876303939432157
2014-02-20,0.00019998000266626675,0.000499875041651048,0.0007996801705643322,0.0011992805754820971,0.0033942330680155476,0.007174203748000358
2014-02-21,0.00019998000266626675,0.000499875041651048,0.0007996801705643322,0.0011992805754820971,0.003294566949430031,0.007074913671961879
2014-02-24,0.00019998000266626675,0.000499875041651048,0.0007996801705643322,0.0010993954433009636,0.0034938892542557796,0.007174203748000358
2014-02-25,0.0003999200213269354,0.000499875041651048,0.0007996801705643322,0.0010993954433009636,0.0033942330680155476,0.006975613736425241
2014-02-26,0.0003999200213269354,0.000499875041651048,0.0007996801705643322,0.0010993954433009636,0.003294566949430031,0.006776984279023752
2014-02-27,0.0003999200213269354,0.0003999200213269354,0.000699755114273342,0.0010993954433009636,0.003294566949430031,0.006776984279023752
2014-02-28,0.0003999200213269354,0.000499875041651048,0.0007996801705643322,0.0011992805754820971,0.003294566949430031,0.006876303939432157
2014-03-03,0.0003999200213269354,0.000499875041651048,0.0007996801705643322,0.0011992805754820971,0.003194890896519197,0.006578315360122567
2014-03-04,0.0005998200719676155,0.000499875041651048,0.0007996801705643322,0.0011992805754820971,0.003294566949430031,0.007074913671961879
2014-03-05,0.0005998200719676155,0.0005998200719676155,0.000899595242836093,0.00129915573162005,0.003294566949430031,0.007074913671961879
2014-03-06,0.0005998200719676155,0.000499875041651048,0.0007996801705643322,0.0011992805754820971,0.0036931718376175702,0.007273483966498386
2014-03-07,0.0005998200719676155,0.0005998200719676155,0.000899595242836093,0.00129915573162005,0.003792798238696237,0.00786895837869518
2014-03-10,0.000499875041651048,0.000499875041651048,0.0007996801705643322,0.0011992805754820971,0.0036931718376175702,0.00786895837869518
2014-03-11,0.0005998200719676155,0.000499875041651048,0.0007996801705643322,0.00129915573162005,0.0036931718376175702,0.00786895837869518
2014-03-12,0.000499875041651048,0.000499875041651048,0.0007996801705643322,0.0011992805754820971,0.0036931718376175702,0.007769737264360665
2014-03-13,0.0005998200719676155,0.000499875041651048,0.0007996801705643322,0.0011992805754820971,0.0033942330680155476,0.007372754329413085
2014-03-14,0.000499875041651048,0.000499875041651048,0.0007996801705643322,0.0011992805754820971,0.0035935355101301704,0.007372754329413085
2014-03-17,0.000499875041651048,0.0005998200719676155,0.0007996801705643322,0.00129915573162005,0.003792798238696237,0.007670506304219701
2014-03-18,0.000699755114273342,0.000499875041651048,0.000699755114273342,0.00129915573162005,0.0035935355101301704,0.007472014838700995
2014-03-19,0.000699755114273342,0.0005998200719676155,0.000899595242836093,0.0014988761237358919,0.0046889894861315414,0.009058844488346039
2014-03-20,0.0005998200719676155,0.0005998200719676155,0.000899595242836093,0.0013990209137073413,0.004489905272852053,0.008959741371471906
2014-03-21,0.000499875041651048,0.0005998200719676155,0.0007996801705643322,0.0013990209137073413,0.004489905272852053,0.009058844488346039
2014-03-24,0.000499875041651048,0.0005998200719676155,0.0007996801705643322,0.0013990209137073413,0.0046889894861315414,0.009257021262676765
2014-03-25,0.000499875041651048,0.000499875041651048,0.0007996801705643322,0.00129915573162005,0.0046889894861315414,0.009157937784765629
2014-03-26,0.000499875041651048,0.000499875041651048,0.000699755114273342,0.0011992805754820971,0.004489905272852053,0.008860628432196557
2014-03-27,0.00019998000266626675,0.0003999200213269354,0.0005998200719676155,0.0011992805754820971,0.004489905272852053,0.008959741371471906
2014-03-28,0.00029995500899797546,0.0003999200213269354,0.0005998200719676155,0.00129915573162005,0.004489905272852053,0.009257021262676765
2014-03-31,0.00029995500899797546,0.000499875041651048,0.000699755114273342,0.00129915573162005,0.004390348301292895,0.008959741371471906
2014-04-01,0.00019998000266626675,0.0003999200213269354,0.0005998200719676155,0.00129915573162005,0.004390348301292895,0.009058844488346039
2014-04-02,0.00019998000266626675,0.00019998000266626675,0.0005998200719676155,0.0011992805754820971,0.0046889894861315414,0.009356094924024953
2014-04-03,0.00029995500899797546,0.00019998000266626675,0.000499875041651048,0.0010993954433009636,0.0045894523338072864,0.009455158770755135
2014-04-04,0.00029995500899797546,0.00029995500899797546,0.000499875041651048,0.0010993954433009636,0.004290781417156275,0.008860628432196557
2014-04-07,0.00029995500899797546,0.00029995500899797546,0.0005998200719676155,0.0010993954433009636,0.0040916179032535645,0.008662373078652657
2014-04-08,0.0003999200213269354,0.00029995500899797546,0.0005998200719676155,0.0010993954433009636,0.003992021269537453,0.00876150566857275
2014-04-09,0.00029995500899797546,0.0003999200213269354,0.000499875041651048,0.0009995003330835331,0.0036931718376175702,0.008464078412129412
2014-04-10,0.00029995500899797546,0.0003999200213269354,0.0005998200719676155,0.000899595242836093,0.0036931718376175702,0.008067371077758798
2014-04-11,0.0003999200213269354,0.0003999200213269354,0.0005998200719676155,0.000899595242836093,0.0036931718376175702,0.007968169649176874
2014-04-14,0.00029995500899797546,0.0003999200213269354,0.0005998200719676155,0.0009995003330835331,0.0036931718376175702,0.008166562666393415
2014-04-15,0.00029995500899797546,0.0003999200213269354,0.000499875041651048,0.0010993954433009636,0.003892414715343839,0.008364916331627708
2014-04-16,0.00029995500899797546,0.0003999200213269354,0.000499875041651048,0.0010993954433009636,0.003892414715343839,0.008662373078652657
2014-04-17,0.00019998000266626675,0.00029995500899797546,0.000499875041651048,0.0010993954433009636,0.004290781417156275,0.009058844488346039
2014-04-18,0.00019998000266626675,0.00029995500899797546,0.000499875041651048,0.0010993954433009636,0.004290781417156275,0.009058844488346039
2014-04-21,0.00019998000266626675,0.0003999200213269354,0.0005998200719676155,0.0010993954433009636,0.004191204618468071,0.009058844488346039
2014-04-22,0.00019998000266626675,0.00029995500899797546,0.0005998200719676155,0.0010993954433009636,0.004489905272852053,0.009257021262676765
2014-04-23,0.00019998000266626675,0.00019998000266626675,0.000499875041651048,0.0010993954433009636,0.004290781417156275,0.009058844488346039
2014-04-24,0.0,9.999500033330834e-05,0.0003999200213269354,0.0009995003330835331,0.004290781417156275,0.009058844488346039
2014-04-25,9.999500033330834e-05,0.00029995500899797546,0.0003999200213269354,0.0010993954433009636,0.004290781417156275,0.008959741371471906
2014-04-28,0.0,0.00029995500899797546,0.000499875041651048,0.0009995003330835331,0.004390348301292895,0.008959741371471906
2014-04-29,0.00019998000266626675,0.00019998000266626675,0.000499875041651048,0.0010993954433009636,0.004390348301292895,0.009058844488346039
2014-04-30,0.00019998000266626675,0.00029995500899797546,0.000499875041651048,0.0010993954433009636,0.004191204618468071,0.008662373078652657
2014-05-01,0.00019998000266626675,0.00029995500899797546,0.000499875041651048,0.0009995003330835331,0.0040916179032535645,0.008563230660487873
2014-05-02,9.999500033330834e-05,0.00019998000266626675,0.000499875041651048,0.0009995003330835331,0.004191204618468071,0.008860628432196557
2014-05-05,9.999500033330834e-05,0.00029995500899797546,0.000499875041651048,0.0010993954433009636,0.004290781417156275,0.008959741371471906
2014-05-06,0.00029995500899797546,0.00029995500899797546,0.000499875041651048,0.0009995003330835331,0.004290781417156275,0.009157937784765629
2014-05-07,0.00029995500899797546,0.00029995500899797546,0.000499875041651048,0.0009995003330835331,0.0040916179032535645,0.008860628432196557
2014-05-08,0.00019998000266626675,0.00029995500899797546,0.000499875041651048,0.0009995003330835331,0.003992021269537453,0.008563230660487873
2014-05-09,0.00019998000266626675,0.00029995500899797546,0.000499875041651048,0.0009995003330835331,0.003992021269537453,0.008563230660487873
2014-05-12,0.00019998000266626675,0.00029995500899797546,0.000499875041651048,0.000899595242836093,0.0040916179032535645,0.008662373078652657
2014-05-13,0.00029995500899797546,0.00029995500899797546,0.000499875041651048,0.0009995003330835331,0.003892414715343839,0.008364916331627708
2014-05-14,0.00019998000266626675,0.00029995500899797546,0.000499875041651048,0.0009995003330835331,0.003892414715343839,0.008067371077758798
2014-05-15,9.999500033330834e-05,0.00029995500899797546,0.000499875041651048,0.000899595242836093,0.003792798238696237,0.007968169649176874
2014-05-16,9.999500033330834e-05,0.00029995500899797546,0.000499875041651048,0.000899595242836093,0.003792798238696237,0.007968169649176874
2014-05-19,9.999500033330834e-05,0.00029995500899797546,0.000499875041651048,0.000899595242836093,0.0035935355101301704,0.00786895837869518
2014-05-20,0.0003999200213269354,0.00029995500899797546,0.0005998200719676155,0.000899595242836093,0.0034938892542557796,0.007670506304219701
2014-05-21,0.0003999200213269354,0.0003999200213269354,0.0005998200719676155,0.000899595242836093,0.0036931718376175702,0.00786895837869518
2014-05-22,0.00029995500899797546,0.00029995500899797546,0.000499875041651048,0.000899595242836093,0.0036931718376175702,0.007968169649176874
2014-05-23,0.0003999200213269354,0.0003999200213269354,0.000499875041651048,0.0009995003330835331,0.0036931718376175702,0.00786895837869518
2014-05-26,0.0003999200213269354,0.0003999200213269354,0.000499875041651048,0.0009995003330835331,0.0036931718376175702,0.00786895837869518
2014-05-27,0.00029995500899797546,0.0003999200213269354,0.0005998200719676155,0.000899595242836093,0.003892414715343839,0.00786895837869518
2014-05-28,0.0003999200213269354,0.0003999200213269354,0.000499875041651048,0.0009995003330835331,0.0036931718376175702,0.007571265496318075
2014-05-29,0.000499875041651048,0.0003999200213269354,0.000499875041651048,0.0009995003330835331,0.0036931718376175702,0.007670506304219701
2014-05-30,0.000499875041651048,0.0003999200213269354,0.0005998200719676155,0.0009995003330835331,0.0036931718376175702,0.00786895837869518
2014-06-02,0.0003999200213269354,0.0003999200213269354,0.0005998200719676155,0.0009995003330835331,0.003892414715343839,0.008265744417032617
2014-06-03,0.0003999200213269354,0.0003999200213269354,0.0005998200719676155,0.0009995003330835331,0.0040916179032535645,0.008464078412129412
2014-06-04,0.0003999200213269354,0.0003999200213269354,0.0005998200719676155,0.0009995003330835331,0.0040916179032535645,0.008464078412129412
2014-06-05,0.00029995500899797546,0.0003999200213269354,0.0005998200719676155,0.0009995003330835331,0.003992021269537453,0.008166562666393415
2014-06-06,0.00019998000266626675,0.0003999200213269354,0.0005998200719676155,0.0010993954433009636,0.0040916179032535645,0.008563230660487873
2014-06-09,0.00029995500899797546,0.0003999200213269354,0.0005998200719676155,0.0010993954433009636,0.004290781417156275,0.00876150566857275
2014-06-10,0.0003999200213269354,0.0003999200213269354,0.0005998200719676155,0.0010993954433009636,0.004489905272852053,0.009257021262676765
2014-06-11,0.00029995500899797546,0.0003999200213269354,0.0005998200719676155,0.0010993954433009636,0.004390348301292895,0.009058844488346039
2014-06-12,0.00019998000266626675,0.0003999200213269354,0.000699755114273342,0.0009995003330835331,0.004191204618468071,0.00876150566857275
2014-06-13,0.00019998000266626675,0.0003999200213269354,0.000699755114273342,0.0010993954433009636,0.004489905272852053,0.009257021262676765
2014-06-16,0.00029995500899797546,0.0003999200213269354,0.000699755114273342,0.0010993954433009636,0.004888034072775962,0.009455158770755135
2014-06-17,0.00029995500899797546,0.0003999200213269354,0.000699755114273342,0.0010993954433009636,0.005087039048557106,0.009851316050374181
2014-06-18,0.00029995500899797546,0.00029995500899797546,0.0005998200719676155,0.0009995003330835331,0.004788516731797177,0.009455158770755135
2014-06-19,9.999500033330834e-05,0.00019998000266626675,0.000499875041651048,0.000899595242836093,0.004788516731797177,0.009356094924024953
2014-06-20,9.999500033330834e-05,0.00019998000266626675,0.0003999200213269354,0.000899595242836093,0.004987541511039074,0.009356094924024953
2014-06-23,0.00019998000266626675,0.00029995500899797546,0.0005998200719676155,0.0009995003330835331,0.004788516731797177,0.009554212804811658
2014-06-24,9.999500033330834e-05,0.00029995500899797546,0.0005998200719676155,0.0011992805754820971,0.004888034072775962,0.009455158770755135
2014-06-25,9.999500033330834e-05,0.00029995500899797546,0.000499875041651048,0.0010993954433009636,0.004788516731797177,0.009157937784765629
2014-06-26,9.999500033330834e-05,0.0003999200213269354,0.0005998200719676155,0.0010993954433009636,0.0045894523338072864,0.008959741371471906
2014-06-27,0.00019998000266626675,0.00029995500899797546,0.0005998200719676155,0.0009995003330835331,0.004489905272852053,0.00876150566857275
2014-06-30,0.00019998000266626675,0.0003999200213269354,0.000699755114273342,0.0010993954433009636,0.0046889894861315414,0.00876150566857275
2014-07-01,0.00029995500899797546,0.00019998000266626675,0.0005998200719676155,0.0010993954433009636,0.0046889894861315414,0.008959741371471906
2014-07-02,0.00019998000266626675,0.00019998000266626675,0.0005998200719676155,0.0011992805754820971,0.004888034072775962,0.009455158770755135
2014-07-03,9.999500033330834e-05,9.999500033330834e-05,0.0005998200719676155,0.0010993954433009636,0.005186526687300061,0.009752291442678272
2014-07-04,9.999500033330834e-05,9.999500033330834e-05,0.0005998200719676155,0.0010993954433009636,0.005186526687300061,0.009752291442678272
2014-07-07,0.00019998000266626675,0.0003999200213269354,0.0005998200719676155,0.0011992805754820971,0.005186526687300061,0.009950330853168083
2014-07-08,0.00019998000266626675,0.00029995500899797546,0.0005998200719676155,0.0010993954433009636,0.005087039048557106,0.009851316050374181
2014-07-09,0.00029995500899797546,0.00029995500899797546,0.0005998200719676155,0.0010993954433009636,0.005087039048557106,0.009653257028138304
2014-07-10,0.00019998000266626675,0.00019998000266626675,0.0005998200719676155,0.0009995003330835331,0.0045894523338072864,0.009257021262676765
2014-07-11,0.00019998000266626675,0.00019998000266626675,0.000699755114273342,0.0010993954433009636,0.004788516731797177,0.009157937784765629
2014-07-14,0.00019998000266626675,0.00029995500899797546,0.0005998200719676155,0.0010993954433009636,0.004788516731797177,0.009455158770755135
2014-07-15,0.00019998000266626675,0.00019998000266626675,0.0005998200719676155,0.0010993954433009636,0.004888034072775962,0.009653257028138304
2014-07-16,0.00019998000266626675,0.00019998000266626675,0.0005998200719676155,0.0010993954433009636,0.004987541511039074,0.009752291442678272
2014-07-17,0.00019998000266626675,0.00019998000266626675,0.0005998200719676155,0.0009995003330835331,0.0046889894861315414,0.009356094924024953
2014-07-18,0.00029995500899797546,0.00019998000266626675,0.000499875041651048,0.0009995003330835331,0.005087039048557106,0.009653257028138304
2014-07-21,0.00019998000266626675,0.00029995500899797546,0.0005998200719676155,0.0010993954433009636,0.005087039048557106,0.009851316050374181
2014-07-22,0.00029995500899797546,0.00029995500899797546,0.000699755114273342,0.0010993954433009636,0.004888034072775962,0.009653257028138304
2014-07-23,0.00029995500899797546,0.00029995500899797546,0.000499875041651048,0.0010993954433009636,0.004987541511039074,0.009554212804811658
2014-07-24,0.0003999200213269354,0.00029995500899797546,0.0005998200719676155,0.0010993954433009636,0.005286004429237355,0.009950330853168083
2014-07-25,0.00029995500899797546,0.00029995500899797546,0.0005998200719676155,0.0010993954433009636,0.005286004429237355,0.009752291442678272
2014-07-28,0.00029995500899797546,0.0003999200213269354,0.0005998200719676155,0.0010993954433009636,0.005385472276337817,0.01004933585300144
2014-07-29,0.00029995500899797546,0.00019998000266626675,0.0005998200719676155,0.0011992805754820971,0.005385472276337817,0.009950330853168083
2014-07-30,0.00029995500899797546,0.0003999200213269354,0.0005998200719676155,0.00129915573162005,0.005584378293900616,0.0103462920541443
2014-07-31,9.999500033330834e-05,0.00029995500899797546,0.000499875041651048,0.0011992805754820971,0.005286004429237355,0.01014833105181515
2014-08-01,9.999500033330834e-05,0.00029995500899797546,0.000499875041651048,0.00129915573162005,0.0046889894861315414,0.009356094924024953
2014-08-04,0.00019998000266626675,0.0003999200213269354,0.0005998200719676155,0.0011992805754820971,0.0046889894861315414,0.009257021262676765
2014-08-05,0.00029995500899797546,0.00029995500899797546,0.000499875041651048,0.0011992805754820971,0.0046889894861315414,0.009257021262676765
2014-08-06,0.00029995500899797546,0.00029995500899797546,0.000499875041651048,0.0010993954433009636,0.004788516731797177,0.009257021262676765
2014-08-07,0.00029995500899797546,0.00029995500899797546,0.0003999200213269354,0.0010993954433009636,0.004390348301292895,0.008860628432196557
2014-08-08,0.00029995500899797546,0.00029995500899797546,0.000499875041651048,0.0009995003330835331,0.004489905272852053,0.009058844488346039
2014-08-11,0.00029995500899797546,0.0003999200213269354,0.000499875041651048,0.0009995003330835331,0.0046889894861315414,0.009257021262676765
2014-08-12,0.000499875041651048,0.00029995500899797546,0.000499875041651048,0.0009995003330835331,0.004489905272852053,0.009157937784765629
2014-08-13,0.0003999200213269354,0.0003999200213269354,0.0005998200719676155,0.0009995003330835331,0.004290781417156275,0.00876150566857275
2014-08-14,0.0003999200213269354,0.0003999200213269354,0.0005998200719676155,0.0009995003330835331,0.004191204618468071,0.008662373078652657
2014-08-15,0.00029995500899797546,0.00029995500899797546,0.000499875041651048,0.000899595242836093,0.004191204618468071,0.008563230660487873
2014-08-18,0.00019998000266626675,0.00029995500899797546,0.000499875041651048,0.0009995003330835331,0.004390348301292895,0.008860628432196557
2014-08-19,0.0003999200213269354,0.00029995500899797546,0.000499875041651048,0.0010993954433009636,0.0045894523338072864,0.008959741371471906
2014-08-20,0.0003999200213269354,0.0003999200213269354,0.0005998200719676155,0.0011992805754820971,0.004888034072775962,0.009356094924024953
2014-08-21,0.00029995500899797546,0.00019998000266626675,0.0005998200719676155,0.0009995003330835331,0.004888034072775962,0.009455158770755135
2014-08-22,0.0003999200213269354,0.00029995500899797546,0.0005998200719676155,0.0009995003330835331,0.005286004429237355,0.009752291442678272
2014-08-25,0.00019998000266626675,0.0003999200213269354,0.000499875041651048,0.0010993954433009636,0.005286004429237355,0.009851316050374181
2014-08-26,0.0003999200213269354,0.00029995500899797546,0.000499875041651048,0.0011992805754820971,0.005186526687300061,0.009752291442678272
2014-08-27,0.00019998000266626675,0.0003999200213269354,0.000499875041651048,0.0010993954433009636,0.005087039048557106,0.009653257028138304
2014-08-28,0.00019998000266626675,0.00029995500899797546,0.000499875041651048,0.0010993954433009636,0.004987541511039074,0.009455158770755135
2014-08-29,0.00019998000266626675,0.00029995500899797546,0.000499875041651048,0.000899595242836093,0.004788516731797177,0.009356094924024953
2014-09-01,0.00019998000266626675,0.00029995500899797546,0.000499875041651048,0.000899595242836093,0.004788516731797177,0.009356094924024953
2014-09-02,0.00019998000266626675,0.00029995500899797546,0.000499875041651048,0.0009995003330835331,0.005286004429237355,0.009851316050374181
2014-09-03,0.00019998000266626675,0.00029995500899797546,0.000499875041651048,0.0010993954433009636,0.005186526687300061,0.009851316050374181
2014-09-04,0.00019998000266626675,0.00029995500899797546,0.000499875041651048,0.0009995003330835331,0.005385472276337817,0.01004933585300144
2014-09-05,0.00019998000266626675,0.00029995500899797546,0.000499875041651048,0.0009995003330835331,0.005186526687300061,0.009851316050374181
2014-09-08,9.999500033330834e-05,0.00019998000266626675,0.000499875041651048,0.0009995003330835331,0.005385472276337817,0.01014833105181515
2014-09-09,9.999500033330834e-05,0.00019998000266626675,0.000499875041651048,0.0010993954433009636,0.005584378293900616,0.010544213875671154
2014-09-10,9.999500033330834e-05,0.00019998000266626675,0.000499875041651048,0.0010993954433009636,0.005783244755727333,0.010643160098479829
2014-09-11,9.999500033330834e-05,0.00019998000266626675,0.000499875041651048,0.0010993954433009636,0.005783244755727333,0.010643160098479829
2014-09-12,9.999500033330834e-05,0.00019998000266626675,0.000499875041651048,0.0010993954433009636,0.005783244755727333,0.010643160098479829
2014-09-15,9.999500033330834e-05,0.00019998000266626675,0.000499875041651048,0.0010993954433009636,0.005783244755727333,0.010544213875671154
2014-09-16,9.999500033330834e-05,0.00019998000266626675,0.0003999200213269354,0.00129915573162005,0.005484930230569686,0.0103462920541443
2014-09-17,9.999500033330834e-05,0.00019998000266626675,0.000499875041651048,0.0011992805754820971,0.005882663158155495,0.010742096531902109
2014-09-18,9.999500033330834e-05,0.00019998000266626675,0.0003999200213269354,0.0011992805754820971,0.005882663158155495,0.010939940038334366
2014-09-19,9.999500033330834e-05,0.00019998000266626675,0.0003999200213269354,0.0010993954433009636,0.005882663158155495,0.010841023177874857
2014-09-22,0.0,9.999500033330834e-05,0.0003999200213269354,0.0009995003330835331,0.005783244755727333,0.010544213875671154
2014-09-23,9.999500033330834e-05,9.999500033330834e-05,0.0003999200213269354,0.0009995003330835331,0.00568381646829767,0.010445257861538649
2014-09-24,9.999500033330834e-05,0.00019998000266626675,0.00029995500899797546,0.0010993954433009636,0.005882663158155495,0.010742096531902109
2014-09-25,0.0,9.999500033330834e-05,0.00029995500899797546,0.0009995003330835331,0.005584378293900616,0.010247316451549523
2014-09-26,9.999500033330834e-05,9.999500033330834e-05,0.00029995500899797546,0.0010993954433009636,0.005882663158155495,0.010742096531902109
2014-09-29,9.999500033330834e-05,0.00019998000266626675,0.000499875041651048,0.0010993954433009636,0.005783244755727333,0.010544213875671154
2014-09-30,0.00019998000266626675,0.00019998000266626675,0.00029995500899797546,0.00129915573162005,0.005783244755727333,0.010643160098479829
2014-10-01,9.999500033330834e-05,0.00019998000266626675,0.0003999200213269354,0.0009995003330835331,0.005286004429237355,0.009950330853168083
2014-10-02,9.999500033330834e-05,9.999500033330834e-05,0.00029995500899797546,0.0009995003330835331,0.005286004429237355,0.01004933585300144
2014-10-03,9.999500033330834e-05,9.999500033330834e-05,0.00029995500899797546,0.0010993954433009636,0.00568381646829767,0.010445257861538649
2014-10-06,9.999500033330834e-05,0.00019998000266626675,0.000499875041651048,0.0010993954433009636,0.005385472276337817,0.01014833105181515
2014-10-07,0.00019998000266626675,0.00019998000266626675,0.0003999200213269354,0.0009995003330835331,0.005186526687300061,0.009752291442678272
2014-10-08,9.999500033330834e-05,9.999500033330834e-05,0.000499875041651048,0.0009995003330835331,0.0045894523338072864,0.008959741371471906
2014-10-09,0.00019998000266626675,9.999500033330834e-05,0.000499875041651048,0.0009995003330835331,0.0045894523338072864,0.009058844488346039
2014-10-10,0.00019998000266626675,9.999500033330834e-05,0.0003999200213269354,0.0009995003330835331,0.004489905272852053,0.008860628432196557
2014-10-13,0.00019998000266626675,9.999500033330834e-05,0.0003999200213269354,0.0009995003330835331,0.004489905272852053,0.008860628432196557
2014-10-14,0.00029995500899797546,0.00019998000266626675,0.0003999200213269354,0.000899595242836093,0.003892414715343839,0.007968169649176874
2014-10-15,0.00019998000266626675,0.00019998000266626675,0.000499875041651048,0.0009995003330835331,0.0033942330680155476,0.007273483966498386
2014-10-16,0.0003999200213269354,0.00029995500899797546,0.000499875041651048,0.0009995003330835331,0.0034938892542557796,0.007472014838700995
2014-10-17,0.00029995500899797546,0.00019998000266626675,0.000499875041651048,0.0010993954433009636,0.003892414715343839,0.00786895837869518
2014-10-20,0.00029995500899797546,0.00019998000266626675,0.0005998200719676155,0.0009995003330835331,0.0036931718376175702,0.007571265496318075
2014-10-21,0.0003999200213269354,0.00019998000266626675,0.0005998200719676155,0.0009995003330835331,0.003792798238696237,0.007670506304219701
2014-10-22,0.0003999200213269354,0.00019998000266626675,0.0005998200719676155,0.0010993954433009636,0.0040916179032535645,0.007968169649176874
2014-10-23,0.00019998000266626675,9.999500033330834e-05,0.0005998200719676155,0.0010993954433009636,0.0040916179032535645,0.008265744417032617
2014-10-24,0.00019998000266626675,9.999500033330834e-05,0.0005998200719676155,0.0010993954433009636,0.0040916179032535645,0.008166562666393415
2014-10-27,0.00029995500899797546,0.00019998000266626675,0.0005998200719676155,0.0010993954433009636,0.0040916179032535645,0.008067371077758798
2014-10-28,0.00019998000266626675,0.00019998000266626675,0.000499875041651048,0.0010993954433009636,0.004191204618468071,0.008364916331627708
2014-10-29,9.999500033330834e-05,0.00029995500899797546,0.000699755114273342,0.0010993954433009636,0.004788516731797177,0.009257021262676765
2014-10-30,9.999500033330834e-05,9.999500033330834e-05,0.0005998200719676155,0.0010993954433009636,0.004788516731797177,0.009058844488346039
2014-10-31,9.999500033330834e-05,9.999500033330834e-05,0.000499875041651048,0.0010993954433009636,0.004987541511039074,0.009455158770755135
2014-11-03,0.00029995500899797546,0.00019998000266626675,0.000699755114273342,0.0011992805754820971,0.005186526687300061,0.009554212804811658
2014-11-04,0.0003999200213269354,0.00029995500899797546,0.0005998200719676155,0.0010993954433009636,0.005186526687300061,0.009653257028138304
2014-11-05,0.0003999200213269354,0.00029995500899797546,0.000699755114273342,0.0010993954433009636,0.005186526687300061,0.009653257028138304
2014-11-06,0.0003999200213269354,0.00029995500899797546,0.0005998200719676155,0.0011992805754820971,0.005385472276337817,0.01004933585300144
2014-11-07,0.0003999200213269354,0.00029995500899797546,0.0005998200719676155,0.0011992805754820971,0.005087039048557106,0.009455158770755135
2014-11-10,0.0003999200213269354,0.00019998000266626675,0.000699755114273342,0.00129915573162005,0.005484930230569686,0.009950330853168083
2014-11-11,0.0003999200213269354,0.00019998000266626675,0.000699755114273342,0.00129915573162005,0.005484930230569686,0.009950330853168083
2014-11-12,0.000499875041651048,0.00019998000266626675,0.000699755114273342,0.0013990209137073413,0.005484930230569686,0.009950330853168083
2014-11-13,0.000499875041651048,0.00019998000266626675,0.0007996801705643322,0.0014988761237358919,0.005286004429237355,0.009653257028138304
2014-11-14,0.0003999200213269354,0.00019998000266626675,0.000699755114273342,0.0014988761237358919,0.005385472276337817,0.009554212804811658
2014-11-17,0.00019998000266626675,0.00029995500899797546,0.000699755114273342,0.0014988761237358919,0.005385472276337817,0.009554212804811658
2014-11-18,0.0003999200213269354,0.00019998000266626675,0.000699755114273342,0.0013990209137073413,0.005286004429237355,0.009554212804811658
2014-11-19,0.0003999200213269354,9.999500033330834e-05,0.000699755114273342,0.0014988761237358919,0.005385472276337817,0.009851316050374181
2014-11-20,0.0003999200213269354,0.00019998000266626675,0.000699755114273342,0.0013990209137073413,0.005286004429237355,0.009653257028138304
2014-11-21,0.0003999200213269354,9.999500033330834e-05,0.000699755114273342,0.0013990209137073413,0.005286004429237355,0.009554212804811658
2014-11-24,0.0003999200213269354,0.00019998000266626675,0.0007996801705643322,0.0013990209137073413,0.005286004429237355,0.009455158770755135
2014-11-25,0.0005998200719676155,0.00019998000266626675,0.000699755114273342,0.0013990209137073413,0.005087039048557106,0.009356094924024953
2014-11-26,0.0005998200719676155,0.00019998000266626675,0.000699755114273342,0.0013990209137073413,0.005286004429237355,0.009257021262676765
2014-11-27,0.0005998200719676155,0.00019998000266626675,0.000699755114273342,0.0013990209137073413,0.005286004429237355,0.009257021262676765
2014-11-28,0.0003999200213269354,0.00019998000266626675,0.000699755114273342,0.00129915573162005,0.0046889894861315414,0.00876150566857275
2014-12-01,9.999500033330834e-05,0.00029995500899797546,0.0007996801705643322,0.00129915573162005,0.004888034072775962,0.008959741371471906
2014-12-02,0.0003999200213269354,0.00029995500899797546,0.0007996801705643322,0.0013990209137073413,0.005484930230569686,0.009554212804811658
2014-12-03,0.00029995500899797546,9.999500033330834e-05,0.000699755114273342,0.0014988761237358919,0.00568381646829767,0.009752291442678272
2014-12-04,0.00029995500899797546,0.00019998000266626675,0.0007996801705643322,0.0013990209137073413,0.005484930230569686,0.009653257028138304
2014-12-05,0.00019998000266626675,0.00019998000266626675,0.0007996801705643322,0.0017983819413793735,0.006478966097709123,0.010841023177874857
2014-12-08,0.00029995500899797546,0.00029995500899797546,0.0009995003330835331,0.0017983819413793735,0.006379606964039027,0.010939940038334366
2014-12-09,0.000499875041651048,0.0003999200213269354,0.0010993954433009636,0.0022973590486834897,0.006379606964039027,0.010643160098479829
2014-12-10,0.000499875041651048,0.00029995500899797546,0.0009995003330835331,0.002097798082146129,0.005882663158155495,0.01004933585300144
2014-12-11,0.00019998000266626675,0.00029995500899797546,0.000899595242836093,0.002097798082146129,0.006180859075081115,0.010445257861538649
2014-12-12,0.00019998000266626675,0.00019998000266626675,0.000899595242836093,0.0018981972830802527,0.005584378293900616,0.009752291442678272
2014-12-15,0.00019998000266626675,0.0003999200213269354,0.0010993954433009636,0.0021975835434872217,0.005982071677547464,0.010247316451549523
2014-12-16,0.00029995500899797546,0.00029995500899797546,0.0010993954433009636,0.002097798082146129,0.005783244755727333,0.009851316050374181
2014-12-17,0.00029995500899797546,0.00029995500899797546,0.0010993954433009636,0.0022973590486834897,0.006180859075081115,0.010544213875671154
2014-12-18,0.0003999200213269354,0.0003999200213269354,0.0011992805754820971,0.002496880198587199,0.006677654753240569,0.010939940038334366
2014-12-19,9.999500033330834e-05,0.0003999200213269354,0.0010993954433009636,0.002596625847265978,0.006677654753240569,0.010939940038334366
2014-12-22,9.999500033330834e-05,0.000499875041651048,0.0015987213636970278,0.0027960873020012743,0.007074913671961879,0.011236631925987681
2014-12-23,0.00019998000266626675,0.00029995500899797546,0.0013990209137073413,0.002596625847265978,0.007273483966498386,0.011632084229707651
2014-12-24,9.999500033330834e-05,9.999500033330834e-05,0.0013990209137073413,0.002596625847265978,0.007273483966498386,0.011730922875698666
2014-12-25,9.999500033330834e-05,9.999500033330834e-05,0.0013990209137073413,0.002596625847265978,0.007273483966498386,0.011730922875698666
2014-12-26,9.999500033330834e-05,9.999500033330834e-05,0.0009995003330835331,0.002596625847265978,0.007273483966498386,0.011829751753577198
2014-12-29,9.999500033330834e-05,0.00029995500899797546,0.0011992805754820971,0.002496880198587199,0.007174203748000358,0.0113355096637456
2014-12-30,0.00029995500899797546,0.00029995500899797546,0.0011992805754820971,0.0022973590486834897,0.006876303939432157,0.011038847115216341
2014-12-31,0.00029995500899797546,0.0003999200213269354,0.0011992805754820971,0.002496880198587199,0.006677654753240569,0.010939940038334366
2015-01-01,0.00029995500899797546,0.0003999200213269354,0.0011992805754820971,0.002496880198587199,0.006677654753240569,0.010939940038334366
2015-01-02,0.00019998000266626675,0.00019998000266626675,0.0010993954433009636,0.002496880198587199,0.006578315360122567,0.010643160098479829
2015-01-05,0.00019998000266626675,0.00029995500899797546,0.0009995003330835331,0.002596625847265978,0.006776984279023752,0.010544213875671154
2015-01-06,0.00019998000266626675,0.00029995500899797546,0.0009995003330835331,0.002496880198587199,0.006478966097709123,0.01014833105181515
2015-01-07,0.00019998000266626675,0.00029995500899797546,0.000899595242836093,0.002496880198587199,0.006180859075081115,0.009950330853168083
2015-01-08,9.999500033330834e-05,0.00029995500899797546,0.0007996801705643322,0.0022973590486834897,0.006180859075081115,0.009950330853168083
2015-01-09,0.00019998000266626675,0.00019998000266626675,0.0007996801705643322,0.0021975835434872217,0.005882663158155495,0.009554212804811658
2015-01-12,0.00019998000266626675,0.00029995500899797546,0.000899595242836093,0.0018981972830802527,0.005584378293900616,0.009058844488346039
2015-01-13,0.00019998000266626675,0.00029995500899797546,0.0007996801705643322,0.001998002662673056,0.005385472276337817,0.00876150566857275
2015-01-14,0.00019998000266626675,0.0003999200213269354,0.000899595242836093,0.0017983819413793735,0.005087039048557106,0.008265744417032617
2015-01-15,0.00029995500899797546,0.00029995500899797546,0.0007996801705643322,0.0015987213636970278,0.004390348301292895,0.007472014838700995
2015-01-16,0.00019998000266626675,0.00029995500899797546,0.000699755114273342,0.0016985566355814776,0.004888034072775962,0.007968169649176874
2015-01-19,0.00019998000266626675,0.00029995500899797546,0.000699755114273342,0.0016985566355814776,0.004888034072775962,0.007968169649176874
2015-01-20,9.999500033330834e-05,0.00029995500899797546,0.0007996801705643322,0.0016985566355814776,0.005286004429237355,0.008464078412129412
2015-01-21,9.999500033330834e-05,0.00029995500899797546,0.0007996801705643322,0.0016985566355814776,0.005286004429237355,0.008662373078652657
2015-01-22,0.00019998000266626675,0.00029995500899797546,0.0007996801705643322,0.0016985566355814776,0.005286004429237355,0.008959741371471906
2015-01-23,0.00019998000266626675,0.00019998000266626675,0.000699755114273342,0.0016985566355814776,0.005186526687300061,0.008563230660487873
2015-01-26,0.00019998000266626675,0.00029995500899797546,0.0007996801705643322,0.0017983819413793735,0.005385472276337817,0.008860628432196557
2015-01-27,0.00019998000266626675,0.00019998000266626675,0.0007996801705643322,0.0016985566355814776,0.005385472276337817,0.008662373078652657
2015-01-28,0.00019998000266626675,0.00019998000266626675,0.0007996801705643322,0.0016985566355814776,0.004987541511039074,0.008067371077758798
2015-01-29,9.999500033330834e-05,0.00029995500899797546,0.000699755114273342,0.0016985566355814776,0.005087039048557106,0.008364916331627708
2015-01-30,9.999500033330834e-05,0.00019998000266626675,0.000699755114273342,0.0017983819413793735,0.0046889894861315414,0.007670506304219701
2015-02-02,9.999500033330834e-05,0.00019998000266626675,0.000699755114273342,0.0016985566355814776,0.004888034072775962,0.007769737264360665
2015-02-03,0.00019998000266626675,0.00019998000266626675,0.000699755114273342,0.002097798082146129,0.005186526687300061,0.008464078412129412
2015-02-04,9.999500033330834e-05,9.999500033330834e-05,0.0005998200719676155,0.001998002662673056,0.005186526687300061,0.008563230660487873
2015-02-05,0.00019998000266626675,0.00019998000266626675,0.0005998200719676155,0.001998002662673056,0.005186526687300061,0.008662373078652657
2015-02-06,9.999500033330834e-05,0.00019998000266626675,0.000699755114273342,0.002596625847265978,0.006478966097709123,0.010247316451549523
2015-02-09,0.00019998000266626675,9.999500033330834e-05,0.0007996801705643322,0.0023971245997214934,0.006478966097709123,0.0103462920541443
2015-02-10,0.00019998000266626675,9.999500033330834e-05,0.0007996801705643322,0.002496880198587199,0.006677654753240569,0.010445257861538649
2015-02-11,0.00019998000266626675,9.999500033330834e-05,0.000699755114273342,0.0023971245997214934,0.006677654753240569,0.010544213875671154
2015-02-12,0.00019998000266626675,0.00019998000266626675,0.000699755114273342,0.0022973590486834897,0.006081470315867959,0.01014833105181515
2015-02-13,0.00019998000266626675,9.999500033330834e-05,0.000699755114273342,0.0022973590486834897,0.006578315360122567,0.010247316451549523
2015-02-16,0.00019998000266626675,9.999500033330834e-05,0.000699755114273342,0.0022973590486834897,0.006578315360122567,0.010247316451549523
2015-02-17,0.00019998000266626675,0.00019998000266626675,0.000699755114273342,0.002496880198587199,0.006975613736425241,0.010939940038334366
2015-02-18,0.00019998000266626675,0.00019998000266626675,0.000699755114273342,0.0022973590486834897,0.006180859075081115,0.009950330853168083
2015-02-19,0.00019998000266626675,0.00019998000266626675,0.000699755114273342,0.0022973590486834897,0.006677654753240569,0.010445257861538649
2015-02-20,0.00019998000266626675,0.00019998000266626675,0.000699755114273342,0.0022973590486834897,0.006677654753240569,0.010643160098479829
2015-02-23,9.999500033330834e-05,0.00019998000266626675,0.0007996801705643322,0.0021975835434872217,0.006379606964039027,0.010247316451549523
2015-02-24,0.00019998000266626675,0.00019998000266626675,0.0007996801705643322,0.0021975835434872217,0.005982071677547464,0.009653257028138304
2015-02-25,0.00019998000266626675,0.00019998000266626675,0.000699755114273342,0.002097798082146129,0.006081470315867959,0.009752291442678272
2015-02-26,0.00019998000266626675,0.00029995500899797546,0.000699755114273342,0.0021975835434872217,0.006578315360122567,0.0103462920541443
2015-02-27,0.00019998000266626675,0.00019998000266626675,0.000699755114273342,0.0021975835434872217,0.006280237957150483,0.01004933585300144
2015-03-02,0.00019998000266626675,0.00019998000266626675,0.0007996801705643322,0.0021975835434872217,0.006578315360122567,0.010544213875671154
2015-03-03,9.999500033330834e-05,0.00019998000266626675,0.0007996801705643322,0.002596625847265978,0.006776984279023752,0.010841023177874857
2015-03-04,9.999500033330834e-05,9.999500033330834e-05,0.0007996801705643322,0.002596625847265978,0.006578315360122567,0.010643160098479829
2015-03-05,0.00019998000266626675,0.00019998000266626675,0.0007996801705643322,0.002496880198587199,0.006478966097709123,0.010445257861538649
2015-03-06,0.00019998000266626675,9.999500033330834e-05,0.0007996801705643322,0.0026963615477426086,0.007273483966498386,0.01153323581367303
2015-03-09,9.999500033330834e-05,0.00019998000266626675,0.0009995003330835331,0.0026963615477426086,0.006975613736425241,0.011236631925987681
2015-03-10,0.00029995500899797546,0.00019998000266626675,0.0009995003330835331,0.002496880198587199,0.006975613736425241,0.010939940038334366
2015-03-11,0.00029995500899797546,0.00029995500899797546,0.0009995003330835331,0.002496880198587199,0.006975613736425241,0.010841023177874857
2015-03-12,0.00029995500899797546,0.00029995500899797546,0.0009995003330835331,0.0023971245997214934,0.006677654753240569,0.010544213875671154
2015-03-13,0.00029995500899797546,0.00029995500899797546,0.0010993954433009636,0.0023971245997214934,0.006776984279023752,0.010643160098479829
2015-03-16,0.00019998000266626675,0.000499875041651048,0.0014988761237358919,0.002596625847265978,0.006578315360122567,0.010544213875671154
2015-03-17,0.000499875041651048,0.000499875041651048,0.0014988761237358919,0.0026963615477426086,0.006975613736425241,0.010643160098479829
2015-03-18,0.00019998000266626675,0.00029995500899797546,0.0011992805754820971,0.0022973590486834897,0.00568381646829767,0.009157937784765629
2015-03-19,0.00019998000266626675,0.00029995500899797546,0.0011992805754820971,0.002596625847265978,0.006280237957150483,0.009851316050374181
2015-03-20,0.0,9.999500033330834e-05,0.0010993954433009636,0.0023971245997214934,0.005982071677547464,0.009455158770755135
2015-03-23,0.00019998000266626675,0.00029995500899797546,0.0010993954433009636,0.0023971245997214934,0.005982071677547464,0.009257021262676765
2015-03-24,0.00029995500899797546,0.00019998000266626675,0.0010993954433009636,0.0023971245997214934,0.005783244755727333,0.009058844488346039
2015-03-25,0.00019998000266626675,0.0003999200213269354,0.0010993954433009636,0.002496880198587199,0.005882663158155495,0.009356094924024953
2015-03-26,0.00019998000266626675,0.00029995500899797546,0.00129915573162005,0.0027960873020012743,0.006081470315867959,0.009752291442678272
2015-03-27,0.00019998000266626675,0.0003999200213269354,0.0011992805754820971,0.0026963615477426086,0.005783244755727333,0.009157937784765629
2015-03-30,0.00019998000266626675,0.0003999200213269354,0.0013990209137073413,0.0026963615477426086,0.005783244755727333,0.009257021262676765
2015-03-31,0.000499875041651048,0.00029995500899797546,0.0013990209137073413,0.002596625847265978,0.005584378293900616,0.008860628432196557
2015-04-01,0.00019998000266626675,0.00029995500899797546,0.0011992805754820971,0.0026963615477426086,0.005484930230569686,0.008563230660487873
2015-04-02,0.00019998000266626675,0.00019998000266626675,0.0009995003330835331,0.002496880198587199,0.005484930230569686,0.008662373078652657
2015-04-03,0.0003999200213269354,0.00019998000266626675,0.0009995003330835331,0.002097798082146129,0.004888034072775962,0.007968169649176874
2015-04-06,0.00019998000266626675,0.00029995500899797546,0.0009995003330835331,0.002097798082146129,0.005087039048557106,0.008265744417032617
2015-04-07,0.00019998000266626675,0.00019998000266626675,0.0009995003330835331,0.0021975835434872217,0.005186526687300061,0.008464078412129412
2015-04-08,0.00019998000266626675,0.00029995500899797546,0.0009995003330835331,0.0021975835434872217,0.005385472276337817,0.008563230660487873
2015-04-09,0.00019998000266626675,0.00029995500899797546,0.0009995003330835331,0.0021975835434872217,0.005584378293900616,0.008860628432196557
2015-04-10,9.999500033330834e-05,0.00019998000266626675,0.000899595242836093,0.0023971245997214934,0.00568381646829767,0.009058844488346039
2015-04-13,0.00019998000266626675,0.00029995500899797546,0.0010993954433009636,0.0022973590486834897,0.005385472276337817,0.008860628432196557
2015-04-14,0.00019998000266626675,0.00019998000266626675,0.0009995003330835331,0.0022973590486834897,0.005286004429237355,0.008464078412129412
2015-04-15,0.00019998000266626675,0.00019998000266626675,0.0007996801705643322,0.0022973590486834897,0.005087039048557106,0.008464078412129412
2015-04-16,0.00029995500899797546,0.00019998000266626675,0.0007996801705643322,0.0021975835434872217,0.004987541511039074,0.008067371077758798
2015-04-17,0.00029995500899797546,9.999500033330834e-05,0.0007996801705643322,0.0022973590486834897,0.005087039048557106,0.008364916331627708
2015-04-20,0.00029995500899797546,0.00029995500899797546,0.0009995003330835331,0.0023971245997214934,0.005484930230569686,0.008563230660487873
2015-04-21,0.00019998000266626675,0.00029995500899797546,0.000899595242836093,0.0022973590486834897,0.005484930230569686,0.008563230660487873
2015-04-22,9.999500033330834e-05,0.00029995500899797546,0.0009995003330835331,0.0022973590486834897,0.00568381646829767,0.009058844488346039
2015-04-23,9.999500033330834e-05,0.00029995500899797546,0.000899595242836093,0.0023971245997214934,0.005484930230569686,0.008662373078652657
2015-04-24,0.00029995500899797546,0.00029995500899797546,0.0009995003330835331,0.0023971245997214934,0.005385472276337817,0.008364916331627708
2015-04-27,9.999500033330834e-05,0.00019998000266626675,0.0009995003330835331,0.002496880198587199,0.005385472276337817,0.008662373078652657
2015-04-28,0.0,0.00019998000266626675,0.000899595242836093,0.0023971245997214934,0.005584378293900616,0.008959741371471906
2015-04-29,0.0,9.999500033330834e-05,0.000699755114273342,0.002496880198587199,0.005584378293900616,0.009058844488346039
2015-04-30,0.0,9.999500033330834e-05,0.0005998200719676155,0.0023971245997214934,0.005783244755727333,0.009058844488346039
2015-05-01,0.0,9.999500033330834e-05,0.000499875041651048,0.002496880198587199,0.005982071677547464,0.009653257028138304
2015-05-04,9.999500033330834e-05,0.00019998000266626675,0.0007996801705643322,0.002496880198587199,0.005982071677547464,0.009554212804811658
2015-05-05,9.999500033330834e-05,9.999500033330834e-05,0.0007996801705643322,0.0023971245997214934,0.006180859075081115,0.009950330853168083
2015-05-06,0.00019998000266626675,0.00019998000266626675,0.0007996801705643322,0.002496880198587199,0.006478966097709123,0.010247316451549523
2015-05-07,9.999500033330834e-05,9.999500033330834e-05,0.0007996801705643322,0.0023971245997214934,0.006280237957150483,0.01014833105181515
2015-05-08,9.999500033330834e-05,9.999500033330834e-05,0.0007996801705643322,0.0022973590486834897,0.005882663158155495,0.009554212804811658
2015-05-11,0.00019998000266626675,0.00019998000266626675,0.000899595242836093,0.002496880198587199,0.006180859075081115,0.01014833105181515
2015-05-12,9.999500033330834e-05,0.00029995500899797546,0.000899595242836093,0.002496880198587199,0.006081470315867959,0.009950330853168083
2015-05-13,0.00019998000266626675,0.00019998000266626675,0.000899595242836093,0.0023971245997214934,0.005882663158155495,0.009653257028138304
2015-05-14,0.0,9.999500033330834e-05,0.0007996801705643322,0.0022973590486834897,0.005584378293900616,0.009058844488346039
2015-05-15,0.00019998000266626675,0.00019998000266626675,0.000899595242836093,0.0022973590486834897,0.005484930230569686,0.008959741371471906
2015-05-18,9.999500033330834e-05,0.00019998000266626675,0.0007996801705643322,0.0021975835434872217,0.005783244755727333,0.009455158770755135
2015-05-19,0.00019998000266626675,0.00019998000266626675,0.000699755114273342,0.0022973590486834897,0.006280237957150483,0.01004933585300144
2015-05-20,0.00019998000266626675,0.00019998000266626675,0.0007996801705643322,0.0022973590486834897,0.005982071677547464,0.009752291442678272
2015-05-21,0.00019998000266626675,0.00019998000266626675,0.000699755114273342,0.0021975835434872217,0.005982071677547464,0.009455158770755135
2015-05-22,9.999500033330834e-05,0.00019998000266626675,0.0007996801705643322,0.0022973590486834897,0.006379606964039027,0.01004933585300144
2015-05-25,9.999500033330834e-05,0.00019998000266626675,0.0007996801705643322,0.0022973590486834897,0.006379606964039027,0.01004933585300144
2015-05-26,9.999500033330834e-05,0.00019998000266626675,0.000899595242836093,0.0023971245997214934,0.006379606964039027,0.009851316050374181
2015-05-27,0.00019998000266626675,9.999500033330834e-05,0.000899595242836093,0.0026963615477426086,0.006379606964039027,0.009950330853168083
2015-05-28,9.999500033330834e-05,9.999500033330834e-05,0.0007996801705643322,0.002596625847265978,0.006180859075081115,0.009653257028138304
2015-05-29,9.999500033330834e-05,9.999500033330834e-05,0.0005998200719676155,0.002596625847265978,0.006081470315867959,0.009356094924024953
2015-06-01,0.00019998000266626675,0.00019998000266626675,0.000699755114273342,0.002596625847265978,0.006379606964039027,0.009851316050374181
2015-06-02,0.00019998000266626675,9.999500033330834e-05,0.000699755114273342,0.002596625847265978,0.006379606964039027,0.01014833105181515
2015-06-03,0.00019998000266626675,0.00019998000266626675,0.000699755114273342,0.002596625847265978,0.006876303939432157,0.010643160098479829
2015-06-04,0.00019998000266626675,0.00019998000266626675,0.0007996801705643322,0.0026963615477426086,0.006578315360122567,0.0103462920541443
2015-06-05,0.00019998000266626675,0.00029995500899797546,0.0007996801705643322,0.002895803112025565,0.007273483966498386,0.011236631925987681
2015-06-08,9.999500033330834e-05,0.00019998000266626675,0.000899595242836093,0.0026963615477426086,0.006975613736425241,0.010841023177874857
2015-06-09,9.999500033330834e-05,0.00019998000266626675,0.0007996801705643322,0.0026963615477426086,0.007174203748000358,0.011137744410455926
2015-06-10,9.999500033330834e-05,0.00019998000266626675,0.0009995003330835331,0.0027960873020012743,0.007472014838700995,0.011434377625663104
2015-06-11,9.999500033330834e-05,9.999500033330834e-05,0.0009995003330835331,0.0027960873020012743,0.007273483966498386,0.011137744410455926
2015-06-12,9.999500033330834e-05,0.00019998000266626675,0.0009995003330835331,0.0027960873020012743,0.007372754329413085,0.011137744410455926
2015-06-15,0.0,0.00019998000266626675,0.0010993954433009636,0.0027960873020012743,0.007174203748000358,0.010939940038334366
2015-06-16,0.0,9.999500033330834e-05,0.0010993954433009636,0.0027960873020012743,0.007074913671961879,0.010742096531902109
2015-06-17,0.0,9.999500033330834e-05,0.0009995003330835331,0.0026963615477426086,0.006677654753240569,0.010247316451549523
2015-06-18,0.0,9.999500033330834e-05,0.0007996801705643322,0.002596625847265978,0.006578315360122567,0.010247316451549523
2015-06-19,0.0,9.999500033330834e-05,0.000499875041651048,0.002496880198587199,0.006478966097709123,0.009851316050374181
2015-06-22,0.0,9.999500033330834e-05,0.0007996801705643322,0.0026963615477426086,0.006776984279023752,0.010544213875671154
2015-06-23,0.0,9.999500033330834e-05,0.000899595242836093,0.002995508979798479,0.006975613736425241,0.010643160098479829
2015-06-24,0.0,9.999500033330834e-05,0.0007996801705643322,0.002995508979798479,0.006776984279023752,0.010544213875671154
2015-06-25,0.0,9.999500033330834e-05,0.000699755114273342,0.002895803112025565,0.006776984279023752,0.010544213875671154
2015-06-26,0.0,9.999500033330834e-05,0.0007996801705643322,0.002895803112025565,0.007174203748000358,0.010841023177874857
2015-06-29,0.0,0.00019998000266626675,0.0010993954433009636,0.0026963615477426086,0.006379606964039027,0.009950330853168083
2015-06-30,0.00019998000266626675,9.999500033330834e-05,0.0010993954433009636,0.0027960873020012743,0.006379606964039027,0.01004933585300144
2015-07-01,9.999500033330834e-05,9.999500033330834e-05,0.00129915573162005,0.0027960873020012743,0.006876303939432157,0.010742096531902109
2015-07-02,9.999500033330834e-05,9.999500033330834e-05,0.0009995003330835331,0.002596625847265978,0.006379606964039027,0.01004933585300144
2015-07-03,9.999500033330834e-05,9.999500033330834e-05,0.0009995003330835331,0.002596625847265978,0.006379606964039027,0.01004933585300144
2015-07-06,9.999500033330834e-05,0.00019998000266626675,0.000899595242836093,0.002596625847265978,0.005982071677547464,0.009455158770755135
2015-07-07,0.00019998000266626675,0.00019998000266626675,0.0007996801705643322,0.002496880198587199,0.005783244755727333,0.009554212804811658
2015-07-08,0.00019998000266626675,0.00019998000266626675,0.0007996801705643322,0.0023971245997214934,0.005484930230569686,0.009058844488346039
2015-07-09,0.00019998000266626675,0.00029995500899797546,0.0007996801705643322,0.002496880198587199,0.005982071677547464,0.009455158770755135
2015-07-10,9.999500033330834e-05,9.999500033330834e-05,0.000899595242836093,0.0027960873020012743,0.006478966097709123,0.0103462920541443
2015-07-13,0.00019998000266626675,0.00019998000266626675,0.0009995003330835331,0.0027960873020012743,0.006876303939432157,0.010544213875671154
2015-07-14,0.00029995500899797546,9.999500033330834e-05,0.0009995003330835331,0.0026963615477426086,0.006578315360122567,0.010247316451549523
2015-07-15,0.00029995500899797546,0.00019998000266626675,0.0010993954433009636,0.0027960873020012743,0.006379606964039027,0.009950330853168083
2015-07-16,0.00029995500899797546,0.00019998000266626675,0.0009995003330835331,0.002895803112025565,0.006677654753240569,0.010445257861538649
2015-07-17,0.00029995500899797546,0.00029995500899797546,0.0010993954433009636,0.002895803112025565,0.006776984279023752,0.010445257861538649
2015-07-20,0.00029995500899797546,0.0003999200213269354,0.0013990209137073413,0.003095204907302419,0.007074913671961879,0.010841023177874857
2015-07-21,0.0003999200213269354,0.00029995500899797546,0.00129915573162005,0.0033942330680155476,0.007074913671961879,0.010643160098479829
2015-07-22,0.0003999200213269354,0.0003999200213269354,0.00129915573162005,0.0033942330680155476,0.007472014838700995,0.010742096531902109
2015-07-23,0.0003999200213269354,0.00029995500899797546,0.00129915573162005,0.003294566949430031,0.007074913671961879,0.010544213875671154
2015-07-24,0.0003999200213269354,0.0003999200213269354,0.0013990209137073413,0.003194890896519197,0.006975613736425241,0.0103462920541443
2015-07-27,0.0003999200213269354,0.000499875041651048,0.0014988761237358919,0.003194890896519197,0.006776984279023752,0.009950330853168083
2015-07-28,0.000499875041651048,0.000499875041651048,0.0013990209137073413,0.003194890896519197,0.006876303939432157,0.010247316451549523
2015-07-29,0.000499875041651048,0.0005998200719676155,0.0013990209137073413,0.003294566949430031,0.006975613736425241,0.010445257861538649
2015-07-30,0.000499875041651048,0.000699755114273342,0.0014988761237358919,0.0035935355101301704,0.007174203748000358,0.010643160098479829
2015-07-31,0.0003999200213269354,0.0007996801705643322,0.0013990209137073413,0.003294566949430031,0.006677654753240569,0.009950330853168083
2015-08-03,0.00029995500899797546,0.0007996801705643322,0.0016985566355814776,0.003294566949430031,0.006776984279023752,0.009851316050374181
2015-08-04,0.000499875041651048,0.0007996801705643322,0.0017983819413793735,0.0036931718376175702,0.007372754329413085,0.010742096531902109
2015-08-05,0.000499875041651048,0.0007996801705643322,0.0018981972830802527,0.003792798238696237,0.007273483966498386,0.010939940038334366
2015-08-06,0.0003999200213269354,0.0003999200213269354,0.001998002662673056,0.0034938892542557796,0.007074913671961879,0.010742096531902109
2015-08-07,0.00029995500899797546,0.0005998200719676155,0.0022973590486834897,0.003792798238696237,0.007273483966498386,0.010742096531902109
2015-08-10,0.00029995500899797546,0.0011992805754820971,0.0023971245997214934,0.003992021269537453,0.007273483966498386,0.010841023177874857
2015-08-11,0.0005998200719676155,0.0009995003330835331,0.0022973590486834897,0.0036931718376175702,0.006776984279023752,0.010247316451549523
2015-08-12,0.0005998200719676155,0.0009995003330835331,0.0021975835434872217,0.0036931718376175702,0.006677654753240569,0.01004933585300144
2015-08-13,0.0005998200719676155,0.0009995003330835331,0.0023971245997214934,0.003992021269537453,0.007174203748000358,0.010544213875671154
2015-08-14,0.0003999200213269354,0.000899595242836093,0.002496880198587199,0.0040916179032535645,0.007273483966498386,0.010742096531902109
2015-08-17,0.00029995500899797546,0.0009995003330835331,0.0023971245997214934,0.003992021269537453,0.007174203748000358,0.010643160098479829
2015-08-18,0.000499875041651048,0.000699755114273342,0.002496880198587199,0.004191204618468071,0.007372754329413085,0.010643160098479829
2015-08-19,0.000499875041651048,0.000499875041651048,0.0021975835434872217,0.003892414715343839,0.006677654753240569,0.009752291442678272
2015-08-20,9.999500033330834e-05,0.00019998000266626675,0.0021975835434872217,0.003892414715343839,0.006876303939432157,0.009950330853168083
2015-08-21,0.00019998000266626675,0.00029995500899797546,0.002097798082146129,0.0035935355101301704,0.006379606964039027,0.009455158770755135
2015-08-24,0.00019998000266626675,0.0005998200719676155,0.001998002662673056,0.003294566949430031,0.005882663158155495,0.008959741371471906
2015-08-25,0.0003999200213269354,0.000699755114273342,0.0018981972830802527,0.0035935355101301704,0.006677654753240569,0.009752291442678272
2015-08-26,0.00029995500899797546,0.0005998200719676155,0.001998002662673056,0.0034938892542557796,0.006677654753240569,0.009752291442678272
2015-08-27,0.00019998000266626675,0.0005998200719676155,0.0021975835434872217,0.0035935355101301704,0.006776984279023752,0.009851316050374181
2015-08-28,0.00019998000266626675,0.0005998200719676155,0.002496880198587199,0.003792798238696237,0.007174203748000358,0.0103462920541443
2015-08-31,0.0,0.0007996801705643322,0.0026963615477426086,0.003892414715343839,0.007372754329413085,0.010643160098479829
2015-09-01,9.999500033330834e-05,0.00029995500899797546,0.002596625847265978,0.003892414715343839,0.006975613736425241,0.010247316451549523
2015-09-02,9.999500033330834e-05,0.00029995500899797546,0.002496880198587199,0.0036931718376175702,0.007174203748000358,0.0103462920541443
2015-09-03,0.00019998000266626675,0.00019998000266626675,0.0023971245997214934,0.0035935355101301704,0.007074913671961879,0.009950330853168083
2015-09-04,0.00019998000266626675,0.00019998000266626675,0.0022973590486834897,0.0035935355101301704,0.007074913671961879,0.009950330853168083
2015-09-07,0.00019998000266626675,0.00019998000266626675,0.0022973590486834897,0.0035935355101301704,0.007074913671961879,0.009950330853168083
2015-09-08,0.00019998000266626675,0.0005998200719676155,0.0026963615477426086,0.003892414715343839,0.007372754329413085,0.010445257861538649
2015-09-09,0.00019998000266626675,0.00029995500899797546,0.002596625847265978,0.003892414715343839,0.007472014838700995,0.010544213875671154
2015-09-10,0.00019998000266626675,0.00019998000266626675,0.002496880198587199,0.003892414715343839,0.007472014838700995,0.010544213875671154
2015-09-11,0.0003999200213269354,0.0003999200213269354,0.002496880198587199,0.003992021269537453,0.007074913671961879,0.010247316451549523
2015-09-14,0.00019998000266626675,0.000699755114273342,0.002596625847265978,0.003992021269537453,0.007273483966498386,0.010247316451549523
2015-09-15,0.0,0.000699755114273342,0.0026963615477426086,0.0046889894861315414,0.008166562666393415,0.011137744410455926
2015-09-16,0.0,0.0005998200719676155,0.0023971245997214934,0.0045894523338072864,0.008166562666393415,0.011236631925987681
2015-09-17,0.0,9.999500033330834e-05,0.0015987213636970278,0.003892414715343839,0.006975613736425241,0.009950330853168083
2015-09-18,0.0,0.0,0.0009995003330835331,0.0034938892542557796,0.006876303939432157,0.009653257028138304
2015-09-21,0.0,9.999500033330834e-05,0.0010993954433009636,0.0035935355101301704,0.007174203748000358,0.01004933585300144
2015-09-22,0.0,0.0,0.0009995003330835331,0.0034938892542557796,0.006876303939432157,0.009653257028138304
2015-09-23,0.0,9.999500033330834e-05,0.000899595242836093,0.0033942330680155476,0.006975613736425241,0.009950330853168083
2015-09-24,0.0,9.999500033330834e-05,0.000899595242836093,0.003194890896519197,0.006677654753240569,0.009653257028138304
2015-09-25,0.0,0.0,0.000699755114273342,0.0034938892542557796,0.006975613736425241,0.009950330853168083
2015-09-28,0.0,9.999500033330834e-05,0.0009995003330835331,0.0033942330680155476,0.006677654753240569,0.009653257028138304
2015-09-29,0.0,9.999500033330834e-05,0.000899595242836093,0.003294566949430031,0.006379606964039027,0.009157937784765629
2015-09-30,0.0,0.0,0.0007996801705643322,0.003294566949430031,0.006379606964039027,0.009157937784765629
2015-10-01,0.0,0.0,0.0007996801705643322,0.003095204907302419,0.006379606964039027,0.009157937784765629
2015-10-02,0.0,0.0,0.0005998200719676155,0.002496880198587199,0.005783244755727333,0.008464078412129412
2015-10-05,0.0,9.999500033330834e-05,0.0005998200719676155,0.002596625847265978,0.006081470315867959,0.008860628432196557
2015-10-06,0.0,0.0,0.000699755114273342,0.002596625847265978,0.006081470315867959,0.008959741371471906
2015-10-07,0.0,0.0,0.0007996801705643322,0.0026963615477426086,0.006478966097709123,0.009157937784765629
2015-10-08,0.0,0.0,0.000699755114273342,0.0026963615477426086,0.006478966097709123,0.009257021262676765
2015-10-09,9.999500033330834e-05,9.999500033330834e-05,0.000699755114273342,0.0027960873020012743,0.006478966097709123,0.009554212804811658
2015-10-12,9.999500033330834e-05,9.999500033330834e-05,0.000699755114273342,0.0027960873020012743,0.006478966097709123,0.009554212804811658
2015-10-13,0.0,9.999500033330834e-05,0.0007996801705643322,0.0026963615477426086,0.006379606964039027,0.009157937784765629
2015-10-14,0.0,0.0,0.0007996801705643322,0.002097798082146129,0.00568381646829767,0.008364916331627708
2015-10-15,0.0,9.999500033330834e-05,0.0007996801705643322,0.0021975835434872217,0.006081470315867959,0.008959741371471906
2015-10-16,0.00029995500899797546,9.999500033330834e-05,0.000699755114273342,0.0022973590486834897,0.006081470315867959,0.009058844488346039
2015-10-19,0.0005998200719676155,0.00019998000266626675,0.0011992805754820971,0.0022973590486834897,0.006081470315867959,0.008860628432196557
2015-10-20,0.0007996801705643322,0.00019998000266626675,0.0011992805754820971,0.0022973590486834897,0.006578315360122567,0.009257021262676765
2015-10-21,9.999500033330834e-05,9.999500033330834e-05,0.0011992805754820971,0.0022973590486834897,0.006379606964039027,0.009058844488346039
2015-10-22,0.00019998000266626675,0.0,0.0010993954433009636,0.0022973590486834897,0.006081470315867959,0.008860628432196557
2015-10-23,9.999500033330834e-05,9.999500033330834e-05,0.00129915573162005,0.0023971245997214934,0.006578315360122567,0.009356094924024953
2015-10-26,9.999500033330834e-05,0.00019998000266626675,0.0015987213636970278,0.002496880198587199,0.006578315360122567,0.009356094924024953
2015-10-27,9.999500033330834e-05,0.00029995500899797546,0.0017983819413793735,0.002895803112025565,0.006478966097709123,0.009157937784765629
2015-10-28,0.00029995500899797546,0.0003999200213269354,0.002097798082146129,0.003294566949430031,0.007273483966498386,0.009950330853168083
2015-10-29,0.00019998000266626675,0.000699755114273342,0.002097798082146129,0.003294566949430031,0.007472014838700995,0.010445257861538649
2015-10-30,9.999500033330834e-05,0.0007996801705643322,0.0022973590486834897,0.0033942330680155476,0.007472014838700995,0.010445257861538649
2015-11-02,9.999500033330834e-05,0.0007996801705643322,0.0026963615477426086,0.0036931718376175702,0.007670506304219701,0.010742096531902109
2015-11-03,0.000699755114273342,0.0005998200719676155,0.002596625847265978,0.003892414715343839,0.007968169649176874,0.010939940038334366
2015-11-04,0.000699755114273342,0.000499875041651048,0.0026963615477426086,0.003992021269537453,0.008364916331627708,0.01153323581367303
2015-11-05,0.0003999200213269354,0.000499875041651048,0.0026963615477426086,0.004191204618468071,0.008464078412129412,0.01153323581367303
2015-11-06,0.0003999200213269354,0.0007996801705643322,0.003194890896519197,0.0046889894861315414,0.008959741371471906,0.01222496962256897
2015-11-09,0.0005998200719676155,0.0013990209137073413,0.0033942330680155476,0.0046889894861315414,0.008860628432196557,0.012620031356102263
2015-11-10,0.0007996801705643322,0.00129915573162005,0.0033942330680155476,0.005087039048557106,0.008662373078652657,0.012126179797840564
2015-11-11,0.0007996801705643322,0.00129915573162005,0.0033942330680155476,0.005087039048557106,0.008662373078652657,0.012126179797840564
2015-11-12,0.0007996801705643322,0.0013990209137073413,0.0034938892542557796,0.005087039048557106,0.008860628432196557,0.012323749688831936
2015-11-13,0.00029995500899797546,0.0013990209137073413,0.003095204907302419,0.004987541511039074,0.008563230660487873,0.011928570865273802
2015-11-16,0.000499875041651048,0.0014988761237358919,0.003294566949430031,0.004987541511039074,0.00876150566857275,0.011730922875698666
2015-11-17,0.000699755114273342,0.0013990209137073413,0.0033942330680155476,0.004987541511039074,0.008563230660487873,0.011730922875698666
2015-11-18,0.000699755114273342,0.0011992805754820971,0.003095204907302419,0.004888034072775962,0.008959741371471906,0.012027380212718455
2015-11-19,0.0005998200719676155,0.0010993954433009636,0.003095204907302419,0.004888034072775962,0.009058844488346039,0.012027380212718455
2015-11-20,0.000499875041651048,0.0011992805754820971,0.003095204907302419,0.004888034072775962,0.009257021262676765,0.01222496962256897
2015-11-23,0.0005998200719676155,0.0013990209137073413,0.0034938892542557796,0.004987541511039074,0.009356094924024953,0.012521280553671745
2015-11-24,0.00129915573162005,0.0015987213636970278,0.0035935355101301704,0.005186526687300061,0.009257021262676765,0.01222496962256897
2015-11-25,0.0013990209137073413,0.0018981972830802527,0.003892414715343839,0.005186526687300061,0.009257021262676765,0.012422519998557154
2015-11-26,0.0013990209137073413,0.0018981972830802527,0.003892414715343839,0.005186526687300061,0.009257021262676765,0.012422519998557154
2015-11-27,0.00129915573162005,0.0017983819413793735,0.003792798238696237,0.004987541511039074,0.009157937784765629,0.01222496962256897
2015-11-30,0.0010993954433009636,0.0021975835434872217,0.004191204618468071,0.005087039048557106,0.009356094924024953,0.012323749688831936
2015-12-01,0.0018981972830802527,0.002097798082146129,0.004191204618468071,0.005087039048557106,0.009058844488346039,0.011829751753577198
2015-12-02,0.0018981972830802527,0.002097798082146129,0.004191204618468071,0.005186526687300061,0.009356094924024953,0.01222496962256897
2015-12-03,0.0017983819413793735,0.002097798082146129,0.004489905272852053,0.00568381646829767,0.009554212804811658,0.012620031356102263
2015-12-04,0.0016985566355814776,0.0022973590486834897,0.004888034072775962,0.005982071677547464,0.009554212804811658,0.012422519998557154
2015-12-07,0.002097798082146129,0.002895803112025565,0.00568381646829767,0.006677654753240569,0.009356094924024953,0.012323749688831936
2015-12-08,0.0022973590486834897,0.0026963615477426086,0.005783244755727333,0.007571265496318075,0.009356094924024953,0.012422519998557154
2015-12-09,0.0018981972830802527,0.002596625847265978,0.005286004429237355,0.007174203748000358,0.009257021262676765,0.012126179797840564
2015-12-10,0.0018981972830802527,0.0023971245997214934,0.005484930230569686,0.007074913671961879,0.009455158770755135,0.012422519998557154
2015-12-11,0.0014988761237358919,0.0022973590486834897,0.005186526687300061,0.006776984279023752,0.00876150566857275,0.01153323581367303
2015-12-14,0.00129915573162005,0.002596625847265978,0.005385472276337817,0.006776984279023752,0.009653257028138304,0.012422519998557154
2015-12-15,0.002097798082146129,0.002496880198587199,0.005385472276337817,0.006876303939432157,0.009752291442678272,0.012817503710614431
2015-12-16,0.001998002662673056,0.0026963615477426086,0.005087039048557106,0.006975613736425241,0.01014833105181515,0.013409686909917676
2015-12-17,0.0017983819413793735,0.0022973590486834897,0.004788516731797177,0.006876303939432157,0.009950330853168083,0.013212331472134813
2015-12-18,0.0015987213636970278,0.0018981972830802527,0.0046889894861315414,0.006677654753240569,0.009653257028138304,0.012620031356102263
2015-12-21,0.0013990209137073413,0.0023971245997214934,0.005087039048557106,0.006379606964039027,0.009554212804811658,0.012718772407774689
2015-12-22,0.0018981972830802527,0.002097798082146129,0.0046889894861315414,0.006578315360122567,0.009851316050374181,0.013014937077494654
2015-12-23,0.0018981972830802527,0.001998002662673056,0.0046889894861315414,0.006478966097709123,0.01004933585300144,0.013113639145383105
2015-12-24,0.0014988761237358919,0.001998002662673056,0.004888034072775962,0.006379606964039027,0.010247316451549523,0.013212331472134813
2015-12-25,0.0014988761237358919,0.001998002662673056,0.004888034072775962,0.006379606964039027,0.010247316451549523,0.013212331472134813
2015-12-28,0.00129915573162005,0.0022973590486834897,0.005087039048557106,0.006578315360122567,0.010445257861538649,0.013212331472134813
2015-12-29,0.0017983819413793735,0.0022973590486834897,0.004987541511039074,0.006677654753240569,0.010841023177874857,0.013705647056111932
2015-12-30,0.0007996801705643322,0.002097798082146129,0.0046889894861315414,0.006379606964039027,0.010742096531902109,0.013508350024792245
2015-12-31,0.0013990209137073413,0.0015987213636970278,0.004888034072775962,0.006478966097709123,0.010544213875671154,0.013014937077494654
2016-01-01,0.0013990209137073413,0.0015987213636970278,0.004888034072775962,0.006478966097709123,0.010544213875671154,0.013014937077494654
2016-01-04,0.0016985566355814776,0.0021975835434872217,0.004888034072775962,0.006081470315867959,0.01014833105181515,0.013014937077494654
2016-01-05,0.001998002662673056,0.001998002662673056,0.004888034072775962,0.006776984279023752,0.0103462920541443,0.013113639145383105
2016-01-06,0.002097798082146129,0.002097798082146129,0.0046889894861315414,0.006677654753240569,0.009851316050374181,0.012521280553671745
2016-01-07,0.001998002662673056,0.001998002662673056,0.0045894523338072864,0.006578315360122567,0.009554212804811658,0.012126179797840564
2016-01-08,0.001998002662673056,0.001998002662673056,0.004489905272852053,0.006379606964039027,0.009356094924024953,0.011928570865273802
2016-01-11,0.0018981972830802527,0.002097798082146129,0.004788516731797177,0.006280237957150483,0.009356094924024953,0.011928570865273802
2016-01-12,0.0021975835434872217,0.002097798082146129,0.0046889894861315414,0.006180859075081115,0.009257021262676765,0.011730922875698666
2016-01-13,0.0021975835434872217,0.0021975835434872217,0.0045894523338072864,0.005982071677547464,0.009058844488346039,0.011434377625663104
2016-01-14,0.0021975835434872217,0.002496880198587199,0.004290781417156275,0.005484930230569686,0.008959741371471906,0.0113355096637456
2016-01-15,0.0018981972830802527,0.0023971245997214934,0.0036931718376175702,0.004888034072775962,0.008464078412129412,0.010742096531902109
2016-01-18,0.0018981972830802527,0.0023971245997214934,0.0036931718376175702,0.004888034072775962,0.008464078412129412,0.010742096531902109
2016-01-19,0.002097798082146129,0.002596625847265978,0.0036931718376175702,0.004788516731797177,0.00876150566857275,0.011038847115216341
2016-01-20,0.002596625847265978,0.002596625847265978,0.0034938892542557796,0.004290781417156275,0.008464078412129412,0.010544213875671154
2016-01-21,0.0026963615477426086,0.0027960873020012743,0.003792798238696237,0.004390348301292895,0.008364916331627708,0.010544213875671154
2016-01-22,0.002596625847265978,0.003095204907302419,0.0040916179032535645,0.0046889894861315414,0.00876150566857275,0.011038847115216341
2016-01-25,0.002496880198587199,0.003095204907302419,0.004191204618468071,0.0046889894861315414,0.00876150566857275,0.010939940038334366
2016-01-26,0.002895803112025565,0.003095204907302419,0.004489905272852053,0.0046889894861315414,0.008464078412129412,0.010643160098479829
2016-01-27,0.0027960873020012743,0.003194890896519197,0.004290781417156275,0.0046889894861315414,0.008364916331627708,0.010643160098479829
2016-01-28,0.002596625847265978,0.0034938892542557796,0.004489905272852053,0.0046889894861315414,0.008265744417032617,0.010445257861538649
2016-01-29,0.0021975835434872217,0.003294566949430031,0.004290781417156275,0.0046889894861315414,0.007571265496318075,0.009653257028138304
2016-02-01,0.0018981972830802527,0.0034938892542557796,0.0046889894861315414,0.0046889894861315414,0.008067371077758798,0.01004933585300144
2016-02-02,0.002596625847265978,0.0033942330680155476,0.0046889894861315414,0.005385472276337817,0.007472014838700995,0.009257021262676765
2016-02-03,0.0026963615477426086,0.003294566949430031,0.0045894523338072864,0.005385472276337817,0.007174203748000358,0.009058844488346039
2016-02-04,0.0023971245997214934,0.002895803112025565,0.004290781417156275,0.005186526687300061,0.006975613736425241,0.008959741371471906
2016-02-05,0.0022973590486834897,0.002995508979798479,0.004489905272852053,0.005484930230569686,0.007372754329413085,0.009058844488346039
2016-02-08,0.002097798082146129,0.003194890896519197,0.004191204618468071,0.005087039048557106,0.006578315360122567,0.008265744417032617
2016-02-09,0.0026963615477426086,0.002995508979798479,0.004290781417156275,0.005186526687300061,0.006876303939432157,0.008464078412129412
2016-02-10,0.0026963615477426086,0.003095204907302419,0.004191204618468071,0.005186526687300061,0.007074913671961879,0.008464078412129412
2016-02-11,0.0026963615477426086,0.0027960873020012743,0.003892414715343839,0.0046889894861315414,0.006379606964039027,0.008067371077758798
2016-02-12,0.002596625847265978,0.002995508979798479,0.003892414715343839,0.005087039048557106,0.007074913671961879,0.008860628432196557
2016-02-15,0.002596625847265978,0.002995508979798479,0.003892414715343839,0.005087039048557106,0.007074913671961879,0.008860628432196557
2016-02-16,0.0022973590486834897,0.002995508979798479,0.004191204618468071,0.005087039048557106,0.007372754329413085,0.009058844488346039
2016-02-17,0.0027960873020012743,0.002995508979798479,0.004290781417156275,0.005286004429237355,0.007372754329413085,0.009257021262676765
2016-02-18,0.0027960873020012743,0.002995508979798479,0.004489905272852053,0.005286004429237355,0.007074913671961879,0.00876150566857275
2016-02-19,0.002596625847265978,0.003095204907302419,0.0045894523338072864,0.005286004429237355,0.007571265496318075,0.009058844488346039
2016-02-22,0.0027960873020012743,0.003294566949430031,0.0045894523338072864,0.005484930230569686,0.007769737264360665,0.009157937784765629
2016-02-23,0.0027960873020012743,0.003194890896519197,0.0046889894861315414,0.005484930230569686,0.007571265496318075,0.008959741371471906
2016-02-24,0.0027960873020012743,0.003294566949430031,0.0045894523338072864,0.005484930230569686,0.007472014838700995,0.008959741371471906
2016-02-25,0.0026963615477426086,0.003194890896519197,0.0045894523338072864,0.005584378293900616,0.007174203748000358,0.008464078412129412
2016-02-26,0.002596625847265978,0.003294566949430031,0.0046889894861315414,0.005982071677547464,0.007968169649176874,0.009257021262676765
2016-02-29,0.0022973590486834897,0.003294566949430031,0.004888034072775962,0.006180859075081115,0.007769737264360665,0.009058844488346039
2016-03-01,0.002895803112025565,0.003294566949430031,0.004987541511039074,0.006776984279023752,0.008464078412129412,0.009752291442678272
2016-03-02,0.0027960873020012743,0.0035935355101301704,0.004788516731797177,0.006677654753240569,0.008464078412129412,0.009950330853168083
2016-03-03,0.002496880198587199,0.0027960873020012743,0.0045894523338072864,0.006478966097709123,0.008464078412129412,0.009851316050374181
2016-03-04,0.002496880198587199,0.002895803112025565,0.0046889894861315414,0.006677654753240569,0.00876150566857275,0.0103462920541443
2016-03-07,0.0026963615477426086,0.003194890896519197,0.004888034072775962,0.006677654753240569,0.009058844488346039,0.010742096531902109
2016-03-08,0.0026963615477426086,0.002895803112025565,0.004788516731797177,0.006776984279023752,0.00876150566857275,0.0103462920541443
2016-03-09,0.0026963615477426086,0.002995508979798479,0.0046889894861315414,0.006776984279023752,0.008959741371471906,0.010643160098479829
2016-03-10,0.0026963615477426086,0.003194890896519197,0.004987541511039074,0.006876303939432157,0.009257021262676765,0.011038847115216341
2016-03-11,0.0026963615477426086,0.003294566949430031,0.005087039048557106,0.006975613736425241,0.009653257028138304,0.01153323581367303
2016-03-14,0.0027960873020012743,0.0033942330680155476,0.005186526687300061,0.006975613736425241,0.009653257028138304,0.011434377625663104
2016-03-15,0.002895803112025565,0.0033942330680155476,0.005186526687300061,0.007074913671961879,0.009752291442678272,0.01153323581367303
2016-03-16,0.0027960873020012743,0.003095204907302419,0.0046889894861315414,0.006578315360122567,0.008662373078652657,0.010445257861538649
2016-03-17,0.002895803112025565,0.002895803112025565,0.0046889894861315414,0.006379606964039027,0.008662373078652657,0.0103462920541443
2016-03-18,0.0026963615477426086,0.002995508979798479,0.004390348301292895,0.006180859075081115,0.008364916331627708,0.009950330853168083
2016-03-21,0.002596625847265978,0.003095204907302419,0.0045894523338072864,0.006280237957150483,0.008662373078652657,0.010445257861538649
2016-03-22,0.0027960873020012743,0.002995508979798479,0.0045894523338072864,0.006379606964039027,0.009058844488346039,0.010742096531902109
2016-03-23,0.0026963615477426086,0.002995508979798479,0.0045894523338072864,0.006379606964039027,0.008662373078652657,0.010247316451549523
2016-03-24,0.0023971245997214934,0.002995508979798479,0.0045894523338072864,0.006280237957150483,0.008860628432196557,0.010445257861538649
2016-03-25,0.0023971245997214934,0.002995508979798479,0.0045894523338072864,0.006280237957150483,0.008860628432196557,0.010445257861538649
2016-03-28,0.0018981972830802527,0.002895803112025565,0.004888034072775962,0.006478966097709123,0.008860628432196557,0.0103462920541443
2016-03-29,0.0017983819413793735,0.0022973590486834897,0.004489905272852053,0.006280237957150483,0.007769737264360665,0.009356094924024953
2016-03-30,0.0013990209137073413,0.001998002662673056,0.003892414715343839,0.006081470315867959,0.007571265496318075,0.009058844488346039
2016-03-31,0.0017983819413793735,0.002097798082146129,0.003892414715343839,0.005882663158155495,0.007273483966498386,0.008662373078652657
2016-04-01,0.001998002662673056,0.0022973590486834897,0.003992021269537453,0.006180859075081115,0.007571265496318075,0.008959741371471906
2016-04-04,0.0017983819413793735,0.0022973590486834897,0.003792798238696237,0.005882663158155495,0.007472014838700995,0.00876150566857275
2016-04-05,0.0018981972830802527,0.0022973590486834897,0.0035935355101301704,0.005584378293900616,0.007174203748000358,0.008464078412129412
2016-04-06,0.0018981972830802527,0.0022973590486834897,0.0035935355101301704,0.005484930230569686,0.007273483966498386,0.00876150566857275
2016-04-07,0.001998002662673056,0.0022973590486834897,0.0035935355101301704,0.005186526687300061,0.006975613736425241,0.008265744417032617
2016-04-08,0.001998002662673056,0.0022973590486834897,0.0033942330680155476,0.005385472276337817,0.006975613736425241,0.008364916331627708
2016-04-11,0.0018981972830802527,0.0022973590486834897,0.0033942330680155476,0.005286004429237355,0.006975613736425241,0.008464078412129412
2016-04-12,0.002097798082146129,0.0021975835434872217,0.0033942330680155476,0.005385472276337817,0.007372754329413085,0.008959741371471906
2016-04-13,0.002097798082146129,0.0022973590486834897,0.0035935355101301704,0.005484930230569686,0.007472014838700995,0.008959741371471906
2016-04-14,0.002097798082146129,0.0021975835434872217,0.0036931718376175702,0.005484930230569686,0.007670506304219701,0.009157937784765629
2016-04-15,0.0018981972830802527,0.0021975835434872217,0.0036931718376175702,0.005286004429237355,0.007372754329413085,0.008662373078652657
2016-04-18,0.0015987213636970278,0.0021975835434872217,0.0034938892542557796,0.005186526687300061,0.007472014838700995,0.008959741371471906
2016-04-19,0.0017983819413793735,0.002097798082146129,0.0035935355101301704,0.005286004429237355,0.007670506304219701,0.009157937784765629
2016-04-20,0.0017983819413793735,0.0022973590486834897,0.0035935355101301704,0.005385472276337817,0.007968169649176874,0.009653257028138304
2016-04-21,0.0018981972830802527,0.0022973590486834897,0.0036931718376175702,0.005584378293900616,0.008166562666393415,0.009752291442678272
2016-04-22,0.0018981972830802527,0.0022973590486834897,0.003792798238696237,0.005584378293900616,0.008364916331627708,0.01004933585300144
2016-04-25,0.0016985566355814776,0.002496880198587199,0.003992021269537453,0.00568381646829767,0.008464078412129412,0.01004933585300144
2016-04-26,0.0018981972830802527,0.0023971245997214934,0.004290781417156275,0.006081470315867959,0.008563230660487873,0.0103462920541443
2016-04-27,0.0017983819413793735,0.0023971245997214934,0.003992021269537453,0.005783244755727333,0.008265744417032617,0.009851316050374181
2016-04-28,0.0016985566355814776,0.0021975835434872217,0.003892414715343839,0.005584378293900616,0.007769737264360665,0.009257021262676765
2016-04-29,0.0015987213636970278,0.0021975835434872217,0.003992021269537453,0.005584378293900616,0.007670506304219701,0.009157937784765629
2016-05-02,0.0010993954433009636,0.0021975835434872217,0.0040916179032535645,0.005484930230569686,0.007968169649176874,0.009554212804811658
2016-05-03,0.0017983819413793735,0.002097798082146129,0.003992021269537453,0.005286004429237355,0.007472014838700995,0.009157937784765629
2016-05-04,0.0017983819413793735,0.0018981972830802527,0.003892414715343839,0.005186526687300061,0.007472014838700995,0.008860628432196557
2016-05-05,0.001998002662673056,0.001998002662673056,0.003892414715343839,0.005087039048557106,0.007174203748000358,0.008662373078652657
2016-05-06,0.001998002662673056,0.0018981972830802527,0.003892414715343839,0.005087039048557106,0.007372754329413085,0.008959741371471906
2016-05-09,0.002097798082146129,0.0023971245997214934,0.003792798238696237,0.005087039048557106,0.007174203748000358,0.008563230660487873
2016-05-10,0.002496880198587199,0.0023971245997214934,0.0035935355101301704,0.005186526687300061,0.007174203748000358,0.00876150566857275
2016-05-11,0.002496880198587199,0.002596625847265978,0.0036931718376175702,0.005286004429237355,0.007372754329413085,0.008662373078652657
2016-05-12,0.002496880198587199,0.0026963615477426086,0.0036931718376175702,0.005385472276337817,0.007571265496318075,0.009157937784765629
2016-05-13,0.002496880198587199,0.002895803112025565,0.003792798238696237,0.005484930230569686,0.007571265496318075,0.009058844488346039
2016-05-16,0.002097798082146129,0.0027960873020012743,0.003792798238696237,0.00568381646829767,0.00786895837869518,0.009356094924024953
2016-05-17,0.002496880198587199,0.0027960873020012743,0.003992021269537453,0.005783244755727333,0.008166562666393415,0.009653257028138304
2016-05-18,0.002496880198587199,0.002995508979798479,0.004290781417156275,0.006280237957150483,0.008959741371471906,0.010742096531902109
2016-05-19,0.002496880198587199,0.003095204907302419,0.004290781417156275,0.006379606964039027,0.008860628432196557,0.010544213875671154
2016-05-20,0.002596625847265978,0.003294566949430031,0.0045894523338072864,0.006677654753240569,0.008860628432196557,0.010445257861538649
2016-05-23,0.002596625847265978,0.0034938892542557796,0.004788516731797177,0.006876303939432157,0.009058844488346039,0.010445257861538649
2016-05-24,0.0027960873020012743,0.0034938892542557796,0.004788516731797177,0.006876303939432157,0.009157937784765629,0.010742096531902109
2016-05-25,0.0023971245997214934,0.003294566949430031,0.0046889894861315414,0.006677654753240569,0.009157937784765629,0.010742096531902109
2016-05-26,0.0016985566355814776,0.003095204907302419,0.0045894523338072864,0.006478966097709123,0.008662373078652657,0.010247316451549523
2016-05-27,0.0022973590486834897,0.003194890896519197,0.0046889894861315414,0.006776984279023752,0.008959741371471906,0.010544213875671154
2016-05-30,0.0022973590486834897,0.003194890896519197,0.0046889894861315414,0.006776984279023752,0.008959741371471906,0.010544213875671154
2016-05-31,0.0026963615477426086,0.0033942330680155476,0.004888034072775962,0.006776984279023752,0.008662373078652657,0.010247316451549523
2016-06-01,0.0026963615477426086,0.002995508979798479,0.004888034072775962,0.006975613736425241,0.009058844488346039,0.010643160098479829
2016-06-02,0.0018981972830802527,0.002895803112025565,0.004788516731797177,0.006776984279023752,0.008860628432196557,0.010247316451549523
2016-06-03,0.0018981972830802527,0.002995508979798479,0.004290781417156275,0.005982071677547464,0.007769737264360665,0.009157937784765629
2016-06-06,0.0018981972830802527,0.0027960873020012743,0.004290781417156275,0.005982071677547464,0.007968169649176874,0.009356094924024953
2016-06-07,0.001998002662673056,0.0027960873020012743,0.004290781417156275,0.005882663158155495,0.007769737264360665,0.009356094924024953
2016-06-08,0.001998002662673056,0.0023971245997214934,0.004290781417156275,0.005982071677547464,0.007769737264360665,0.009257021262676765
2016-06-09,0.002097798082146129,0.002596625847265978,0.004290781417156275,0.005882663158155495,0.007670506304219701,0.009058844488346039
2016-06-10,0.0017983819413793735,0.002596625847265978,0.004191204618468071,0.00568381646829767,0.007273483966498386,0.008662373078652657
2016-06-13,0.0022973590486834897,0.0026963615477426086,0.003992021269537453,0.005484930230569686,0.007273483966498386,0.008364916331627708
2016-06-14,0.0023971245997214934,0.0026963615477426086,0.0040916179032535645,0.005484930230569686,0.007372754329413085,0.008464078412129412
2016-06-15,0.0022973590486834897,0.002596625847265978,0.0036931718376175702,0.005186526687300061,0.006876303939432157,0.008067371077758798
2016-06-16,0.0022973590486834897,0.0026963615477426086,0.0035935355101301704,0.005286004429237355,0.006975613736425241,0.008067371077758798
2016-06-17,0.0021975835434872217,0.0026963615477426086,0.0036931718376175702,0.005087039048557106,0.006975613736425241,0.008265744417032617
2016-06-20,0.0022973590486834897,0.0027960873020012743,0.0040916179032535645,0.005584378293900616,0.007372754329413085,0.008662373078652657
2016-06-21,0.002496880198587199,0.0026963615477426086,0.0040916179032535645,0.00568381646829767,0.007571265496318075,0.008860628432196557
2016-06-22,0.002496880198587199,0.0026963615477426086,0.003992021269537453,0.005584378293900616,0.007472014838700995,0.00876150566857275
2016-06-23,0.0026963615477426086,0.003095204907302419,0.004290781417156275,0.005783244755727333,0.007769737264360665,0.009157937784765629
2016-06-24,0.0023971245997214934,0.0026963615477426086,0.003792798238696237,0.004788516731797177,0.006379606964039027,0.007571265496318075
2016-06-27,0.0021975835434872217,0.0026963615477426086,0.0034938892542557796,0.004489905272852053,0.006081470315867959,0.006975613736425241
2016-06-28,0.002496880198587199,0.002596625847265978,0.0034938892542557796,0.004489905272852053,0.006081470315867959,0.007074913671961879
2016-06-29,0.0017983819413793735,0.002596625847265978,0.0034938892542557796,0.0045894523338072864,0.006180859075081115,0.007372754329413085
2016-06-30,0.001998002662673056,0.002596625847265978,0.0035935355101301704,0.004489905272852053,0.005783244755727333,0.007074913671961879
2016-07-01,0.0023971245997214934,0.0027960873020012743,0.0036931718376175702,0.004489905272852053,0.005882663158155495,0.007074913671961879
2016-07-04,0.0023971245997214934,0.0027960873020012743,0.0036931718376175702,0.004489905272852053,0.005882663158155495,0.007074913671961879
2016-07-05,0.0026963615477426086,0.0027960873020012743,0.0034938892542557796,0.004390348301292895,0.005584378293900616,0.006578315360122567
2016-07-06,0.002596625847265978,0.0026963615477426086,0.0035935355101301704,0.0045894523338072864,0.005783244755727333,0.006876303939432157
2016-07-07,0.0026963615477426086,0.002895803112025565,0.0036931718376175702,0.0046889894861315414,0.005783244755727333,0.006876303939432157
2016-07-08,0.002596625847265978,0.0027960873020012743,0.0035935355101301704,0.004788516731797177,0.006081470315867959,0.007074913671961879
2016-07-11,0.0027960873020012743,0.003095204907302419,0.003992021269537453,0.004987541511039074,0.006578315360122567,0.007670506304219701
2016-07-12,0.002895803112025565,0.002895803112025565,0.003992021269537453,0.005186526687300061,0.006876303939432157,0.008067371077758798
2016-07-13,0.002895803112025565,0.003095204907302419,0.003992021269537453,0.005087039048557106,0.006776984279023752,0.007968169649176874
2016-07-14,0.002895803112025565,0.003194890896519197,0.0040916179032535645,0.005286004429237355,0.006776984279023752,0.008166562666393415
2016-07-15,0.0026963615477426086,0.003194890896519197,0.004191204618468071,0.005186526687300061,0.007074913671961879,0.008662373078652657
2016-07-18,0.002596625847265978,0.003194890896519197,0.004390348301292895,0.005186526687300061,0.006776984279023752,0.008464078412129412
2016-07-19,0.002895803112025565,0.003095204907302419,0.004390348301292895,0.005584378293900616,0.006975613736425241,0.008364916331627708
2016-07-20,0.0027960873020012743,0.003194890896519197,0.004390348301292895,0.005584378293900616,0.007273483966498386,0.008563230660487873
2016-07-21,0.0027960873020012743,0.003194890896519197,0.004390348301292895,0.005385472276337817,0.006975613736425241,0.008166562666393415
2016-07-22,0.002895803112025565,0.003294566949430031,0.004390348301292895,0.005484930230569686,0.007074913671961879,0.008364916331627708
2016-07-25,0.0027960873020012743,0.003194890896519197,0.004390348301292895,0.005484930230569686,0.007174203748000358,0.008662373078652657
2016-07-26,0.0023971245997214934,0.003095204907302419,0.004290781417156275,0.005484930230569686,0.007472014838700995,0.008662373078652657
2016-07-27,0.002496880198587199,0.003095204907302419,0.003992021269537453,0.005286004429237355,0.007273483966498386,0.008265744417032617
2016-07-28,0.0018981972830802527,0.002496880198587199,0.003892414715343839,0.005286004429237355,0.007174203748000358,0.008166562666393415
2016-07-29,0.0018981972830802527,0.0027960873020012743,0.003792798238696237,0.004987541511039074,0.006677654753240569,0.007571265496318075
2016-08-01,0.001998002662673056,0.002895803112025565,0.003992021269537453,0.004987541511039074,0.006677654753240569,0.007769737264360665
2016-08-02,0.0027960873020012743,0.002895803112025565,0.0040916179032535645,0.004987541511039074,0.006677654753240569,0.00786895837869518
2016-08-03,0.002596625847265978,0.0027960873020012743,0.004191204618468071,0.005286004429237355,0.006677654753240569,0.007769737264360665
2016-08-04,0.0023971245997214934,0.002596625847265978,0.0040916179032535645,0.005087039048557106,0.006379606964039027,0.007571265496318075
2016-08-05,0.0022973590486834897,0.0027960873020012743,0.004489905272852053,0.005584378293900616,0.007174203748000358,0.008563230660487873
2016-08-08,0.0026963615477426086,0.003095204907302419,0.004489905272852053,0.00568381646829767,0.007372754329413085,0.008563230660487873
2016-08-09,0.0026963615477426086,0.002895803112025565,0.004390348301292895,0.005484930230569686,0.007074913671961879,0.008364916331627708
2016-08-10,0.0026963615477426086,0.0027960873020012743,0.004290781417156275,0.005484930230569686,0.006876303939432157,0.007968169649176874
2016-08-11,0.0026963615477426086,0.0027960873020012743,0.004489905272852053,0.005484930230569686,0.007571265496318075,0.00876150566857275
2016-08-12,0.0026963615477426086,0.002895803112025565,0.004290781417156275,0.005584378293900616,0.007074913671961879,0.008166562666393415
2016-08-15,0.002596625847265978,0.003095204907302419,0.0045894523338072864,0.005584378293900616,0.007174203748000358,0.008464078412129412
2016-08-16,0.0026963615477426086,0.0026963615477426086,0.004489905272852053,0.00568381646829767,0.007571265496318075,0.008662373078652657
2016-08-17,0.0026963615477426086,0.002995508979798479,0.0045894523338072864,0.005783244755727333,0.007372754329413085,0.008563230660487873
2016-08-18,0.0026963615477426086,0.002995508979798479,0.004390348301292895,0.005783244755727333,0.007074913671961879,0.008067371077758798
2016-08-19,0.0026963615477426086,0.002995508979798479,0.004390348301292895,0.005882663158155495,0.007571265496318075,0.00876150566857275
2016-08-22,0.0023971245997214934,0.002895803112025565,0.004489905272852053,0.005783244755727333,0.007571265496318075,0.008563230660487873
2016-08-23,0.0027960873020012743,0.002995508979798479,0.004489905272852053,0.005783244755727333,0.007372754329413085,0.008563230660487873
2016-08-24,0.0027960873020012743,0.003095204907302419,0.0045894523338072864,0.005882663158155495,0.007571265496318075,0.008662373078652657
2016-08-25,0.0027960873020012743,0.003294566949430031,0.0045894523338072864,0.005982071677547464,0.007769737264360665,0.008860628432196557
2016-08-26,0.0027960873020012743,0.0033942330680155476,0.0046889894861315414,0.006180859075081115,0.008364916331627708,0.009554212804811658
2016-08-29,0.002496880198587199,0.003294566949430031,0.004888034072775962,0.006180859075081115,0.008067371077758798,0.009157937784765629
2016-08-30,0.0022973590486834897,0.003294566949430031,0.0046889894861315414,0.006081470315867959,0.007968169649176874,0.009157937784765629
2016-08-31,0.002596625847265978,0.003294566949430031,0.0046889894861315414,0.006081470315867959,0.007968169649176874,0.009157937784765629
2016-09-01,0.0026963615477426086,0.003294566949430031,0.0046889894861315414,0.005982071677547464,0.007769737264360665,0.009058844488346039
2016-09-02,0.002496880198587199,0.003294566949430031,0.004489905272852053,0.005882663158155495,0.007968169649176874,0.009157937784765629
2016-09-05,0.002496880198587199,0.003294566949430031,0.004489905272852053,0.005882663158155495,0.007968169649176874,0.009157937784765629
2016-09-06,0.0023971245997214934,0.003194890896519197,0.004489905272852053,0.005584378293900616,0.007372754329413085,0.008563230660487873
2016-09-07,0.002496880198587199,0.0033942330680155476,0.004888034072775962,0.00568381646829767,0.007372754329413085,0.008563230660487873
2016-09-08,0.002596625847265978,0.0034938892542557796,0.004987541511039074,0.00568381646829767,0.007769737264360665,0.009058844488346039
2016-09-09,0.0023971245997214934,0.0034938892542557796,0.005087039048557106,0.005783244755727333,0.00786895837869518,0.009257021262676765
2016-09-12,0.0023971245997214934,0.0036931718376175702,0.005286004429237355,0.00568381646829767,0.00786895837869518,0.009157937784765629
2016-09-13,0.002496880198587199,0.0035935355101301704,0.005385472276337817,0.006280237957150483,0.007968169649176874,0.009455158770755135
2016-09-14,0.0023971245997214934,0.003294566949430031,0.005186526687300061,0.006180859075081115,0.007670506304219701,0.008959741371471906
2016-09-15,0.001998002662673056,0.002895803112025565,0.004888034072775962,0.005982071677547464,0.007372754329413085,0.008662373078652657
2016-09-16,0.001998002662673056,0.002995508979798479,0.004987541511039074,0.006081470315867959,0.007670506304219701,0.009058844488346039
2016-09-19,0.0015987213636970278,0.002995508979798479,0.004788516731797177,0.005982071677547464,0.00786895837869518,0.009157937784765629
2016-09-20,0.0016985566355814776,0.002995508979798479,0.004888034072775962,0.006081470315867959,0.00786895837869518,0.009257021262676765
2016-09-21,0.0011992805754820971,0.0021975835434872217,0.004390348301292895,0.006081470315867959,0.00786895837869518,0.009157937784765629
2016-09-22,0.0009995003330835331,0.0017983819413793735,0.003892414715343839,0.005982071677547464,0.00786895837869518,0.009058844488346039
2016-09-23,0.000899595242836093,0.0017983819413793735,0.003992021269537453,0.005982071677547464,0.007670506304219701,0.008959741371471906
2016-09-26,0.0011992805754820971,0.002496880198587199,0.004191204618468071,0.005783244755727333,0.007571265496318075,0.008662373078652657
2016-09-27,0.0015987213636970278,0.002596625847265978,0.004191204618468071,0.005783244755727333,0.007472014838700995,0.008563230660487873
2016-09-28,0.0013990209137073413,0.0026963615477426086,0.004390348301292895,0.005982071677547464,0.007472014838700995,0.008662373078652657
2016-09-29,0.0011992805754820971,0.002596625847265978,0.004290781417156275,0.005882663158155495,0.007273483966498386,0.008464078412129412
2016-09-30,0.001998002662673056,0.002895803112025565,0.004489905272852053,0.005882663158155495,0.007670506304219701,0.00876150566857275
2016-10-03,0.002496880198587199,0.003194890896519197,0.004788516731797177,0.006280237957150483,0.007968169649176874,0.009058844488346039
2016-10-04,0.0027960873020012743,0.003294566949430031,0.004788516731797177,0.006379606964039027,0.008166562666393415,0.009455158770755135
2016-10-05,0.002596625847265978,0.003194890896519197,0.004788516731797177,0.006478966097709123,0.008464078412129412,0.009752291442678272
2016-10-06,0.002596625847265978,0.003294566949430031,0.0045894523338072864,0.006478966097709123,0.008563230660487873,0.009950330853168083
2016-10-07,0.002596625847265978,0.003294566949430031,0.0045894523338072864,0.006578315360122567,0.008265744417032617,0.009851316050374181
2016-10-10,0.002596625847265978,0.003294566949430031,0.0045894523338072864,0.006578315360122567,0.008265744417032617,0.009851316050374181
2016-10-11,0.0026963615477426086,0.0034938892542557796,0.004788516731797177,0.006876303939432157,0.008662373078652657,0.010247316451549523
2016-10-12,0.002596625847265978,0.0036931718376175702,0.004888034072775962,0.006776984279023752,0.008662373078652657,0.009851316050374181
2016-10-13,0.002596625847265978,0.002995508979798479,0.004489905272852053,0.006578315360122567,0.008464078412129412,0.009950330853168083
2016-10-14,0.002596625847265978,0.003194890896519197,0.0045894523338072864,0.006578315360122567,0.008364916331627708,0.009950330853168083
2016-10-17,0.0023971245997214934,0.0033942330680155476,0.0046889894861315414,0.006478966097709123,0.008067371077758798,0.009752291442678272
2016-10-18,0.002596625847265978,0.0033942330680155476,0.0046889894861315414,0.006578315360122567,0.008166562666393415,0.009554212804811658
2016-10-19,0.002496880198587199,0.0034938892542557796,0.004788516731797177,0.006478966097709123,0.008067371077758798,0.009554212804811658
2016-10-20,0.002496880198587199,0.0034938892542557796,0.004788516731797177,0.006578315360122567,0.008364916331627708,0.009752291442678272
2016-10-21,0.002496880198587199,0.0033942330680155476,0.0046889894861315414,0.006578315360122567,0.008364916331627708,0.009752291442678272
2016-10-24,0.0022973590486834897,0.003294566949430031,0.0045894523338072864,0.006578315360122567,0.008364916331627708,0.009950330853168083
2016-10-25,0.0021975835434872217,0.0033942330680155476,0.004888034072775962,0.006578315360122567,0.008563230660487873,0.009950330853168083
2016-10-26,0.002496880198587199,0.003294566949430031,0.004888034072775962,0.006677654753240569,0.008563230660487873,0.01004933585300144
2016-10-27,0.0018981972830802527,0.002995508979798479,0.004888034072775962,0.006776984279023752,0.008662373078652657,0.0103462920541443
2016-10-28,0.0017983819413793735,0.002995508979798479,0.004888034072775962,0.006578315360122567,0.008563230660487873,0.01014833105181515
2016-10-31,0.001998002662673056,0.0033942330680155476,0.005087039048557106,0.006578315360122567,0.008563230660487873,0.009950330853168083
2016-11-01,0.0023971245997214934,0.0034938892542557796,0.004987541511039074,0.006478966097709123,0.008265744417032617,0.009851316050374181
2016-11-02,0.0023971245997214934,0.0036931718376175702,0.005087039048557106,0.006379606964039027,0.008067371077758798,0.009752291442678272
2016-11-03,0.0023971245997214934,0.003792798238696237,0.005186526687300061,0.006379606964039027,0.008067371077758798,0.009752291442678272
2016-11-04,0.002496880198587199,0.003792798238696237,0.005186526687300061,0.006180859075081115,0.007968169649176874,0.009455158770755135
2016-11-07,0.0027960873020012743,0.0040916179032535645,0.005385472276337817,0.006280237957150483,0.008166562666393415,0.009851316050374181
2016-11-08,0.0027960873020012743,0.004290781417156275,0.005584378293900616,0.007074913671961879,0.008662373078652657,0.0103462920541443
2016-11-09,0.002995508979798479,0.004489905272852053,0.005584378293900616,0.007174203748000358,0.008959741371471906,0.011137744410455926
2016-11-10,0.002995508979798479,0.004788516731797177,0.005882663158155495,0.007174203748000358,0.009157937784765629,0.011632084229707651
2016-11-11,0.002995508979798479,0.004788516731797177,0.005882663158155495,0.007174203748000358,0.009157937784765629,0.011632084229707651
2016-11-14,0.003194890896519197,0.005484930230569686,0.006478966097709123,0.007670506304219701,0.009950330853168083,0.012620031356102263
2016-11-15,0.002995508979798479,0.005087039048557106,0.006081470315867959,0.007769737264360665,0.01014833105181515,0.012718772407774689
2016-11-16,0.003194890896519197,0.0046889894861315414,0.006180859075081115,0.007571265496318075,0.009950330853168083,0.012718772407774689
2016-11-17,0.002995508979798479,0.004390348301292895,0.006081470315867959,0.007670506304219701,0.0103462920541443,0.013014937077494654
2016-11-18,0.0027960873020012743,0.004390348301292895,0.005982071677547464,0.007670506304219701,0.010643160098479829,0.013508350024792245
2016-11-21,0.0027960873020012743,0.0045894523338072864,0.005982071677547464,0.007769737264360665,0.010742096531902109,0.013508350024792245
2016-11-22,0.0033942330680155476,0.004888034072775962,0.006081470315867959,0.007769737264360665,0.010643160098479829,0.013409686909917676
2016-11-23,0.0034938892542557796,0.005087039048557106,0.006280237957150483,0.007968169649176874,0.011137744410455926,0.01390290516899142
2016-11-24,0.0034938892542557796,0.005087039048557106,0.006280237957150483,0.007968169649176874,0.011137744410455926,0.01390290516899142
2016-11-25,0.0033942330680155476,0.004888034072775962,0.006180859075081115,0.008067371077758798,0.011137744410455926,0.014001519635813609
2016-11-28,0.003194890896519197,0.004788516731797177,0.005982071677547464,0.00786895837869518,0.011038847115216341,0.013705647056111932
2016-11-29,0.0033942330680155476,0.004788516731797177,0.005982071677547464,0.007769737264360665,0.010841023177874857,0.013607003406216902
2016-11-30,0.003792798238696237,0.004788516731797177,0.006180859075081115,0.007968169649176874,0.011038847115216341,0.01390290516899142
2016-12-01,0.003194890896519197,0.004788516731797177,0.005982071677547464,0.008166562666393415,0.0113355096637456,0.014395880283732381
2016-12-02,0.0033942330680155476,0.004888034072775962,0.006081470315867959,0.007968169649176874,0.011038847115216341,0.01390290516899142
2016-12-05,0.0033942330680155476,0.004888034072775962,0.006280237957150483,0.008166562666393415,0.011236631925987681,0.014100124378781635
2016-12-06,0.0034938892542557796,0.004888034072775962,0.006280237957150483,0.008265744417032617,0.011137744410455926,0.014001519635813609
2016-12-07,0.003792798238696237,0.005186526687300061,0.006280237957150483,0.008464078412129412,0.010939940038334366,0.013804280976397056
2016-12-08,0.003892414715343839,0.005087039048557106,0.006180859075081115,0.008364916331627708,0.011137744410455926,0.01390290516899142
2016-12-09,0.0040916179032535645,0.005385472276337817,0.006379606964039027,0.008464078412129412,0.011434377625663104,0.014198719399812949
2016-12-12,0.004191204618468071,0.005087039048557106,0.006379606964039027,0.008464078412129412,0.011434377625663104,0.014297304700824425
2016-12-13,0.0046889894861315414,0.005385472276337817,0.006578315360122567,0.00876150566857275,0.011632084229707651,0.014494446150452563
2016-12-14,0.004888034072775962,0.005484930230569686,0.006578315360122567,0.009157937784765629,0.012620031356102263,0.015578029963318418
2016-12-15,0.004788516731797177,0.005087039048557106,0.006478966097709123,0.009058844488346039,0.012817503710614431,0.015971769509698662
2016-12-16,0.0045894523338072864,0.005087039048557106,0.006478966097709123,0.009058844488346039,0.012718772407774689,0.015774919115362215
2016-12-19,0.004489905272852053,0.005186526687300061,0.006478966097709123,0.008959741371471906,0.012323749688831936,0.015381102038302324
2016-12-20,0.004788516731797177,0.005186526687300061,0.006578315360122567,0.008959741371471906,0.012422519998557154,0.01547957084838632
2016-12-21,0.0045894523338072864,0.005186526687300061,0.006478966097709123,0.00876150566857275,0.012027380212718455,0.015282623531156904
2016-12-22,0.004191204618468071,0.005087039048557106,0.006478966097709123,0.008662373078652657,0.012126179797840564,0.015282623531156904
2016-12-23,0.004191204618468071,0.005186526687300061,0.006478966097709123,0.008662373078652657,0.012126179797840564,0.015282623531156904
2016-12-26,0.004191204618468071,0.005186526687300061,0.006478966097709123,0.008662373078652657,0.012126179797840564,0.015282623531156904
2016-12-27,0.004987541511039074,0.005087039048557106,0.006578315360122567,0.008860628432196557,0.012718772407774689,0.01567647938500758
2016-12-28,0.004788516731797177,0.005286004429237355,0.006180859075081115,0.008959741371471906,0.012521280553671745,0.015381102038302324
2016-12-29,0.003892414715343839,0.0046889894861315414,0.006180859075081115,0.008464078412129412,0.012126179797840564,0.01479008547263543
2016-12-30,0.004390348301292895,0.005087039048557106,0.006180859075081115,0.008464078412129412,0.011928570865273802,0.01459300230290015
2017-01-02,0.004390348301292895,0.005087039048557106,0.006180859075081115,0.008464078412129412,0.011928570865273802,0.01459300230290015
2017-01-03,0.005186526687300061,0.005286004429237355,0.006478966097709123,0.008860628432196557,0.012126179797840564,0.014888612493750654
2017-01-04,0.004888034072775962,0.005286004429237355,0.006280237957150483,0.008662373078652657,0.012323749688831936,0.014888612493750654
2017-01-05,0.005087039048557106,0.005186526687300061,0.006180859075081115,0.008265744417032617,0.011632084229707651,0.014198719399812949
2017-01-06,0.004987541511039074,0.005286004429237355,0.006081470315867959,0.008464078412129412,0.012126179797840564,0.014888612493750654
2017-01-09,0.004987541511039074,0.004987541511039074,0.005982071677547464,0.008166562666393415,0.012027380212718455,0.01459300230290015
2017-01-10,0.005087039048557106,0.005186526687300061,0.005982071677547464,0.008166562666393415,0.011829751753577198,0.01459300230290015
2017-01-11,0.005087039048557106,0.005186526687300061,0.005982071677547464,0.008166562666393415,0.011928570865273802,0.01459300230290015
2017-01-12,0.005186526687300061,0.005186526687300061,0.005882663158155495,0.008067371077758798,0.011730922875698666,0.014395880283732381
2017-01-13,0.005186526687300061,0.005286004429237355,0.006081470315867959,0.008166562666393415,0.012027380212718455,0.014691548742989757
2017-01-16,0.005186526687300061,0.005286004429237355,0.006081470315867959,0.008166562666393415,0.012027380212718455,0.014691548742989757
2017-01-17,0.005186526687300061,0.005484930230569686,0.006180859075081115,0.007968169649176874,0.011632084229707651,0.014100124378781635
2017-01-18,0.004788516731797177,0.005286004429237355,0.006280237957150483,0.008166562666393415,0.01222496962256897,0.014987129808248345
2017-01-19,0.0046889894861315414,0.005186526687300061,0.006180859075081115,0.008265744417032617,0.012422519998557154,0.015184135325039967
2017-01-20,0.0045894523338072864,0.004987541511039074,0.006180859075081115,0.008166562666393415,0.011928570865273802,0.014888612493750654
2017-01-23,0.0045894523338072864,0.005087039048557106,0.005882663158155495,0.00786895837869518,0.01153323581367303,0.014198719399812949
2017-01-24,0.004987541511039074,0.005087039048557106,0.006180859075081115,0.008067371077758798,0.012027380212718455,0.01479008547263543
2017-01-25,0.004788516731797177,0.004987541511039074,0.006081470315867959,0.008166562666393415,0.01222496962256897,0.015085637418040853
2017-01-26,0.004888034072775962,0.005087039048557106,0.006180859075081115,0.008166562666393415,0.012027380212718455,0.01479008547263543
2017-01-27,0.004888034072775962,0.005186526687300061,0.006280237957150483,0.008166562666393415,0.012126179797840564,0.014691548742989757
2017-01-30,0.004888034072775962,0.005087039048557106,0.006280237957150483,0.008067371077758798,0.012126179797840564,0.014691548742989757
2017-01-31,0.004987541511039074,0.005186526687300061,0.006379606964039027,0.008364916331627708,0.011829751753577198,0.014494446150452563
2017-02-01,0.004987541511039074,0.005087039048557106,0.006478966097709123,0.008265744417032617,0.012126179797840564,0.01479008547263543
2017-02-02,0.004987541511039074,0.005186526687300061,0.006379606964039027,0.008364916331627708,0.012027380212718455,0.014691548742989757
2017-02-03,0.004888034072775962,0.005087039048557106,0.006280237957150483,0.008166562666393415,0.012027380212718455,0.01479008547263543
2017-02-06,0.004788516731797177,0.005286004429237355,0.006180859075081115,0.00786895837869518,0.01153323581367303,0.014198719399812949
2017-02-07,0.005087039048557106,0.005286004429237355,0.006280237957150483,0.007968169649176874,0.01153323581367303,0.014198719399812949
2017-02-08,0.005186526687300061,0.005385472276337817,0.006280237957150483,0.00786895837869518,0.011434377625663104,0.01390290516899142
2017-02-09,0.005087039048557106,0.005385472276337817,0.006379606964039027,0.007968169649176874,0.011928570865273802,0.014494446150452563
2017-02-10,0.005087039048557106,0.005484930230569686,0.006379606964039027,0.008067371077758798,0.011928570865273802,0.01459300230290015
2017-02-13,0.004987541511039074,0.005186526687300061,0.006280237957150483,0.008166562666393415,0.011928570865273802,0.014691548742989757
2017-02-14,0.005087039048557106,0.005385472276337817,0.006578315360122567,0.008364916331627708,0.012422519998557154,0.015184135325039967
2017-02-15,0.005286004429237355,0.005385472276337817,0.006677654753240569,0.008563230660487873,0.012620031356102263,0.015578029963318418
2017-02-16,0.005087039048557106,0.005286004429237355,0.006578315360122567,0.008166562666393415,0.012126179797840564,0.014888612493750654
2017-02-17,0.004987541511039074,0.005286004429237355,0.006578315360122567,0.008166562666393415,0.012027380212718455,0.014691548742989757
2017-02-20,0.004987541511039074,0.005286004429237355,0.006578315360122567,0.008166562666393415,0.012027380212718455,0.014691548742989757
2017-02-21,0.004888034072775962,0.005286004429237355,0.006876303939432157,0.008265744417032617,0.012126179797840564,0.014888612493750654
2017-02-22,0.0046889894861315414,0.005186526687300061,0.006776984279023752,0.008166562666393415,0.012126179797840564,0.01479008547263543
2017-02-23,0.003892414715343839,0.005087039048557106,0.006578315360122567,0.008067371077758798,0.011730922875698666,0.014297304700824425
2017-02-24,0.003992021269537453,0.005186526687300061,0.006478966097709123,0.007968169649176874,0.011137744410455926,0.013705647056111932
2017-02-27,0.004390348301292895,0.004987541511039074,0.006776984279023752,0.008067371077758798,0.011928570865273802,0.014494446150452563
2017-02-28,0.003992021269537453,0.005286004429237355,0.006876303939432157,0.00876150566857275,0.012126179797840564,0.01479008547263543
2017-03-01,0.0045894523338072864,0.006280237957150483,0.00786895837869518,0.009157937784765629,0.012817503710614431,0.015578029963318418
2017-03-02,0.005186526687300061,0.006677654753240569,0.008364916331627708,0.009752291442678272,0.013113639145383105,0.01587334915629015
2017-03-03,0.005584378293900616,0.007074913671961879,0.008364916331627708,0.009752291442678272,0.013113639145383105,0.015774919115362215
2017-03-06,0.005584378293900616,0.007372754329413085,0.008265744417032617,0.009653257028138304,0.013014937077494654,0.01587334915629015
2017-03-07,0.005484930230569686,0.007571265496318075,0.008662373078652657,0.01014833105181515,0.013113639145383105,0.01607018017749447
2017-03-08,0.005385472276337817,0.007273483966498386,0.008563230660487873,0.010247316451549523,0.013508350024792245,0.016365354086264272
2017-03-09,0.004987541511039074,0.007273483966498386,0.00876150566857275,0.0103462920541443,0.013607003406216902,0.016562088298978293
2017-03-10,0.005982071677547464,0.007472014838700995,0.008860628432196557,0.010247316451549523,0.013508350024792245,0.01646372603066508
2017-03-13,0.006876303939432157,0.00786895837869518,0.009257021262676765,0.010544213875671154,0.01390290516899142,0.016758783814954704
2017-03-14,0.007670506304219701,0.007769737264360665,0.009257021262676765,0.010544213875671154,0.01390290516899142,0.01666044089310724
2017-03-15,0.007074913671961879,0.007273483966498386,0.008860628432196557,0.01014833105181515,0.013212331472134813,0.015774919115362215
2017-03-16,0.006776984279023752,0.007273483966498386,0.008860628432196557,0.01004933585300144,0.013409686909917676,0.016168581161583706
2017-03-17,0.007074913671961879,0.007273483966498386,0.008662373078652657,0.009950330853168083,0.013212331472134813,0.01587334915629015
2017-03-20,0.006975613736425241,0.007571265496318075,0.008860628432196557,0.01004933585300144,0.01291622526654633,0.015578029963318418
2017-03-21,0.007571265496318075,0.007670506304219701,0.009058844488346039,0.009950330853168083,0.012620031356102263,0.015282623531156904
2017-03-22,0.007372754329413085,0.007670506304219701,0.008959741371471906,0.009851316050374181,0.012620031356102263,0.015085637418040853
2017-03-23,0.007273483966498386,0.007571265496318075,0.008959741371471906,0.009851316050374181,0.012521280553671745,0.015085637418040853
2017-03-24,0.007273483966498386,0.007769737264360665,0.008860628432196557,0.009950330853168083,0.012521280553671745,0.015085637418040853
2017-03-27,0.007273483966498386,0.007769737264360665,0.009058844488346039,0.009950330853168083,0.012620031356102263,0.014987129808248345
2017-03-28,0.007472014838700995,0.007769737264360665,0.009157937784765629,0.010247316451549523,0.01291622526654633,0.01547957084838632
2017-03-29,0.007571265496318075,0.007769737264360665,0.009157937784765629,0.0103462920541443,0.012521280553671745,0.015184135325039967
2017-03-30,0.007472014838700995,0.007769737264360665,0.009058844488346039,0.010247316451549523,0.012718772407774689,0.015381102038302324
2017-03-31,0.007372754329413085,0.007571265496318075,0.009058844488346039,0.010247316451549523,0.012620031356102263,0.014888612493750654
2017-04-03,0.007273483966498386,0.00786895837869518,0.009157937784765629,0.01014833105181515,0.012323749688831936,0.01459300230290015
2017-04-04,0.007670506304219701,0.00786895837869518,0.009157937784765629,0.010247316451549523,0.012422519998557154,0.01459300230290015
2017-04-05,0.007670506304219701,0.007968169649176874,0.009257021262676765,0.010247316451549523,0.012323749688831936,0.014297304700824425
2017-04-06,0.007769737264360665,0.00786895837869518,0.009356094924024953,0.010445257861538649,0.012323749688831936,0.014395880283732381
2017-04-07,0.007670506304219701,0.008166562666393415,0.009455158770755135,0.010742096531902109,0.012817503710614431,0.015085637418040853
2017-04-10,0.007670506304219701,0.008166562666393415,0.009653257028138304,0.010643160098479829,0.012817503710614431,0.015085637418040853
2017-04-11,0.007372754329413085,0.008166562666393415,0.009356094924024953,0.010445257861538649,0.012323749688831936,0.014395880283732381
2017-04-12,0.007670506304219701,0.008067371077758798,0.009455158770755135,0.0103462920541443,0.012323749688831936,0.014297304700824425
2017-04-13,0.007571265496318075,0.008067371077758798,0.009356094924024953,0.010247316451549523,0.012027380212718455,0.01390290516899142
2017-04-14,0.007571265496318075,0.008067371077758798,0.009356094924024953,0.010247316451549523,0.012027380212718455,0.01390290516899142
2017-04-17,0.007571265496318075,0.008265744417032617,0.009356094924024953,0.0103462920541443,0.012027380212718455,0.014100124378781635
2017-04-18,0.007571265496318075,0.008166562666393415,0.009356094924024953,0.01014833105181515,0.011730922875698666,0.013409686909917676
2017-04-19,0.007472014838700995,0.008067371077758798,0.009356094924024953,0.01014833105181515,0.011829751753577198,0.013705647056111932
2017-04-20,0.007273483966498386,0.00786895837869518,0.009257021262676765,0.01004933585300144,0.012027380212718455,0.014001519635813609
2017-04-21,0.007174203748000358,0.00786895837869518,0.009157937784765629,0.009851316050374181,0.011928570865273802,0.01390290516899142
2017-04-24,0.007372754329413085,0.008067371077758798,0.009554212804811658,0.010247316451549523,0.012422519998557154,0.014297304700824425
2017-04-25,0.007273483966498386,0.008166562666393415,0.009752291442678272,0.010841023177874857,0.012817503710614431,0.01479008547263543
2017-04-26,0.007372754329413085,0.008265744417032617,0.009851316050374181,0.010643160098479829,0.012718772407774689,0.014494446150452563
2017-04-27,0.006975613736425241,0.008067371077758798,0.009752291442678272,0.010544213875671154,0.012422519998557154,0.014297304700824425
2017-04-28,0.006776984279023752,0.007968169649176874,0.009851316050374181,0.010643160098479829,0.012718772407774689,0.014395880283732381
2017-05-01,0.006677654753240569,0.008265744417032617,0.009752291442678272,0.010841023177874857,0.012718772407774689,0.014691548742989757
2017-05-02,0.007174203748000358,0.008166562666393415,0.009851316050374181,0.010742096531902109,0.012620031356102263,0.014395880283732381
2017-05-03,0.007273483966498386,0.008464078412129412,0.009950330853168083,0.010939940038334366,0.01291622526654633,0.014888612493750654
2017-05-04,0.007074913671961879,0.008563230660487873,0.009950330853168083,0.011038847115216341,0.013113639145383105,0.014987129808248345
2017-05-05,0.007074913671961879,0.008959741371471906,0.01004933585300144,0.010939940038334366,0.013113639145383105,0.015085637418040853
2017-05-08,0.007273483966498386,0.009058844488346039,0.01014833105181515,0.011137744410455926,0.013212331472134813,0.015184135325039967
2017-05-09,0.007372754329413085,0.009058844488346039,0.0103462920541443,0.0113355096637456,0.013607003406216902,0.015578029963318418
2017-05-10,0.007074913671961879,0.008959741371471906,0.0103462920541443,0.011236631925987681,0.013409686909917676,0.01547957084838632
2017-05-11,0.006776984279023752,0.008860628432196557,0.0103462920541443,0.011236631925987681,0.013409686909917676,0.015381102038302324
2017-05-12,0.006876303939432157,0.00876150566857275,0.010247316451549523,0.011038847115216341,0.012817503710614431,0.01479008547263543
2017-05-15,0.007273483966498386,0.008959741371471906,0.01014833105181515,0.011038847115216341,0.013014937077494654,0.01479008547263543
2017-05-16,0.007174203748000358,0.008959741371471906,0.0103462920541443,0.011038847115216341,0.012817503710614431,0.014691548742989757
2017-05-17,0.007174203748000358,0.008959741371471906,0.009950330853168083,0.010742096531902109,0.012521280553671745,0.014100124378781635
2017-05-18,0.007273483966498386,0.009257021262676765,0.01014833105181515,0.010841023177874857,0.012620031356102263,0.014297304700824425
2017-05-19,0.007074913671961879,0.009157937784765629,0.010247316451549523,0.010939940038334366,0.012718772407774689,0.014395880283732381
2017-05-22,0.006975613736425241,0.009257021262676765,0.010445257861538649,0.011137744410455926,0.012817503710614431,0.014395880283732381
2017-05-23,0.007571265496318075,0.009157937784765629,0.010742096531902109,0.0113355096637456,0.013014937077494654,0.01479008547263543
2017-05-24,0.007571265496318075,0.009257021262676765,0.010643160098479829,0.011730922875698666,0.012817503710614431,0.014494446150452563
2017-05-25,0.007174203748000358,0.009356094924024953,0.010742096531902109,0.01153323581367303,0.01291622526654633,0.014494446150452563
2017-05-26,0.007472014838700995,0.009356094924024953,0.010742096531902109,0.011632084229707651,0.01291622526654633,0.014494446150452563
2017-05-29,0.007472014838700995,0.009356094924024953,0.010742096531902109,0.011632084229707651,0.01291622526654633,0.014494446150452563
2017-05-30,0.007670506304219701,0.009257021262676765,0.010643160098479829,0.01153323581367303,0.012718772407774689,0.014297304700824425
2017-05-31,0.008563230660487873,0.009752291442678272,0.010742096531902109,0.011632084229707651,0.012718772407774689,0.014297304700824425
2017-06-01,0.008166562666393415,0.009752291442678272,0.010643160098479829,0.01153323581367303,0.012718772407774689,0.014395880283732381
2017-06-02,0.008166562666393415,0.009752291442678272,0.010544213875671154,0.01153323581367303,0.012718772407774689,0.014100124378781635
2017-06-05,0.008265744417032617,0.009554212804811658,0.010544213875671154,0.01153323581367303,0.013113639145383105,0.014395880283732381
2017-06-06,0.008265744417032617,0.009653257028138304,0.010742096531902109,0.01153323581367303,0.01291622526654633,0.014100124378781635
2017-06-07,0.008364916331627708,0.009950330853168083,0.010841023177874857,0.011632084229707651,0.013113639145383105,0.014395880283732381
2017-06-08,0.007968169649176874,0.01004933585300144,0.011038847115216341,0.011829751753577198,0.013212331472134813,0.01459300230290015
2017-06-09,0.007968169649176874,0.01004933585300144,0.011236631925987681,0.011928570865273802,0.013409686909917676,0.014888612493750654
2017-06-12,0.008166562666393415,0.009752291442678272,0.010841023177874857,0.011829751753577198,0.013409686909917676,0.014888612493750654
2017-06-13,0.008860628432196557,0.009950330853168083,0.011137744410455926,0.012126179797840564,0.013705647056111932,0.014987129808248345
2017-06-14,0.008959741371471906,0.01004933585300144,0.011137744410455926,0.011928570865273802,0.013409686909917676,0.014691548742989757
2017-06-15,0.008563230660487873,0.01014833105181515,0.011236631925987681,0.012027380212718455,0.013409686909917676,0.01479008547263543
2017-06-16,0.008464078412129412,0.010247316451549523,0.011236631925987681,0.012027380212718455,0.013113639145383105,0.014691548742989757
2017-06-19,0.008464078412129412,0.01014833105181515,0.011236631925987681,0.012126179797840564,0.013508350024792245,0.015085637418040853
2017-06-20,0.00876150566857275,0.01004933585300144,0.0113355096637456,0.012126179797840564,0.013508350024792245,0.014888612493750654
2017-06-21,0.008464078412129412,0.009851316050374181,0.011137744410455926,0.012126179797840564,0.013508350024792245,0.014888612493750654
2017-06-22,0.007968169649176874,0.009554212804811658,0.010939940038334366,0.012126179797840564,0.013311014059672338,0.014691548742989757
2017-06-23,0.007571265496318075,0.009653257028138304,0.010939940038334366,0.012027380212718455,0.013311014059672338,0.014691548742989757
2017-06-26,0.008067371077758798,0.009851316050374181,0.010939940038334366,0.011928570865273802,0.013508350024792245,0.014691548742989757
2017-06-27,0.008860628432196557,0.009950330853168083,0.011236631925987681,0.012126179797840564,0.013705647056111932,0.015184135325039967
2017-06-28,0.008860628432196557,0.01014833105181515,0.011137744410455926,0.012027380212718455,0.013311014059672338,0.014987129808248345
2017-06-29,0.00876150566857275,0.0103462920541443,0.0113355096637456,0.01222496962256897,0.013705647056111932,0.015184135325039967
2017-06-30,0.008364916331627708,0.010247316451549523,0.0113355096637456,0.012323749688831936,0.013705647056111932,0.015381102038302324
2017-07-03,0.009554212804811658,0.010544213875671154,0.011236631925987681,0.012323749688831936,0.014001519635813609,0.01587334915629015
2017-07-04,0.009554212804811658,0.010544213875671154,0.011236631925987681,0.012323749688831936,0.014001519635813609,0.01587334915629015
2017-07-05,0.009653257028138304,0.010445257861538649,0.011434377625663104,0.012323749688831936,0.014001519635813609,0.015774919115362215
2017-07-06,0.009455158770755135,0.0103462920541443,0.0113355096637456,0.01222496962256897,0.01390290516899142,0.01587334915629015
2017-07-07,0.009356094924024953,0.010445257861538649,0.0113355096637456,0.012126179797840564,0.01390290516899142,0.01587334915629015
2017-07-10,0.009455158770755135,0.0103462920541443,0.011236631925987681,0.01222496962256897,0.01390290516899142,0.015774919115362215
2017-07-11,0.009653257028138304,0.010445257861538649,0.0113355096637456,0.011928570865273802,0.013607003406216902,0.015578029963318418
2017-07-12,0.009356094924024953,0.010445257861538649,0.011236631925987681,0.012027380212718455,0.013409686909917676,0.015184135325039967
2017-07-13,0.009455158770755135,0.010445257861538649,0.0113355096637456,0.01222496962256897,0.013607003406216902,0.015381102038302324
2017-07-14,0.009257021262676765,0.0103462920541443,0.011137744410455926,0.012126179797840564,0.013409686909917676,0.015282623531156904
2017-07-17,0.009455158770755135,0.010643160098479829,0.010939940038334366,0.012126179797840564,0.013508350024792245,0.015184135325039967
2017-07-18,0.009455158770755135,0.010643160098479829,0.011038847115216341,0.011829751753577198,0.013508350024792245,0.015085637418040853
2017-07-19,0.009851316050374181,0.011038847115216341,0.011137744410455926,0.01222496962256897,0.013607003406216902,0.015085637418040853
2017-07-20,0.009950330853168083,0.011434377625663104,0.011137744410455926,0.012126179797840564,0.013607003406216902,0.014987129808248345
2017-07-21,0.009950330853168083,0.01153323581367303,0.010939940038334366,0.012126179797840564,0.013508350024792245,0.014888612493750654
2017-07-24,0.009950330853168083,0.011632084229707651,0.011137744410455926,0.01222496962256897,0.013607003406216902,0.015184135325039967
2017-07-25,0.009554212804811658,0.011730922875698666,0.011434377625663104,0.012323749688831936,0.01390290516899142,0.01547957084838632
2017-07-26,0.01014833105181515,0.011236631925987681,0.0113355096637456,0.01222496962256897,0.013508350024792245,0.014888612493750654
2017-07-27,0.01004933585300144,0.011038847115216341,0.011236631925987681,0.012126179797840564,0.013508350024792245,0.015085637418040853
2017-07-28,0.009950330853168083,0.010742096531902109,0.011236631925987681,0.012126179797840564,0.013311014059672338,0.014987129808248345
2017-07-31,0.009950330853168083,0.010643160098479829,0.011236631925987681,0.01222496962256897,0.013311014059672338,0.014987129808248345
2017-08-01,0.009950330853168083,0.010742096531902109,0.011434377625663104,0.012126179797840564,0.013311014059672338,0.014888612493750654
2017-08-02,0.01014833105181515,0.010742096531902109,0.011434377625663104,0.012323749688831936,0.013508350024792245,0.015085637418040853
2017-08-03,0.009950330853168083,0.010742096531902109,0.011236631925987681,0.012126179797840564,0.013311014059672338,0.01479008547263543
2017-08-04,0.009950330853168083,0.010742096531902109,0.0113355096637456,0.01222496962256897,0.013508350024792245,0.014987129808248345
2017-08-07,0.009851316050374181,0.01014833105181515,0.0113355096637456,0.012126179797840564,0.013508350024792245,0.015085637418040853
2017-08-08,0.009950330853168083,0.010544213875671154,0.01153323581367303,0.012323749688831936,0.013508350024792245,0.015184135325039967
2017-08-09,0.01004933585300144,0.010544213875671154,0.011434377625663104,0.012027380212718455,0.013212331472134813,0.014888612493750654
2017-08-10,0.01014833105181515,0.010445257861538649,0.0113355096637456,0.012126179797840564,0.013212331472134813,0.01479008547263543
2017-08-11,0.009851316050374181,0.010247316451549523,0.0113355096637456,0.012027380212718455,0.01291622526654633,0.014198719399812949
2017-08-14,0.009455158770755135,0.01014833105181515,0.011236631925987681,0.01222496962256897,0.013212331472134813,0.014691548742989757
2017-08-15,0.009653257028138304,0.0103462920541443,0.01153323581367303,0.01222496962256897,0.013409686909917676,0.014987129808248345
2017-08-16,0.009653257028138304,0.01014833105181515,0.011236631925987681,0.012323749688831936,0.013212331472134813,0.01479008547263543
2017-08-17,0.009455158770755135,0.009950330853168083,0.011038847115216341,0.012323749688831936,0.013113639145383105,0.014494446150452563
2017-08-18,0.009653257028138304,0.01014833105181515,0.011236631925987681,0.012323749688831936,0.013212331472134813,0.01459300230290015
2017-08-21,0.009455158770755135,0.009950330853168083,0.011038847115216341,0.01222496962256897,0.013113639145383105,0.014494446150452563
2017-08-22,0.009257021262676765,0.009950330853168083,0.011236631925987681,0.012323749688831936,0.013212331472134813,0.014691548742989757
2017-08-23,0.009752291442678272,0.009950330853168083,0.011038847115216341,0.012126179797840564,0.013113639145383105,0.014395880283732381
2017-08-24,0.009752291442678272,0.01014833105181515,0.011038847115216341,0.01222496962256897,0.013212331472134813,0.01459300230290015
2017-08-25,0.009851316050374181,0.010247316451549523,0.011038847115216341,0.01222496962256897,0.013409686909917676,0.01459300230290015
2017-08-28,0.009851316050374181,0.009752291442678272,0.011137744410455926,0.012323749688831936,0.013212331472134813,0.014494446150452563
2017-08-29,0.009554212804811658,0.010247316451549523,0.011236631925987681,0.01222496962256897,0.013212331472134813,0.014198719399812949
2017-08-30,0.009554212804811658,0.010247316451549523,0.011038847115216341,0.01222496962256897,0.013212331472134813,0.014297304700824425
2017-08-31,0.009455158770755135,0.01004933585300144,0.010742096531902109,0.01222496962256897,0.013212331472134813,0.014297304700824425
2017-09-01,0.009554212804811658,0.01014833105181515,0.010939940038334366,0.012323749688831936,0.013409686909917676,0.014494446150452563
2017-09-04,0.009554212804811658,0.01014833105181515,0.010939940038334366,0.012323749688831936,0.013409686909917676,0.014494446150452563
2017-09-05,0.01291622526654633,0.010247316451549523,0.011236631925987681,0.01222496962256897,0.01291622526654633,0.01390290516899142
2017-09-06,0.0103462920541443,0.010643160098479829,0.011632084229707651,0.012323749688831936,0.01291622526654633,0.014100124378781635
2017-09-07,0.009752291442678272,0.010445257861538649,0.011434377625663104,0.012027380212718455,0.012620031356102263,0.013705647056111932
2017-09-08,0.009554212804811658,0.0103462920541443,0.0113355096637456,0.012126179797840564,0.012620031356102263,0.013804280976397056
2017-09-11,0.009653257028138304,0.010445257861538649,0.01153323581367303,0.012323749688831936,0.013113639145383105,0.014297304700824425
2017-09-12,0.009851316050374181,0.010247316451549523,0.01153323581367303,0.012620031356102263,0.013212331472134813,0.014494446150452563
2017-09-13,0.009851316050374181,0.0103462920541443,0.01153323581367303,0.012620031356102263,0.013409686909917676,0.014691548742989757
2017-09-14,0.009851316050374181,0.010445257861538649,0.011632084229707651,0.012718772407774689,0.013607003406216902,0.014888612493750654
2017-09-15,0.009752291442678272,0.010445257861538649,0.011632084229707651,0.01291622526654633,0.013804280976397056,0.015184135325039967
2017-09-18,0.009554212804811658,0.010445257861538649,0.011730922875698666,0.01291622526654633,0.01390290516899142,0.015282623531156904
2017-09-19,0.009653257028138304,0.0103462920541443,0.011829751753577198,0.013014937077494654,0.01390290516899142,0.015381102038302324
2017-09-20,0.009752291442678272,0.0103462920541443,0.011928570865273802,0.013113639145383105,0.014395880283732381,0.01587334915629015
2017-09-21,0.009851316050374181,0.0103462920541443,0.011829751753577198,0.013014937077494654,0.014395880283732381,0.015774919115362215
2017-09-22,0.009653257028138304,0.010247316451549523,0.011829751753577198,0.01291622526654633,0.014494446150452563,0.01567647938500758
2017-09-25,0.009653257028138304,0.010445257861538649,0.011829751753577198,0.01291622526654633,0.014297304700824425,0.01547957084838632
2017-09-26,0.009554212804811658,0.010544213875671154,0.011829751753577198,0.013014937077494654,0.014395880283732381,0.015578029963318418
2017-09-27,0.009851316050374181,0.010643160098479829,0.011928570865273802,0.013212331472134813,0.01459300230290015,0.01587334915629015
2017-09-28,0.009653257028138304,0.010544213875671154,0.011730922875698666,0.013014937077494654,0.014395880283732381,0.015774919115362215
2017-09-29,0.009554212804811658,0.010544213875671154,0.011928570865273802,0.013014937077494654,0.01459300230290015,0.01607018017749447
2017-10-02,0.009455158770755135,0.01004933585300144,0.012126179797840564,0.013014937077494654,0.01479008547263543,0.016168581161583706
2017-10-03,0.01004933585300144,0.010643160098479829,0.012027380212718455,0.013113639145383105,0.01459300230290015,0.01607018017749447
2017-10-04,0.009950330853168083,0.010742096531902109,0.012027380212718455,0.013212331472134813,0.01459300230290015,0.01607018017749447
2017-10-05,0.01014833105181515,0.010643160098479829,0.012027380212718455,0.013409686909917676,0.01479008547263543,0.016168581161583706
2017-10-06,0.010247316451549523,0.010643160098479829,0.012126179797840564,0.013409686909917676,0.015282623531156904,0.01646372603066508
2017-10-09,0.010247316451549523,0.010643160098479829,0.012126179797840564,0.013409686909917676,0.015282623531156904,0.01646372603066508
2017-10-10,0.010247316451549523,0.010742096531902109,0.012521280553671745,0.014100124378781635,0.014987129808248345,0.016266972463871966
2017-10-11,0.0103462920541443,0.010939940038334366,0.012422519998557154,0.01390290516899142,0.014987129808248345,0.01646372603066508
2017-10-12,0.009851316050374181,0.010841023177874857,0.012620031356102263,0.014001519635813609,0.014987129808248345,0.01646372603066508
2017-10-13,0.009653257028138304,0.010841023177874857,0.012521280553671745,0.013804280976397056,0.014987129808248345,0.016266972463871966
2017-10-16,0.009653257028138304,0.010939940038334366,0.012323749688831936,0.014100124378781635,0.015282623531156904,0.01666044089310724
2017-10-17,0.009851316050374181,0.010841023177874857,0.012422519998557154,0.014001519635813609,0.015282623531156904,0.016758783814954704
2017-10-18,0.009851316050374181,0.010841023177874857,0.012323749688831936,0.014100124378781635,0.015774919115362215,0.0168571170664229
2017-10-19,0.009851316050374181,0.010939940038334366,0.012422519998557154,0.014001519635813609,0.01567647938500758,0.016758783814954704
2017-10-20,0.009851316050374181,0.011038847115216341,0.012620031356102263,0.014198719399812949,0.01587334915629015,0.017053754565827518
2017-10-23,0.009950330853168083,0.010841023177874857,0.012422519998557154,0.014100124378781635,0.01567647938500758,0.0168571170664229
2017-10-24,0.009950330853168083,0.011137744410455926,0.012620031356102263,0.014198719399812949,0.01587334915629015,0.01715205881756557
2017-10-25,0.01004933585300144,0.011137744410455926,0.012620031356102263,0.014198719399812949,0.015971769509698662,0.017250353406527592
2017-10-26,0.009851316050374181,0.011038847115216341,0.012817503710614431,0.014198719399812949,0.016168581161583706,0.017446913603720648
2017-10-27,0.009752291442678272,0.010939940038334366,0.012718772407774689,0.014100124378781635,0.015774919115362215,0.01715205881756557
2017-10-30,0.009653257028138304,0.011137744410455926,0.012323749688831936,0.014100124378781635,0.01567647938500758,0.016955440649413473
2017-10-31,0.009851316050374181,0.011434377625663104,0.012718772407774689,0.014198719399812949,0.01587334915629015,0.01715205881756557
2017-11-01,0.010544213875671154,0.011730922875698666,0.01291622526654633,0.014494446150452563,0.015971769509698662,0.017250353406527592
2017-11-02,0.01014833105181515,0.011632084229707651,0.012817503710614431,0.014494446150452563,0.015971769509698662,0.01715205881756557
2017-11-03,0.01014833105181515,0.011730922875698666,0.013014937077494654,0.01479008547263543,0.016168581161583706,0.017250353406527592
2017-11-06,0.010247316451549523,0.011829751753577198,0.01291622526654633,0.014888612493750654,0.015971769509698662,0.01715205881756557
2017-11-07,0.010445257861538649,0.012126179797840564,0.013212331472134813,0.01479008547263543,0.016168581161583706,0.017348638334613004
2017-11-08,0.010445257861538649,0.01222496962256897,0.013409686909917676,0.015184135325039967,0.016365354086264272,0.017545179215748816
2017-11-09,0.010643160098479829,0.012323749688831936,0.013508350024792245,0.015184135325039967,0.016168581161583706,0.017348638334613004
2017-11-10,0.010544213875671154,0.01222496962256897,0.013607003406216902,0.015282623531156904,0.016562088298978293,0.017741681476157102
2017-11-13,0.010643160098479829,0.012323749688831936,0.013607003406216902,0.015381102038302324,0.0168571170664229,0.018036362486098582
2017-11-14,0.010544213875671154,0.012521280553671745,0.01390290516899142,0.015381102038302324,0.01666044089310724,0.017938145131012995
2017-11-15,0.010742096531902109,0.012422519998557154,0.013804280976397056,0.015381102038302324,0.01666044089310724,0.017741681476157102
2017-11-16,0.010742096531902109,0.012620031356102263,0.014100124378781635,0.015774919115362215,0.017053754565827518,0.01813457019548269
2017-11-17,0.010742096531902109,0.012817503710614431,0.014100124378781635,0.01587334915629015,0.01715205881756557,0.01813457019548269
2017-11-20,0.010841023177874857,0.01291622526654633,0.014494446150452563,0.01607018017749447,0.017545179215748816,0.018429135468367195
2017-11-21,0.011434377625663104,0.01291622526654633,0.014395880283732381,0.01607018017749447,0.017545179215748816,0.018625464123164886
2017-11-22,0.01153323581367303,0.012817503710614431,0.014395880283732381,0.015971769509698662,0.017250353406527592,0.018232768261059712
2017-11-23,0.01153323581367303,0.012817503710614431,0.014395880283732381,0.015971769509698662,0.017250353406527592,0.018232768261059712
2017-11-24,0.0113355096637456,0.012817503710614431,0.014395880283732381,0.015971769509698662,0.017348638334613004,0.01833095668472346
2017-11-27,0.011434377625663104,0.012620031356102263,0.014001519635813609,0.01607018017749447,0.017250353406527592,0.018232768261059712
2017-11-28,0.01153323581367303,0.01291622526654633,0.014494446150452563,0.015971769509698662,0.017348638334613004,0.01833095668472346
2017-11-29,0.011632084229707651,0.012817503710614431,0.014395880283732381,0.015971769509698662,0.017643435172595243,0.018429135468367195
2017-11-30,0.0113355096637456,0.012620031356102263,0.014297304700824425,0.01607018017749447,0.017643435172595243,0.01882175424058776
2017-12-01,0.0113355096637456,0.012620031356102263,0.014395880283732381,0.01607018017749447,0.017643435172595243,0.01882175424058776
2017-12-04,0.01153323581367303,0.012817503710614431,0.014395880283732381,0.01646372603066508,0.017839918128331002,0.01911611719223005
2017-12-05,0.012027380212718455,0.01291622526654633,0.014691548742989757,0.016266972463871966,0.01813457019548269,0.019214218923804288
2017-12-06,0.011730922875698666,0.01291622526654633,0.014691548742989757,0.01666044089310724,0.017643435172595243,0.019018005835761846
2017-12-07,0.01153323581367303,0.012817503710614431,0.01459300230290015,0.016562088298978293,0.017839918128331002,0.019018005835761846
2017-12-08,0.0113355096637456,0.012718772407774689,0.014395880283732381,0.016365354086264272,0.017839918128331002,0.019018005835761846
2017-12-11,0.011730922875698666,0.013212331472134813,0.01459300230290015,0.016758783814954704,0.018036362486098582,0.019312311032372815
2017-12-12,0.012521280553671745,0.013311014059672338,0.01479008547263543,0.0168571170664229,0.01813457019548269,0.019312311032372815
2017-12-13,0.012126179797840564,0.01291622526654633,0.01459300230290015,0.01666044089310724,0.017741681476157102,0.01882175424058776
2017-12-14,0.012027380212718455,0.013113639145383105,0.014691548742989757,0.0168571170664229,0.018036362486098582,0.019018005835761846
2017-12-15,0.012323749688831936,0.013014937077494654,0.014691548742989757,0.016955440649413473,0.018232768261059712,0.019312311032372815
2017-12-18,0.012521280553671745,0.013705647056111932,0.014987129808248345,0.0168571170664229,0.018232768261059712,0.019214218923804288
2017-12-19,0.012422519998557154,0.013607003406216902,0.014987129808248345,0.016955440649413473,0.018527304613883622,0.01950846638804296
2017-12-20,0.012126179797840564,0.013705647056111932,0.014987129808248345,0.017053754565827518,0.018527304613883622,0.019606529638918308
2017-12-21,0.012027380212718455,0.013409686909917676,0.015282623531156904,0.01715205881756557,0.018723613998102594,0.019900661706336163
2017-12-22,0.011434377625663104,0.013212331472134813,0.015282623531156904,0.01715205881756557,0.018919884852510872,0.019900661706336163
2017-12-25,0.011434377625663104,0.013212331472134813,0.015282623531156904,0.01715205881756557,0.018919884852510872,0.019900661706336163
2017-12-26,0.012323749688831936,0.01459300230290015,0.015085637418040853,0.017348638334613004,0.019018005835761846,0.019998686506689126
2017-12-27,0.011730922875698666,0.014297304700824425,0.015184135325039967,0.017348638334613004,0.018723613998102594,0.019704583274335403
2017-12-28,0.011829751753577198,0.013804280976397056,0.015282623531156904,0.017446913603720648,0.018919884852510872,0.019802627296179712
2017-12-29,0.012718772407774689,0.013804280976397056,0.015184135325039967,0.017446913603720648,0.018723613998102594,0.019606529638918308
2018-01-01,0.012718772407774689,0.013804280976397056,0.015184135325039967,0.017446913603720648,0.018723613998102594,0.019606529638918308
2018-01-02,0.012817503710614431,0.014297304700824425,0.015971769509698662,0.01813457019548269,0.019018005835761846,0.019900661706336163
2018-01-03,0.012817503710614431,0.014001519635813609,0.015774919115362215,0.017938145131012995,0.019214218923804288,0.019998686506689126
2018-01-04,0.012718772407774689,0.014001519635813609,0.01587334915629015,0.018036362486098582,0.019410393519823325,0.02029270326776243
2018-01-05,0.012620031356102263,0.013804280976397056,0.01567647938500758,0.017839918128331002,0.019410393519823325,0.020390689647734026
2018-01-08,0.01291622526654633,0.014395880283732381,0.01587334915629015,0.017741681476157102,0.019410393519823325,0.02048866642731566
2018-01-09,0.012620031356102263,0.014297304700824425,0.01587334915629015,0.017643435172595243,0.019606529638918308,0.020684591192832683
2018-01-10,0.013014937077494654,0.014100124378781635,0.015774919115362215,0.017643435172595243,0.019606529638918308,0.02058663360838838
2018-01-11,0.013113639145383105,0.014198719399812949,0.01567647938500758,0.017545179215748816,0.019606529638918308,0.020684591192832683
2018-01-12,0.013014937077494654,0.014198719399812949,0.015774919115362215,0.017643435172595243,0.019704583274335403,0.02097840638519171
2018-01-15,0.013014937077494654,0.014198719399812949,0.015774919115362215,0.017643435172595243,0.019704583274335403,0.02097840638519171
2018-01-16,0.013212331472134813,0.014395880283732381,0.016168581161583706,0.017741681476157102,0.02009670169912241,0.02097840638519171
2018-01-17,0.013014937077494654,0.014297304700824425,0.016168581161583706,0.017741681476157102,0.02029270326776243,0.021272135275539696
2018-01-18,0.012817503710614431,0.014395880283732381,0.016168581161583706,0.017741681476157102,0.02029270326776243,0.021467906615240923
2018-01-19,0.012718772407774689,0.014297304700824425,0.01607018017749447,0.017741681476157102,0.020390689647734026,0.021761491781512692
2018-01-22,0.012620031356102263,0.014297304700824425,0.016365354086264272,0.017741681476157102,0.02058663360838838,0.021859334352893518
2018-01-23,0.012521280553671745,0.014297304700824425,0.016168581161583706,0.017643435172595243,0.020390689647734026,0.021565777914560547
2018-01-24,0.012422519998557154,0.014198719399812949,0.016168581161583706,0.017741681476157102,0.02058663360838838,0.021761491781512692
2018-01-25,0.01222496962256897,0.014100124378781635,0.016266972463871966,0.017839918128331002,0.02058663360838838,0.021761491781512692
2018-01-26,0.012323749688831936,0.014001519635813609,0.016266972463871966,0.017839918128331002,0.021076325601916215,0.022152804641133308
2018-01-29,0.012718772407774689,0.014297304700824425,0.01646372603066508,0.017839918128331002,0.020880477579355232,0.022348403663761812
2018-01-30,0.01479008547263543,0.014297304700824425,0.01646372603066508,0.018625464123164886,0.021076325601916215,0.022446188829830054
2018-01-31,0.014198719399812949,0.014494446150452563,0.01646372603066508,0.01882175424058776,0.021174235231406487,0.02264173048082465
2018-02-01,0.014001519635813609,0.014691548742989757,0.016266972463871966,0.018723613998102594,0.021370025736192483,0.023032699110572687
2018-02-02,0.01390290516899142,0.014691548742989757,0.016365354086264272,0.018625464123164886,0.021272135275539696,0.023032699110572687
2018-02-05,0.01390290516899142,0.014987129808248345,0.016562088298978293,0.01833095668472346,0.02058663360838838,0.022250608934819758
2018-02-06,0.014691548742989757,0.015085637418040853,0.016758783814954704,0.018527304613883622,0.020782539182528505,0.02273948696948943
2018-02-07,0.013508350024792245,0.015381102038302324,0.01715205881756557,0.018919884852510872,0.021272135275539696,0.023032699110572687
2018-02-08,0.013113639145383105,0.015381102038302324,0.01715205881756557,0.018919884852510872,0.021076325601916215,0.02293497128249588
2018-02-09,0.013014937077494654,0.015381102038302324,0.01715205881756557,0.018723613998102594,0.02029270326776243,0.022348403663761812
2018-02-12,0.013409686909917676,0.01607018017749447,0.018036362486098582,0.01911611719223005,0.020684591192832683,0.02273948696948943
2018-02-13,0.013311014059672338,0.015774919115362215,0.017839918128331002,0.019312311032372815,0.020782539182528505,0.02273948696948943
2018-02-14,0.013113639145383105,0.01567647938500758,0.017938145131012995,0.019606529638918308,0.021467906615240923,0.023716526617316044
2018-02-15,0.01291622526654633,0.01567647938500758,0.018036362486098582,0.019704583274335403,0.021663639636026324,0.023716526617316044
2018-02-16,0.013409686909917676,0.01607018017749447,0.01813457019548269,0.019802627296179712,0.021859334352893518,0.02352119504134582
2018-02-19,0.013409686909917676,0.01607018017749447,0.01813457019548269,0.019802627296179712,0.021859334352893518,0.02352119504134582
2018-02-20,0.013804280976397056,0.01646372603066508,0.018527304613883622,0.019900661706336163,0.022250608934819758,0.023716526617316044
2018-02-21,0.01390290516899142,0.016266972463871966,0.01833095668472346,0.02009670169912241,0.022348403663761812,0.024107075343233125
2018-02-22,0.013311014059672338,0.016168581161583706,0.018232768261059712,0.019998686506689126,0.022250608934819758,0.023911820046312877
2018-02-23,0.013705647056111932,0.016266972463871966,0.01833095668472346,0.019998686506689126,0.022250608934819758,0.023618865598633996
2018-02-26,0.013804280976397056,0.01646372603066508,0.018527304613883622,0.02009670169912241,0.02195716735204214,0.02342351494358806
2018-02-27,0.01479008547263543,0.01646372603066508,0.018527304613883622,0.02058663360838838,0.022446188829830054,0.02400945246035187
2018-02-28,0.014888612493750654,0.016365354086264272,0.018429135468367195,0.02048866642731566,0.022250608934819758,0.023911820046312877
2018-03-01,0.014888612493750654,0.016168581161583706,0.01833095668472346,0.02029270326776243,0.02195716735204214,0.02332582530349669
2018-03-02,0.014888612493750654,0.016365354086264272,0.018429135468367195,0.020390689647734026,0.022250608934819758,0.023716526617316044
2018-03-05,0.015184135325039967,0.0168571170664229,0.018429135468367195,0.020390689647734026,0.022152804641133308,0.023814178099254877
2018-03-06,0.01547957084838632,0.01666044089310724,0.018527304613883622,0.020390689647734026,0.022250608934819758,0.023911820046312877
2018-03-07,0.015578029963318418,0.01666044089310724,0.018527304613883622,0.02029270326776243,0.022250608934819758,0.023911820046312877
2018-03-08,0.015578029963318418,0.016562088298978293,0.018723613998102594,0.02029270326776243,0.022250608934819758,0.023911820046312877
2018-03-09,0.015578029963318418,0.016562088298978293,0.018723613998102594,0.02009670169912241,0.022446188829830054,0.024204688696817394
2018-03-12,0.01587334915629015,0.016955440649413473,0.018723613998102594,0.02029270326776243,0.022446188829830054,0.02400945246035187
2018-03-13,0.016266972463871966,0.01715205881756557,0.01882175424058776,0.02009670169912241,0.022348403663761812,0.023814178099254877
2018-03-14,0.016955440649413473,0.017446913603720648,0.019214218923804288,0.02029270326776243,0.022348403663761812,0.023814178099254877
2018-03-15,0.0168571170664229,0.017545179215748816,0.019312311032372815,0.02048866642731566,0.02264173048082465,0.023911820046312877
2018-03-16,0.016955440649413473,0.017643435172595243,0.019410393519823325,0.02058663360838838,0.022837233902757225,0.024107075343233125
2018-03-19,0.0168571170664229,0.017839918128331002,0.019704583274335403,0.02058663360838838,0.022837233902757225,0.024204688696817394
2018-03-20,0.017446913603720648,0.017938145131012995,0.01950846638804296,0.02058663360838838,0.02313041738885438,0.02459504685538021
2018-03-21,0.016955440649413473,0.017250353406527592,0.019312311032372815,0.020390689647734026,0.022837233902757225,0.024302292522964862
2018-03-22,0.016562088298978293,0.017053754565827518,0.019312311032372815,0.02029270326776243,0.02264173048082465,0.02400945246035187
2018-03-23,0.016758783814954704,0.017250353406527592,0.019018005835761846,0.020194707285519278,0.0225439644348945,0.023814178099254877
2018-03-26,0.016955440649413473,0.017741681476157102,0.019214218923804288,0.020390689647734026,0.023032699110572687,0.024107075343233125
2018-03-27,0.016758783814954704,0.017545179215748816,0.01911611719223005,0.020782539182528505,0.022348403663761812,0.023618865598633996
2018-03-28,0.016365354086264272,0.01715205881756557,0.019312311032372815,0.02097840638519171,0.0225439644348945,0.023814178099254877
2018-03-29,0.016168581161583706,0.01715205881756557,0.01911611719223005,0.020684591192832683,0.022446188829830054,0.023618865598633996
2018-03-30,0.016168581161583706,0.01715205881756557,0.01911611719223005,0.020684591192832683,0.022446188829830054,0.023618865598633996
2018-04-02,0.01666044089310724,0.017545179215748816,0.019018005835761846,0.02058663360838838,0.022250608934819758,0.02342351494358806
2018-04-03,0.0168571170664229,0.017348638334613004,0.019018005835761846,0.020684591192832683,0.0225439644348945,0.023814178099254877
2018-04-04,0.016562088298978293,0.016955440649413473,0.01882175424058776,0.02048866642731566,0.0225439644348945,0.023911820046312877
2018-04-05,0.016562088298978293,0.017053754565827518,0.01911611719223005,0.02048866642731566,0.02273948696948943,0.024204688696817394
2018-04-06,0.01666044089310724,0.01715205881756557,0.018919884852510872,0.020390689647734026,0.022446188829830054,0.023716526617316044
2018-04-09,0.016562088298978293,0.017446913603720648,0.01911611719223005,0.02058663360838838,0.02264173048082465,0.02400945246035187
2018-04-10,0.016168581161583706,0.017250353406527592,0.01911611719223005,0.020684591192832683,0.02293497128249588,0.024204688696817394
2018-04-11,0.016266972463871966,0.01715205881756557,0.019312311032372815,0.020684591192832683,0.02293497128249588,0.024204688696817394
2018-04-12,0.016365354086264272,0.017348638334613004,0.019312311032372815,0.020880477579355232,0.02313041738885438,0.02459504685538021
2018-04-13,0.016266972463871966,0.017446913603720648,0.01950846638804296,0.02097840638519171,0.02342351494358806,0.024790168807218783
2018-04-16,0.016266972463871966,0.017741681476157102,0.019606529638918308,0.02097840638519171,0.023618865598633996,0.024887715507778994
2018-04-17,0.01666044089310724,0.017839918128331002,0.019998686506689126,0.021370025736192483,0.023814178099254877,0.024887715507778994
2018-04-18,0.016562088298978293,0.017938145131012995,0.019900661706336163,0.021467906615240923,0.023911820046312877,0.02537530633122824
2018-04-19,0.016562088298978293,0.018036362486098582,0.019900661706336163,0.021859334352893518,0.024107075343233125,0.025472795973031023
2018-04-20,0.016365354086264272,0.017938145131012995,0.019900661706336163,0.02195716735204214,0.024302292522964862,0.02586265952572737
2018-04-23,0.016758783814954704,0.018527304613883622,0.020194707285519278,0.022250608934819758,0.02459504685538021,0.02605753431928962
2018-04-24,0.0168571170664229,0.018527304613883622,0.02029270326776243,0.022250608934819758,0.024497471600387438,0.025960101669531634
2018-04-25,0.016365354086264272,0.01833095668472346,0.02009670169912241,0.022348403663761812,0.02459504685538021,0.02605753431928962
2018-04-26,0.01607018017749447,0.018036362486098582,0.019998686506689126,0.022250608934819758,0.02459504685538021,0.025960101669531634
2018-04-27,0.01607018017749447,0.018036362486098582,0.019998686506689126,0.022152804641133308,0.02459504685538021,0.02586265952572737
2018-04-30,0.016365354086264272,0.018527304613883622,0.020194707285519278,0.022152804641133308,0.02459504685538021,0.02586265952572737
2018-05-01,0.01666044089310724,0.01833095668472346,0.02029270326776243,0.022348403663761812,0.0246926125903715,0.026252371144065745
2018-05-02,0.016758783814954704,0.018232768261059712,0.02009670169912241,0.022152804641133308,0.02459504685538021,0.02605753431928962
2018-05-03,0.01666044089310724,0.018232768261059712,0.019998686506689126,0.022152804641133308,0.02459504685538021,0.02586265952572737
2018-05-04,0.016562088298978293,0.018232768261059712,0.02009670169912241,0.022152804641133308,0.024790168807218783,0.025960101669531634
2018-05-07,0.016758783814954704,0.018429135468367195,0.02029270326776243,0.022250608934819758,0.02459504685538021,0.02605753431928962
2018-05-08,0.016758783814954704,0.018527304613883622,0.02029270326776243,0.022348403663761812,0.024790168807218783,0.026252371144065745
2018-05-09,0.01666044089310724,0.018625464123164886,0.02029270326776243,0.022446188829830054,0.025082780367463153,0.026447170014848292
2018-05-10,0.016758783814954704,0.01882175424058776,0.02029270326776243,0.022446188829830054,0.025082780367463153,0.026544555222112288
2018-05-11,0.01666044089310724,0.019018005835761846,0.020390689647734026,0.0225439644348945,0.025082780367463153,0.026544555222112288
2018-05-14,0.0168571170664229,0.01911611719223005,0.020684591192832683,0.0225439644348945,0.025180298530298247,0.026641930946421182
2018-05-15,0.016758783814954704,0.019018005835761846,0.020684591192832683,0.022837233902757225,0.025472795973031023,0.02712866738825262
2018-05-16,0.016758783814954704,0.019018005835761846,0.020684591192832683,0.02293497128249588,0.025472795973031023,0.027225986253591457
2018-05-17,0.0168571170664229,0.019018005835761846,0.020782539182528505,0.02293497128249588,0.02537530633122824,0.02712866738825262
2018-05-18,0.01666044089310724,0.018919884852510872,0.020684591192832683,0.02293497128249588,0.025180298530298247,0.02673929718962161
2018-05-21,0.016955440649413473,0.01911611719223005,0.021174235231406487,0.023228126119207167,0.025472795973031023,0.026934001240080944
2018-05-22,0.01715205881756557,0.01911611719223005,0.021076325601916215,0.02313041738885438,0.02557027611153001,0.026934001240080944
2018-05-23,0.017446913603720648,0.019018005835761846,0.020880477579355232,0.02264173048082465,0.0249852526939085,0.026349775322782015
2018-05-24,0.017250353406527592,0.018919884852510872,0.020684591192832683,0.0225439644348945,0.0246926125903715,0.02615495747685121
2018-05-25,0.0168571170664229,0.01882175424058776,0.02048866642731566,0.022446188829830054,0.024497471600387438,0.025667746748577795
2018-05-28,0.0168571170664229,0.01882175424058776,0.02048866642731566,0.022446188829830054,0.024497471600387438,0.025667746748577795
2018-05-29,0.017545179215748816,0.01911611719223005,0.020390689647734026,0.021467906615240923,0.02293497128249588,0.02400945246035187
2018-05-30,0.017545179215748816,0.019214218923804288,0.02058663360838838,0.022054990780831327,0.023911820046312877,0.0249852526939085
2018-05-31,0.017446913603720648,0.01911611719223005,0.02058663360838838,0.022054990780831327,0.023716526617316044,0.025082780367463153
2018-06-01,0.017250353406527592,0.019018005835761846,0.020782539182528505,0.0225439644348945,0.024399886823535177,0.02576520788602641
2018-06-04,0.017545179215748816,0.019214218923804288,0.021076325601916215,0.02273948696948943,0.024887715507778994,0.02605753431928962
2018-06-05,0.018036362486098582,0.019214218923804288,0.021076325601916215,0.02293497128249588,0.02459504685538021,0.02586265952572737
2018-06-06,0.017938145131012995,0.019312311032372815,0.021076325601916215,0.02293497128249588,0.024887715507778994,0.02615495747685121
2018-06-07,0.017643435172595243,0.019214218923804288,0.02097840638519171,0.022837233902757225,0.0246926125903715,0.025960101669531634
2018-06-08,0.017643435172595243,0.01911611719223005,0.02097840638519171,0.02273948696948943,0.0246926125903715,0.025960101669531634
2018-06-11,0.018036362486098582,0.019214218923804288,0.020880477579355232,0.02293497128249588,0.024887715507778994,0.026252371144065745
2018-06-12,0.017938145131012995,0.019018005835761846,0.020782539182528505,0.022837233902757225,0.025082780367463153,0.026349775322782015
2018-06-13,0.018036362486098582,0.019214218923804288,0.020684591192832683,0.023228126119207167,0.02557027611153001,0.02673929718962161
2018-06-14,0.017938145131012995,0.019214218923804288,0.02048866642731566,0.023228126119207167,0.02557027611153001,0.026544555222112288
2018-06-15,0.018036362486098582,0.019214218923804288,0.02048866642731566,0.023228126119207167,0.025180298530298247,0.026447170014848292
2018-06-18,0.018232768261059712,0.019214218923804288,0.021076325601916215,0.023228126119207167,0.025277807184268544,0.026349775322782015
2018-06-19,0.01833095668472346,0.019214218923804288,0.021076325601916215,0.02313041738885438,0.025082780367463153,0.02605753431928962
2018-06-20,0.01833095668472346,0.019214218923804288,0.021174235231406487,0.02332582530349669,0.025277807184268544,0.026349775322782015
2018-06-21,0.01833095668472346,0.019214218923804288,0.02097840638519171,0.02313041738885438,0.025277807184268544,0.02615495747685121
2018-06-22,0.01813457019548269,0.01911611719223005,0.020880477579355232,0.023032699110572687,0.025277807184268544,0.02615495747685121
2018-06-25,0.017839918128331002,0.01911611719223005,0.021076325601916215,0.02313041738885438,0.025082780367463153,0.025960101669531634
2018-06-26,0.017741681476157102,0.01911611719223005,0.021174235231406487,0.023032699110572687,0.0249852526939085,0.025960101669531634
2018-06-27,0.017741681476157102,0.01911611719223005,0.020782539182528505,0.023032699110572687,0.024887715507778994,0.02557027611153001
2018-06-28,0.017446913603720648,0.01911611719223005,0.020880477579355232,0.023032699110572687,0.024887715507778994,0.025667746748577795
2018-06-29,0.017545179215748816,0.01911611719223005,0.020880477579355232,0.023032699110572687,0.024887715507778994,0.025960101669531634
2018-07-02,0.01882175424058776,0.019606529638918308,0.021174235231406487,0.02313041738885438,0.02537530633122824,0.02615495747685121
2018-07-03,0.018919884852510872,0.019606529638918308,0.02097840638519171,0.023032699110572687,0.0249852526939085,0.025960101669531634
2018-07-04,0.018919884852510872,0.019606529638918308,0.02097840638519171,0.023032699110572687,0.0249852526939085,0.025960101669531634
2018-07-05,0.018527304613883622,0.019410393519823325,0.020880477579355232,0.02293497128249588,0.025180298530298247,0.02615495747685121
2018-07-06,0.018429135468367195,0.01950846638804296,0.021076325601916215,0.02313041738885438,0.0249852526939085,0.02605753431928962
2018-07-09,0.018527304613883622,0.019606529638918308,0.021272135275539696,0.02313041738885438,0.02537530633122824,0.026252371144065745
2018-07-10,0.018625464123164886,0.019704583274335403,0.021272135275539696,0.02332582530349669,0.02557027611153001,0.026544555222112288
2018-07-11,0.018723613998102594,0.01950846638804296,0.021174235231406487,0.02332582530349669,0.025472795973031023,0.026349775322782015
2018-07-12,0.018723613998102594,0.019606529638918308,0.021467906615240923,0.023618865598633996,0.025667746748577795,0.026447170014848292
2018-07-13,0.018527304613883622,0.019606529638918308,0.021370025736192483,0.02342351494358806,0.02557027611153001,0.026252371144065745
2018-07-16,0.01882175424058776,0.019900661706336163,0.021663639636026324,0.023618865598633996,0.02557027611153001,0.026349775322782015
2018-07-17,0.01911611719223005,0.019998686506689126,0.021663639636026324,0.023618865598633996,0.02586265952572737,0.026544555222112288
2018-07-18,0.01882175424058776,0.019802627296179712,0.021467906615240923,0.02400945246035187,0.025667746748577795,0.026544555222112288
2018-07-19,0.018723613998102594,0.019802627296179712,0.021370025736192483,0.023716526617316044,0.025667746748577795,0.026349775322782015
2018-07-20,0.018429135468367195,0.019704583274335403,0.021370025736192483,0.023814178099254877,0.025667746748577795,0.026447170014848292
2018-07-23,0.018625464123164886,0.019704583274335403,0.021663639636026324,0.023911820046312877,0.02605753431928962,0.026836653953559678
2018-07-24,0.019018005835761846,0.019998686506689126,0.021663639636026324,0.023911820046312877,0.025960101669531634,0.02703133905103043
2018-07-25,0.01882175424058776,0.019900661706336163,0.021761491781512692,0.023911820046312877,0.026252371144065745,0.02703133905103043
2018-07-26,0.018723613998102594,0.019704583274335403,0.021663639636026324,0.023814178099254877,0.026544555222112288,0.02742059557599217
2018-07-27,0.01882175424058776,0.019802627296179712,0.021761491781512692,0.02400945246035187,0.026349775322782015,0.027225986253591457
2018-07-30,0.018919884852510872,0.020194707285519278,0.021859334352893518,0.02400945246035187,0.026252371144065745,0.027323295648890352
2018-07-31,0.019214218923804288,0.02009670169912241,0.021859334352893518,0.024107075343233125,0.026349775322782015,0.027323295648890352
2018-08-01,0.01911611719223005,0.02009670169912241,0.02195716735204214,0.024204688696817394,0.026349775322782015,0.02742059557599217
2018-08-02,0.018723613998102594,0.019998686506689126,0.02195716735204214,0.024204688696817394,0.026252371144065745,0.027225986253591457
2018-08-03,0.01882175424058776,0.019900661706336163,0.022054990780831327,0.02400945246035187,0.025960101669531634,0.02703133905103043
2018-08-06,0.019018005835761846,0.02029270326776243,0.022054990780831327,0.024107075343233125,0.02605753431928962,0.026934001240080944
2018-08-07,0.019410393519823325,0.020390689647734026,0.022054990780831327,0.024204688696817394,0.026447170014848292,0.027225986253591457
2018-08-08,0.01911611719223005,0.020390689647734026,0.022152804641133308,0.024107075343233125,0.026447170014848292,0.027323295648890352
2018-08-09,0.018919884852510872,0.020390689647734026,0.022250608934819758,0.024107075343233125,0.02605753431928962,0.02703133905103043
2018-08-10,0.019018005835761846,0.02029270326776243,0.022054990780831327,0.023911820046312877,0.02576520788602641,0.026447170014848292
2018-08-13,0.01911611719223005,0.020390689647734026,0.02195716735204214,0.023911820046312877,0.02576520788602641,0.026447170014848292
2018-08-14,0.019410393519823325,0.02058663360838838,0.022250608934819758,0.024107075343233125,0.025960101669531634,0.02673929718962161
2018-08-15,0.019410393519823325,0.02048866642731566,0.022054990780831327,0.024204688696817394,0.02576520788602641,0.026447170014848292
2018-08-16,0.019410393519823325,0.02048866642731566,0.022152804641133308,0.024204688696817394,0.025960101669531634,0.026641930946421182
2018-08-17,0.019312311032372815,0.02029270326776243,0.022152804641133308,0.024107075343233125,0.02576520788602641,0.026447170014848292
2018-08-20,0.01911611719223005,0.020390689647734026,0.022250608934819758,0.02400945246035187,0.025667746748577795,0.02615495747685121
2018-08-21,0.019214218923804288,0.02058663360838838,0.022250608934819758,0.024204688696817394,0.02576520788602641,0.026349775322782015
2018-08-22,0.019312311032372815,0.020684591192832683,0.022152804641133308,0.02400945246035187,0.025667746748577795,0.02615495747685121
2018-08-23,0.019214218923804288,0.02058663360838838,0.022054990780831327,0.02400945246035187,0.02576520788602641,0.026252371144065745
2018-08-24,0.019312311032372815,0.020684591192832683,0.022250608934819758,0.024107075343233125,0.025960101669531634,0.026447170014848292
2018-08-27,0.019410393519823325,0.02097840638519171,0.022250608934819758,0.024399886823535177,0.026349775322782015,0.026641930946421182
2018-08-28,0.019410393519823325,0.021076325601916215,0.0225439644348945,0.024399886823535177,0.026349775322782015,0.026934001240080944
2018-08-29,0.01950846638804296,0.021076325601916215,0.0225439644348945,0.024497471600387438,0.026349775322782015,0.02712866738825262
2018-08-30,0.01950846638804296,0.020880477579355232,0.0225439644348945,0.024399886823535177,0.02605753431928962,0.026836653953559678
2018-08-31,0.019312311032372815,0.020880477579355232,0.0225439644348945,0.024302292522964862,0.02586265952572737,0.026641930946421182
2018-09-03,0.019312311032372815,0.020880477579355232,0.0225439644348945,0.024302292522964862,0.02586265952572737,0.026641930946421182
2018-09-04,0.019802627296179712,0.021076325601916215,0.02264173048082465,0.02459504685538021,0.026252371144065745,0.026934001240080944
2018-09-05,0.019802627296179712,0.021174235231406487,0.02273948696948943,0.02459504685538021,0.026252371144065745,0.026836653953559678
2018-09-06,0.019606529638918308,0.021076325601916215,0.02273948696948943,0.0246926125903715,0.02605753431928962,0.02673929718962161
2018-09-07,0.019606529638918308,0.021174235231406487,0.02273948696948943,0.0249852526939085,0.02673929718962161,0.02742059557599217
2018-09-10,0.019606529638918308,0.021174235231406487,0.02293497128249588,0.025082780367463153,0.026934001240080944,0.02742059557599217
2018-09-11,0.019998686506689126,0.021272135275539696,0.022837233902757225,0.025180298530298247,0.027225986253591457,0.027906953253007877
2018-09-12,0.019900661706336163,0.021370025736192483,0.023032699110572687,0.025277807184268544,0.02703133905103043,0.02780970063926723
2018-09-13,0.019900661706336163,0.021272135275539696,0.023032699110572687,0.025180298530298247,0.027225986253591457,0.027906953253007877
2018-09-14,0.019998686506689126,0.021370025736192483,0.023032699110572687,0.025277807184268544,0.02742059557599217,0.02810143011087481
2018-09-17,0.019998686506689126,0.021370025736192483,0.023228126119207167,0.02537530633122824,0.02742059557599217,0.02810143011087481
2018-09-18,0.02029270326776243,0.021467906615240923,0.02332582530349669,0.025472795973031023,0.027712438566535786,0.028393074501217887
2018-09-19,0.02009670169912241,0.021370025736192483,0.02332582530349669,0.025472795973031023,0.027712438566535786,0.0284902703996275
2018-09-20,0.02009670169912241,0.021467906615240923,0.02342351494358806,0.025472795973031023,0.027712438566535786,0.0284902703996275
2018-09-21,0.02029270326776243,0.021565777914560547,0.02352119504134582,0.025472795973031023,0.027712438566535786,0.0284902703996275
2018-09-24,0.02048866642731566,0.02195716735204214,0.02352119504134582,0.025667746748577795,0.027906953253007877,0.0284902703996275
2018-09-25,0.02097840638519171,0.021859334352893518,0.02352119504134582,0.02557027611153001,0.027906953253007877,0.028684633859908954
2018-09-26,0.020880477579355232,0.021761491781512692,0.02342351494358806,0.025472795973031023,0.027906953253007877,0.0284902703996275
2018-09-27,0.020782539182528505,0.021565777914560547,0.02342351494358806,0.025472795973031023,0.027906953253007877,0.0284902703996275
2018-09-28,0.02097840638519171,0.021663639636026324,0.02332582530349669,0.02557027611153001,0.027712438566535786,0.028393074501217887
2018-10-01,0.021076325601916215,0.022054990780831327,0.023716526617316044,0.025667746748577795,0.02780970063926723,0.02858745685191255
2018-10-02,0.021174235231406487,0.022054990780831327,0.023814178099254877,0.02576520788602641,0.02780970063926723,0.028393074501217887
2018-10-03,0.021272135275539696,0.022054990780831327,0.023814178099254877,0.02586265952572737,0.02810143011087481,0.028976108236517098
2018-10-04,0.021370025736192483,0.02195716735204214,0.023911820046312877,0.025960101669531634,0.028295869154847303,0.029267497680568088
2018-10-05,0.021272135275539696,0.022054990780831327,0.023814178099254877,0.02605753431928962,0.028393074501217887,0.029461710149619014
2018-10-08,0.021272135275539696,0.022054990780831327,0.023814178099254877,0.02605753431928962,0.028393074501217887,0.029461710149619014
2018-10-09,0.021467906615240923,0.022250608934819758,0.024302292522964862,0.02615495747685121,0.028393074501217887,0.029364608629903935
2018-10-10,0.021565777914560547,0.022446188829830054,0.024204688696817394,0.026349775322782015,0.028393074501217887,0.029267497680568088
2018-10-11,0.021174235231406487,0.022446188829830054,0.024107075343233125,0.026252371144065745,0.02810143011087481,0.028976108236517098
2018-10-12,0.021174235231406487,0.0225439644348945,0.024107075343233125,0.026252371144065745,0.02810143011087481,0.028878959550376674
2018-10-15,0.021467906615240923,0.022837233902757225,0.024399886823535177,0.026349775322782015,0.02810143011087481,0.028976108236517098
2018-10-16,0.021663639636026324,0.02273948696948943,0.024302292522964862,0.026252371144065745,0.028295869154847303,0.02907324748570709
2018-10-17,0.021761491781512692,0.022837233902757225,0.024399886823535177,0.026252371144065745,0.0284902703996275,0.029267497680568088
2018-10-18,0.021663639636026324,0.02293497128249588,0.024399886823535177,0.026349775322782015,0.028295869154847303,0.02907324748570709
2018-10-19,0.021663639636026324,0.022837233902757225,0.024497471600387438,0.026349775322782015,0.02878180142545205,0.029461710149619014
2018-10-22,0.021565777914560547,0.02313041738885438,0.02459504685538021,0.026447170014848292,0.02878180142545205,0.029461710149619014
2018-10-23,0.021859334352893518,0.023032699110572687,0.024497471600387438,0.026349775322782015,0.0284902703996275,0.02907324748570709
2018-10-24,0.021761491781512692,0.02313041738885438,0.024399886823535177,0.02605753431928962,0.02800419640959736,0.0284902703996275
2018-10-25,0.021663639636026324,0.02313041738885438,0.024399886823535177,0.026252371144065745,0.028198654358678774,0.02878180142545205
2018-10-26,0.021370025736192483,0.023032699110572687,0.024399886823535177,0.025960101669531634,0.027712438566535786,0.02810143011087481
2018-10-29,0.021467906615240923,0.02313041738885438,0.02459504685538021,0.02605753431928962,0.027712438566535786,0.028198654358678774
2018-10-30,0.021859334352893518,0.023032699110572687,0.024497471600387438,0.026252371144065745,0.02800419640959736,0.02858745685191255
2018-10-31,0.021761491781512692,0.02313041738885438,0.02459504685538021,0.026544555222112288,0.028295869154847303,0.028878959550376674
2018-11-01,0.021859334352893518,0.02293497128249588,0.02459504685538021,0.026349775322782015,0.02800419640959736,0.028684633859908954
2018-11-02,0.021663639636026324,0.023032699110572687,0.0246926125903715,0.026641930946421182,0.028684633859908954,0.029364608629903935
2018-11-05,0.021761491781512692,0.02332582530349669,0.024790168807218783,0.02673929718962161,0.028684633859908954,0.029461710149619014
2018-11-06,0.022054990780831327,0.023228126119207167,0.024887715507778994,0.026836653953559678,0.028878959550376674,0.029655884907510657
2018-11-07,0.022054990780831327,0.02342351494358806,0.024790168807218783,0.02703133905103043,0.029170377299779858,0.029850021968885296
2018-11-08,0.021859334352893518,0.023228126119207167,0.024887715507778994,0.02703133905103043,0.029364608629903935,0.030044121348376668
2018-11-09,0.021859334352893518,0.02332582530349669,0.024887715507778994,0.026934001240080944,0.028976108236517098,0.029655884907510657
2018-11-12,0.021859334352893518,0.02332582530349669,0.024887715507778994,0.026934001240080944,0.028976108236517098,0.029655884907510657
2018-11-13,0.022152804641133308,0.02352119504134582,0.0249852526939085,0.026836653953559678,0.0284902703996275,0.02907324748570709
2018-11-14,0.022152804641133308,0.02352119504134582,0.024887715507778994,0.02673929718962161,0.028198654358678774,0.02878180142545205
2018-11-15,0.021761491781512692,0.02342351494358806,0.024790168807218783,0.026641930946421182,0.028198654358678774,0.028684633859908954
2018-11-16,0.021859334352893518,0.02332582530349669,0.0246926125903715,0.026447170014848292,0.027712438566535786,0.02810143011087481
2018-11-19,0.022054990780831327,0.02352119504134582,0.024887715507778994,0.026252371144065745,0.027517886036739245,0.02780970063926723
2018-11-20,0.022054990780831327,0.023618865598633996,0.024790168807218783,0.026349775322782015,0.027517886036739245,0.027906953253007877
2018-11-21,0.022250608934819758,0.023814178099254877,0.024887715507778994,0.026349775322782015,0.027712438566535786,0.02800419640959736
2018-11-22,0.022250608934819758,0.023814178099254877,0.024887715507778994,0.026349775322782015,0.027712438566535786,0.02800419640959736
2018-11-23,0.022250608934819758,0.023814178099254877,0.024887715507778994,0.026349775322782015,0.027712438566535786,0.027906953253007877
2018-11-26,0.022152804641133308,0.023814178099254877,0.025082780367463153,0.026641930946421182,0.02800419640959736,0.028198654358678774
2018-11-27,0.022837233902757225,0.023814178099254877,0.0249852526939085,0.026641930946421182,0.027906953253007877,0.028198654358678774
2018-11-28,0.022837233902757225,0.023716526617316044,0.0249852526939085,0.026544555222112288,0.027712438566535786,0.02800419640959736
2018-11-29,0.022837233902757225,0.02342351494358806,0.024887715507778994,0.026544555222112288,0.027712438566535786,0.027906953253007877
2018-11-30,0.022837233902757225,0.02342351494358806,0.024887715507778994,0.026641930946421182,0.027615167032973363,0.027906953253007877
2018-12-03,0.02273948696948943,0.02352119504134582,0.025277807184268544,0.026836653953559678,0.027906953253007877,0.02800419640959736
2018-12-04,0.02342351494358806,0.023911820046312877,0.025472795973031023,0.02673929718962161,0.027615167032973363,0.027712438566535786
2018-12-05,0.02342351494358806,0.023911820046312877,0.025472795973031023,0.02673929718962161,0.027615167032973363,0.027712438566535786
2018-12-06,0.02332582530349669,0.023814178099254877,0.025277807184268544,0.026641930946421182,0.02712866738825262,0.027225986253591457
2018-12-07,0.02293497128249588,0.023716526617316044,0.025082780367463153,0.026447170014848292,0.026836653953559678,0.026836653953559678
2018-12-10,0.02293497128249588,0.023814178099254877,0.025082780367463153,0.026544555222112288,0.026836653953559678,0.026934001240080944
2018-12-11,0.0225439644348945,0.023814178099254877,0.025180298530298247,0.026641930946421182,0.02742059557599217,0.02742059557599217
2018-12-12,0.02273948696948943,0.02400945246035187,0.025277807184268544,0.026641930946421182,0.027323295648890352,0.02742059557599217
2018-12-13,0.02332582530349669,0.02400945246035187,0.025277807184268544,0.026544555222112288,0.02712866738825262,0.027225986253591457
2018-12-14,0.02332582530349669,0.023911820046312877,0.025277807184268544,0.026447170014848292,0.026934001240080944,0.026836653953559678
2018-12-17,0.02332582530349669,0.023716526617316044,0.025082780367463153,0.026252371144065745,0.026641930946421182,0.026447170014848292
2018-12-18,0.023228126119207167,0.023618865598633996,0.0249852526939085,0.02605753431928962,0.02615495747685121,0.02605753431928962
2018-12-19,0.023228126119207167,0.023716526617316044,0.025082780367463153,0.02586265952572737,0.025960101669531634,0.02576520788602641
2018-12-20,0.023911820046312877,0.023618865598633996,0.025180298530298247,0.02605753431928962,0.026349775322782015,0.02615495747685121
2018-12-21,0.023814178099254877,0.023618865598633996,0.025082780367463153,0.02586265952572737,0.025960101669531634,0.02576520788602641
2018-12-24,0.023911820046312877,0.024204688696817394,0.024887715507778994,0.02576520788602641,0.025180298530298247,0.025277807184268544
2018-12-25,0.023911820046312877,0.024204688696817394,0.024887715507778994,0.02576520788602641,0.025180298530298247,0.025277807184268544
2018-12-26,0.023814178099254877,0.024107075343233125,0.025082780367463153,0.02576520788602641,0.02576520788602641,0.025667746748577795
2018-12-27,0.02400945246035187,0.023814178099254877,0.02459504685538021,0.025472795973031023,0.025277807184268544,0.025180298530298247
2018-12-28,0.023618865598633996,0.023716526617316044,0.024497471600387438,0.02537530633122824,0.024887715507778994,0.0246926125903715
2018-12-31,0.024107075343233125,0.024204688696817394,0.025277807184268544,0.025960101669531634,0.024497471600387438,0.024302292522964862
2019-01-01,0.024107075343233125,0.024204688696817394,0.025277807184268544,0.025960101669531634,0.024497471600387438,0.024302292522964862
2019-01-02,0.023716526617316044,0.023911820046312877,0.024790168807218783,0.025667746748577795,0.0246926125903715,0.024399886823535177
2019-01-03,0.023911820046312877,0.023814178099254877,0.024399886823535177,0.0246926125903715,0.023618865598633996,0.023228126119207167
2019-01-04,0.023716526617316044,0.023911820046312877,0.024790168807218783,0.02537530633122824,0.0246926125903715,0.024399886823535177
2019-01-07,0.023911820046312877,0.024204688696817394,0.025082780367463153,0.025472795973031023,0.0249852526939085,0.024790168807218783
2019-01-08,0.023716526617316044,0.024302292522964862,0.025082780367463153,0.025667746748577795,0.025472795973031023,0.02537530633122824
2019-01-09,0.023716526617316044,0.024204688696817394,0.024887715507778994,0.02557027611153001,0.025277807184268544,0.025082780367463153
2019-01-10,0.023911820046312877,0.02400945246035187,0.024790168807218783,0.02557027611153001,0.025277807184268544,0.025082780367463153
2019-01-11,0.023814178099254877,0.02400945246035187,0.0246926125903715,0.025472795973031023,0.025180298530298247,0.024790168807218783
2019-01-14,0.023911820046312877,0.024204688696817394,0.024887715507778994,0.02537530633122824,0.0249852526939085,0.024790168807218783
2019-01-15,0.023814178099254877,0.024204688696817394,0.024887715507778994,0.02537530633122824,0.0249852526939085,0.024790168807218783
2019-01-16,0.023814178099254877,0.02400945246035187,0.02459504685538021,0.02537530633122824,0.025180298530298247,0.0249852526939085
2019-01-17,0.023814178099254877,0.023911820046312877,0.0246926125903715,0.02537530633122824,0.025277807184268544,0.025180298530298247
2019-01-18,0.023716526617316044,0.023814178099254877,0.0246926125903715,0.025667746748577795,0.02586265952572737,0.025667746748577795
2019-01-21,0.023716526617316044,0.023814178099254877,0.0246926125903715,0.025667746748577795,0.02586265952572737,0.025667746748577795
2019-01-22,0.02352119504134582,0.02400945246035187,0.024790168807218783,0.02557027611153001,0.025472795973031023,0.025180298530298247
2019-01-23,0.02342351494358806,0.023814178099254877,0.024790168807218783,0.02557027611153001,0.025472795973031023,0.02537530633122824
2019-01-24,0.02352119504134582,0.02342351494358806,0.0246926125903715,0.025472795973031023,0.025277807184268544,0.025082780367463153
2019-01-25,0.02332582530349669,0.023618865598633996,0.024790168807218783,0.025667746748577795,0.025667746748577795,0.025472795973031023
2019-01-28,0.023618865598633996,0.023911820046312877,0.024790168807218783,0.025667746748577795,0.025667746748577795,0.025472795973031023
2019-01-29,0.023618865598633996,0.023911820046312877,0.024790168807218783,0.025667746748577795,0.025277807184268544,0.025082780367463153
2019-01-30,0.023716526617316044,0.023911820046312877,0.0246926125903715,0.02537530633122824,0.024887715507778994,0.02459504685538021
2019-01-31,0.023911820046312877,0.023814178099254877,0.024302292522964862,0.025180298530298247,0.024204688696817394,0.02400945246035187
2019-02-01,0.023814178099254877,0.023716526617316044,0.024302292522964862,0.025277807184268544,0.024887715507778994,0.0246926125903715
2019-02-04,0.023814178099254877,0.023911820046312877,0.02459504685538021,0.02537530633122824,0.0249852526939085,0.024887715507778994
2019-02-05,0.023618865598633996,0.023911820046312877,0.0246926125903715,0.025277807184268544,0.0249852526939085,0.0246926125903715
2019-02-06,0.023716526617316044,0.023911820046312877,0.0246926125903715,0.025277807184268544,0.024887715507778994,0.0246926125903715
2019-02-07,0.02400945246035187,0.023911820046312877,0.02459504685538021,0.025180298530298247,0.024497471600387438,0.024302292522964862
2019-02-08,0.02400945246035187,0.02400945246035187,0.02459504685538021,0.025082780367463153,0.024204688696817394,0.02400945246035187
2019-02-11,0.024107075343233125,0.024204688696817394,0.024790168807218783,0.025180298530298247,0.024497471600387438,0.024399886823535177
2019-02-12,0.023911820046312877,0.02400945246035187,0.0246926125903715,0.025180298530298247,0.0246926125903715,0.024497471600387438
2019-02-13,0.023911820046312877,0.024107075343233125,0.024790168807218783,0.025180298530298247,0.0249852526939085,0.024887715507778994
2019-02-14,0.024204688696817394,0.02400945246035187,0.024790168807218783,0.0249852526939085,0.0246926125903715,0.024497471600387438
2019-02-15,0.02400945246035187,0.02400945246035187,0.0246926125903715,0.025180298530298247,0.024887715507778994,0.0246926125903715
2019-02-18,0.02400945246035187,0.02400945246035187,0.0246926125903715,0.025180298530298247,0.024887715507778994,0.0246926125903715
2019-02-19,0.024107075343233125,0.024204688696817394,0.024887715507778994,0.025082780367463153,0.0246926125903715,0.024399886823535177
2019-02-20,0.023814178099254877,0.024204688696817394,0.024790168807218783,0.025082780367463153,0.0246926125903715,0.024399886823535177
2019-02-21,0.02400945246035187,0.024204688696817394,0.024790168807218783,0.025180298530298247,0.0249852526939085,0.02459504685538021
2019-02-22,0.02400945246035187,0.024302292522964862,0.024790168807218783,0.025180298530298247,0.024497471600387438,0.024302292522964862
2019-02-25,0.024107075343233125,0.024399886823535177,0.024790168807218783,0.025277807184268544,0.024790168807218783,0.024497471600387438
2019-02-26,0.02400945246035187,0.024204688696817394,0.024790168807218783,0.025180298530298247,0.024497471600387438,0.024107075343233125
2019-02-27,0.02400945246035187,0.024204688696817394,0.024887715507778994,0.025082780367463153,0.0246926125903715,0.024497471600387438
2019-02-28,0.024107075343233125,0.024204688696817394,0.0246926125903715,0.025082780367463153,0.024887715507778994,0.0246926125903715
2019-03-01,0.024107075343233125,0.024107075343233125,0.024887715507778994,0.025180298530298247,0.025180298530298247,0.025082780367463153
2019-03-04,0.024204688696817394,0.024302292522964862,0.025082780367463153,0.025082780367463153,0.025180298530298247,0.024887715507778994
2019-03-05,0.024107075343233125,0.024302292522964862,0.0249852526939085,0.025082780367463153,0.025180298530298247,0.024887715507778994
2019-03-06,0.02400945246035187,0.024399886823535177,0.0249852526939085,0.025082780367463153,0.024887715507778994,0.02459504685538021
2019-03-07,0.024204688696817394,0.024204688696817394,0.024887715507778994,0.024887715507778994,0.024399886823535177,0.024107075343233125
2019-03-08,0.024204688696817394,0.024302292522964862,0.024887715507778994,0.0249852526939085,0.024204688696817394,0.02400945246035187
2019-03-11,0.024107075343233125,0.024302292522964862,0.025082780367463153,0.0249852526939085,0.024399886823535177,0.024204688696817394
2019-03-12,0.024107075343233125,0.024302292522964862,0.0249852526939085,0.024887715507778994,0.024204688696817394,0.023814178099254877
2019-03-13,0.02400945246035187,0.024204688696817394,0.0249852526939085,0.0249852526939085,0.024204688696817394,0.023814178099254877
2019-03-14,0.024497471600387438,0.024204688696817394,0.024887715507778994,0.024887715507778994,0.024302292522964862,0.023911820046312877
2019-03-15,0.024302292522964862,0.024204688696817394,0.024887715507778994,0.024887715507778994,0.02400945246035187,0.023618865598633996
2019-03-18,0.024399886823535177,0.024107075343233125,0.024790168807218783,0.024887715507778994,0.024204688696817394,0.023814178099254877
2019-03-19,0.024302292522964862,0.024302292522964862,0.024887715507778994,0.0246926125903715,0.024302292522964862,0.023911820046312877
2019-03-20,0.024204688696817394,0.024497471600387438,0.02459504685538021,0.024399886823535177,0.023716526617316044,0.02313041738885438
2019-03-21,0.024790168807218783,0.02459504685538021,0.0246926125903715,0.024497471600387438,0.023814178099254877,0.02313041738885438
2019-03-22,0.02459504685538021,0.024302292522964862,0.024497471600387438,0.024204688696817394,0.022837233902757225,0.022152804641133308
2019-03-25,0.024399886823535177,0.024302292522964862,0.02459504685538021,0.023814178099254877,0.022348403663761812,0.021663639636026324
2019-03-26,0.024302292522964862,0.024302292522964862,0.02459504685538021,0.024107075343233125,0.022152804641133308,0.021565777914560547
2019-03-27,0.024204688696817394,0.024107075343233125,0.024302292522964862,0.023716526617316044,0.02195716735204214,0.021370025736192483
2019-03-28,0.024107075343233125,0.02400945246035187,0.024107075343233125,0.023716526617316044,0.022054990780831327,0.021565777914560547
2019-03-29,0.02400945246035187,0.023716526617316044,0.024107075343233125,0.023716526617316044,0.022446188829830054,0.021859334352893518
2019-04-01,0.023911820046312877,0.02400945246035187,0.024302292522964862,0.023814178099254877,0.023032699110572687,0.02264173048082465
2019-04-02,0.02400945246035187,0.023911820046312877,0.024204688696817394,0.023814178099254877,0.02273948696948943,0.022348403663761812
2019-04-03,0.023911820046312877,0.024107075343233125,0.024204688696817394,0.023814178099254877,0.023032699110572687,0.02264173048082465
2019-04-04,0.02400945246035187,0.024107075343233125,0.024302292522964862,0.023814178099254877,0.023032699110572687,0.02264173048082465
2019-04-05,0.023911820046312877,0.024107075343233125,0.024302292522964862,0.02400945246035187,0.023228126119207167,0.02273948696948943
2019-04-08,0.02400945246035187,0.02400945246035187,0.024497471600387438,0.02400945246035187,0.02332582530349669,0.022837233902757225
2019-04-09,0.023911820046312877,0.023911820046312877,0.024302292522964862,0.023911820046312877,0.023228126119207167,0.022837233902757225
2019-04-10,0.023716526617316044,0.02400945246035187,0.024302292522964862,0.023814178099254877,0.022837233902757225,0.022446188829830054
2019-04-11,0.023911820046312877,0.02400945246035187,0.024302292522964862,0.024107075343233125,0.023228126119207167,0.02273948696948943
2019-04-12,0.023814178099254877,0.024107075343233125,0.024399886823535177,0.024107075343233125,0.023716526617316044,0.02332582530349669
2019-04-15,0.023911820046312877,0.02400945246035187,0.024302292522964862,0.02400945246035187,0.023716526617316044,0.02332582530349669
2019-04-16,0.02400945246035187,0.02400945246035187,0.024399886823535177,0.024204688696817394,0.023814178099254877,0.02352119504134582
2019-04-17,0.02400945246035187,0.024107075343233125,0.024399886823535177,0.024107075343233125,0.023716526617316044,0.02342351494358806
2019-04-18,0.024107075343233125,0.023911820046312877,0.024399886823535177,0.024107075343233125,0.02352119504134582,0.02332582530349669
2019-04-19,0.024107075343233125,0.023911820046312877,0.024399886823535177,0.024107075343233125,0.02352119504134582,0.02332582530349669
2019-04-22,0.024107075343233125,0.024107075343233125,0.024399886823535177,0.024302292522964862,0.02352119504134582,0.02332582530349669
2019-04-23,0.02400945246035187,0.024204688696817394,0.024302292522964862,0.02400945246035187,0.02332582530349669,0.02313041738885438
2019-04-24,0.023911820046312877,0.024107075343233125,0.024302292522964862,0.023911820046312877,0.02293497128249588,0.0225439644348945
2019-04-25,0.02400945246035187,0.02400945246035187,0.024302292522964862,0.023911820046312877,0.023032699110572687,0.02264173048082465
2019-04-26,0.023911820046312877,0.023911820046312877,0.024302292522964862,0.023814178099254877,0.0225439644348945,0.022250608934819758
2019-04-29,0.024204688696817394,0.024107075343233125,0.024399886823535177,0.023911820046312877,0.02273948696948943,0.022446188829830054
2019-04-30,0.02400945246035187,0.02400945246035187,0.024302292522964862,0.023618865598633996,0.022446188829830054,0.022152804641133308
2019-05-01,0.023911820046312877,0.02400945246035187,0.024107075343233125,0.023618865598633996,0.022837233902757225,0.0225439644348945
2019-05-02,0.024107075343233125,0.024399886823535177,0.024302292522964862,0.023814178099254877,0.023228126119207167,0.02293497128249588
2019-05-03,0.023911820046312877,0.02400945246035187,0.024302292522964862,0.023814178099254877,0.023032699110572687,0.02273948696948943
2019-05-06,0.02400945246035187,0.024107075343233125,0.024302292522964862,0.023618865598633996,0.022837233902757225,0.022446188829830054
2019-05-07,0.024107075343233125,0.02400945246035187,0.024302292522964862,0.02342351494358806,0.0225439644348945,0.022152804641133308
2019-05-08,0.023911820046312877,0.02400945246035187,0.024204688696817394,0.02342351494358806,0.02273948696948943,0.022348403663761812
2019-05-09,0.02400945246035187,0.02400945246035187,0.024302292522964862,0.02332582530349669,0.022348403663761812,0.02195716735204214
2019-05-10,0.023911820046312877,0.02400945246035187,0.024204688696817394,0.02332582530349669,0.022348403663761812,0.022054990780831327
2019-05-13,0.023814178099254877,0.023814178099254877,0.023911820046312877,0.02293497128249588,0.021565777914560547,0.021272135275539696
2019-05-14,0.023814178099254877,0.023814178099254877,0.02400945246035187,0.02293497128249588,0.021761491781512692,0.021467906615240923
2019-05-15,0.023716526617316044,0.023911820046312877,0.02400945246035187,0.02273948696948943,0.021370025736192483,0.02097840638519171
2019-05-16,0.023716526617316044,0.023716526617316044,0.02400945246035187,0.023032699110572687,0.021761491781512692,0.021272135275539696
2019-05-17,0.023618865598633996,0.023618865598633996,0.023911820046312877,0.023032699110572687,0.021761491781512692,0.021272135275539696
2019-05-20,0.023618865598633996,0.023618865598633996,0.023911820046312877,0.02313041738885438,0.021859334352893518,0.021467906615240923
2019-05-21,0.02342351494358806,0.023618865598633996,0.023911820046312877,0.02332582530349669,0.022348403663761812,0.021761491781512692
2019-05-22,0.02332582530349669,0.02352119504134582,0.023814178099254877,0.02342351494358806,0.022054990780831327,0.021467906615240923
2019-05-23,0.02352119504134582,0.02342351494358806,0.023716526617316044,0.02293497128249588,0.02097840638519171,0.02058663360838838
2019-05-24,0.02342351494358806,0.023228126119207167,0.023618865598633996,0.023032699110572687,0.021370025736192483,0.020782539182528505
2019-05-27,0.02342351494358806,0.023228126119207167,0.023618865598633996,0.023032699110572687,0.021370025736192483,0.020782539182528505
2019-05-28,0.023228126119207167,0.02342351494358806,0.02352119504134582,0.022837233902757225,0.02097840638519171,0.020390689647734026
2019-05-29,0.023228126119207167,0.02342351494358806,0.02352119504134582,0.02273948696948943,0.020684591192832683,0.020194707285519278
2019-05-30,0.02342351494358806,0.02352119504134582,0.023716526617316044,0.02264173048082465,0.020390689647734026,0.019802627296179712
2019-05-31,0.023228126119207167,0.023228126119207167,0.023228126119207167,0.021859334352893518,0.019312311032372815,0.01882175424058776
2019-06-03,0.02332582530349669,0.023228126119207167,0.022837233902757225,0.020880477579355232,0.018036362486098582,0.017741681476157102
2019-06-04,0.02313041738885438,0.023228126119207167,0.02264173048082465,0.020880477579355232,0.018625464123164886,0.018232768261059712
2019-06-05,0.022837233902757225,0.023228126119207167,0.022250608934819758,0.020194707285519278,0.01813457019548269,0.017938145131012995
2019-06-06,0.02293497128249588,0.023032699110572687,0.02195716735204214,0.019998686506689126,0.018625464123164886,0.01833095668472346
2019-06-07,0.02273948696948943,0.0225439644348945,0.021272135275539696,0.01950846638804296,0.01833095668472346,0.018036362486098582
2019-06-10,0.02273948696948943,0.02264173048082465,0.021859334352893518,0.02009670169912241,0.01882175424058776,0.018527304613883622
2019-06-11,0.022446188829830054,0.022446188829830054,0.021859334352893518,0.02029270326776243,0.01911611719223005,0.018527304613883622
2019-06-12,0.021663639636026324,0.022152804641133308,0.021761491781512692,0.019998686506689126,0.018625464123164886,0.01813457019548269
2019-06-13,0.022152804641133308,0.021663639636026324,0.021565777914560547,0.019802627296179712,0.01813457019548269,0.017643435172595243
2019-06-14,0.022054990780831327,0.021761491781512692,0.021565777914560547,0.019802627296179712,0.018232768261059712,0.017741681476157102
2019-06-17,0.02195716735204214,0.022054990780831327,0.021761491781512692,0.02009670169912241,0.018429135468367195,0.017839918128331002
2019-06-18,0.021565777914560547,0.02195716735204214,0.021761491781512692,0.020194707285519278,0.018429135468367195,0.017839918128331002
2019-06-19,0.021174235231406487,0.021565777914560547,0.020880477579355232,0.019410393519823325,0.017250353406527592,0.0168571170664229
2019-06-20,0.021467906615240923,0.021174235231406487,0.020194707285519278,0.018919884852510872,0.017053754565827518,0.016758783814954704
2019-06-21,0.021370025736192483,0.020880477579355232,0.02029270326776243,0.019312311032372815,0.017545179215748816,0.017250353406527592
2019-06-24,0.02097840638519171,0.021076325601916215,0.020782539182528505,0.019018005835761846,0.017053754565827518,0.016758783814954704
2019-06-25,0.020880477579355232,0.02097840638519171,0.020782539182528505,0.01911611719223005,0.016955440649413473,0.016562088298978293
2019-06-26,0.020880477579355232,0.021272135275539696,0.02097840638519171,0.019410393519823325,0.017545179215748816,0.017250353406527592
2019-06-27,0.021663639636026324,0.021174235231406487,0.02097840638519171,0.01911611719223005,0.017250353406527592,0.016955440649413473
2019-06-28,0.021565777914560547,0.02097840638519171,0.020684591192832683,0.019018005835761846,0.017348638334613004,0.016955440649413473
2019-07-01,0.021467906615240923,0.021859334352893518,0.020782539182528505,0.019214218923804288,0.017643435172595243,0.017250353406527592
2019-07-02,0.021859334352893518,0.021761491781512692,0.020684591192832683,0.018919884852510872,0.017545179215748816,0.016955440649413473
2019-07-03,0.022250608934819758,0.021859334352893518,0.02058663360838838,0.018919884852510872,0.017545179215748816,0.016955440649413473
2019-07-04,0.022250608934819758,0.021859334352893518,0.02058663360838838,0.018919884852510872,0.017545179215748816,0.016955440649413473
2019-07-05,0.022348403663761812,0.022054990780831327,0.021174235231406487,0.019606529638918308,0.018527304613883622,0.018036362486098582
2019-07-08,0.022054990780831327,0.022348403663761812,0.021174235231406487,0.019704583274335403,0.018625464123164886,0.018232768261059712
2019-07-09,0.02195716735204214,0.022348403663761812,0.021272135275539696,0.019802627296179712,0.019018005835761846,0.018625464123164886
2019-07-10,0.021565777914560547,0.021761491781512692,0.02048866642731566,0.01911611719223005,0.018036362486098582,0.017741681476157102
2019-07-11,0.021467906615240923,0.021467906615240923,0.02058663360838838,0.01950846638804296,0.01833095668472346,0.018232768261059712
2019-07-12,0.021370025736192483,0.021174235231406487,0.02048866642731566,0.019410393519823325,0.018232768261059712,0.017938145131012995
2019-07-15,0.021467906615240923,0.021370025736192483,0.020390689647734026,0.019312311032372815,0.01813457019548269,0.017839918128331002
2019-07-16,0.021370025736192483,0.021272135275539696,0.020390689647734026,0.019802627296179712,0.018527304613883622,0.018232768261059712
2019-07-17,0.021076325601916215,0.021174235231406487,0.020194707285519278,0.019312311032372815,0.01813457019548269,0.017839918128331002
2019-07-18,0.020880477579355232,0.02029270326776243,0.019900661706336163,0.01882175424058776,0.017545179215748816,0.017250353406527592
2019-07-19,0.020880477579355232,0.020390689647734026,0.02009670169912241,0.019214218923804288,0.017839918128331002,0.017545179215748816
2019-07-22,0.021076325601916215,0.020684591192832683,0.02058663360838838,0.019312311032372815,0.017839918128331002,0.017545179215748816
2019-07-23,0.02097840638519171,0.020390689647734026,0.020684591192832683,0.01950846638804296,0.01813457019548269,0.017741681476157102
2019-07-24,0.020782539182528505,0.020782539182528505,0.02058663360838838,0.019606529638918308,0.01813457019548269,0.017741681476157102
2019-07-25,0.021370025736192483,0.020782539182528505,0.02058663360838838,0.019704583274335403,0.018429135468367195,0.01813457019548269
2019-07-26,0.021076325601916215,0.02097840638519171,0.020782539182528505,0.019802627296179712,0.018429135468367195,0.01813457019548269
2019-07-29,0.02097840638519171,0.02097840638519171,0.020782539182528505,0.019606529638918308,0.01833095668472346,0.017938145131012995
2019-07-30,0.02048866642731566,0.02058663360838838,0.02048866642731566,0.01950846638804296,0.01833095668472346,0.018036362486098582
2019-07-31,0.019900661706336163,0.02058663360838838,0.020782539182528505,0.019802627296179712,0.018723613998102594,0.018232768261059712
2019-08-01,0.020880477579355232,0.02048866642731566,0.020194707285519278,0.018625464123164886,0.01715205881756557,0.016562088298978293
2019-08-02,0.020880477579355232,0.020390689647734026,0.019998686506689126,0.01833095668472346,0.017053754565827518,0.016562088298978293
2019-08-05,0.02048866642731566,0.02029270326776243,0.019704583274335403,0.017643435172595243,0.015774919115362215,0.015381102038302324
2019-08-06,0.02029270326776243,0.02029270326776243,0.019802627296179712,0.017839918128331002,0.01587334915629015,0.015282623531156904
2019-08-07,0.019998686506689126,0.019998686506689126,0.019312311032372815,0.017348638334613004,0.015774919115362215,0.014987129808248345
2019-08-08,0.020684591192832683,0.019998686506689126,0.019410393519823325,0.017741681476157102,0.01607018017749447,0.015282623531156904
2019-08-09,0.02029270326776243,0.019802627296179712,0.019312311032372815,0.017643435172595243,0.016168581161583706,0.01567647938500758
2019-08-12,0.020684591192832683,0.019802627296179712,0.019214218923804288,0.017348638334613004,0.01567647938500758,0.014987129808248345
2019-08-13,0.02029270326776243,0.019802627296179712,0.019410393519823325,0.018429135468367195,0.01646372603066508,0.01587334915629015
2019-08-14,0.019606529638918308,0.019410393519823325,0.019018005835761846,0.017741681476157102,0.01567647938500758,0.015184135325039967
2019-08-15,0.02058663360838838,0.018919884852510872,0.018429135468367195,0.017053754565827518,0.014691548742989757,0.014297304700824425
2019-08-16,0.02029270326776243,0.018527304613883622,0.01833095668472346,0.016955440649413473,0.014691548742989757,0.014297304700824425
2019-08-19,0.020390689647734026,0.019214218923804288,0.01882175424058776,0.017348638334613004,0.015184135325039967,0.01479008547263543
2019-08-20,0.02029270326776243,0.019214218923804288,0.018723613998102594,0.017053754565827518,0.014888612493750654,0.014297304700824425
2019-08-21,0.02009670169912241,0.01950846638804296,0.01882175424058776,0.017545179215748816,0.01547957084838632,0.014888612493750654
2019-08-22,0.020782539182528505,0.019802627296179712,0.018919884852510872,0.017741681476157102,0.015971769509698662,0.015184135325039967
2019-08-23,0.02048866642731566,0.01950846638804296,0.018527304613883622,0.01715205881756557,0.014987129808248345,0.014198719399812949
2019-08-26,0.020684591192832683,0.019900661706336163,0.01882175424058776,0.017348638334613004,0.015282623531156904,0.01459300230290015
2019-08-27,0.02048866642731566,0.019606529638918308,0.019214218923804288,0.017545179215748816,0.015184135325039967,0.014198719399812949
2019-08-28,0.02048866642731566,0.019704583274335403,0.018723613998102594,0.017250353406527592,0.014888612493750654,0.014100124378781635
2019-08-29,0.020782539182528505,0.019704583274335403,0.018723613998102594,0.017348638334613004,0.015184135325039967,0.014297304700824425
2019-08-30,0.020782539182528505,0.019704583274335403,0.018723613998102594,0.017446913603720648,0.014888612493750654,0.014100124378781635
2019-09-02,0.020782539182528505,0.019704583274335403,0.018723613998102594,0.017446913603720648,0.014888612493750654,0.014100124378781635
2019-09-03,0.020390689647734026,0.019606529638918308,0.018625464123164886,0.017053754565827518,0.01459300230290015,0.013705647056111932
2019-09-04,0.02029270326776243,0.01950846638804296,0.018527304613883622,0.016758783814954704,0.014198719399812949,0.013508350024792245
2019-09-05,0.02029270326776243,0.01950846638804296,0.018625464123164886,0.01715205881756557,0.015381102038302324,0.01459300230290015
2019-09-06,0.02029270326776243,0.019410393519823325,0.018625464123164886,0.01715205881756557,0.015184135325039967,0.014494446150452563
2019-09-09,0.020194707285519278,0.019410393519823325,0.018527304613883622,0.017250353406527592,0.01567647938500758,0.015085637418040853
2019-09-10,0.020194707285519278,0.019312311032372815,0.018723613998102594,0.017938145131012995,0.016562088298978293,0.015971769509698662
2019-09-11,0.019900661706336163,0.019410393519823325,0.018625464123164886,0.017741681476157102,0.01666044089310724,0.01607018017749447
2019-09-12,0.019704583274335403,0.019312311032372815,0.01882175424058776,0.018036362486098582,0.017053754565827518,0.016562088298978293
2019-09-13,0.019704583274335403,0.019410393519823325,0.019018005835761846,0.018625464123164886,0.017741681476157102,0.017446913603720648
2019-09-16,0.02058663360838838,0.019704583274335403,0.01911611719223005,0.018429135468367195,0.017250353406527592,0.016955440649413473
2019-09-17,0.020782539182528505,0.019704583274335403,0.01911611719223005,0.018527304613883622,0.017053754565827518,0.01666044089310724
2019-09-18,0.019214218923804288,0.019312311032372815,0.018919884852510872,0.018527304613883622,0.017545179215748816,0.017053754565827518
2019-09-19,0.019900661706336163,0.01911611719223005,0.019018005835761846,0.018625464123164886,0.017250353406527592,0.01666044089310724
2019-09-20,0.019312311032372815,0.018919884852510872,0.018919884852510872,0.018232768261059712,0.016758783814954704,0.016168581161583706
2019-09-23,0.019214218923804288,0.019214218923804288,0.01911611719223005,0.017938145131012995,0.01666044089310724,0.015971769509698662
2019-09-24,0.01882175424058776,0.019018005835761846,0.018919884852510872,0.017643435172595243,0.01587334915629015,0.015184135325039967
2019-09-25,0.017839918128331002,0.018723613998102594,0.01882175424058776,0.018036362486098582,0.01666044089310724,0.015971769509698662
2019-09-26,0.018919884852510872,0.01813457019548269,0.018625464123164886,0.017741681476157102,0.01646372603066508,0.015971769509698662
2019-09-27,0.01882175424058776,0.017839918128331002,0.01833095668472346,0.017250353406527592,0.016168581161583706,0.01567647938500758
2019-09-30,0.018919884852510872,0.018625464123164886,0.01813457019548269,0.017348638334613004,0.016168581161583706,0.01547957084838632
2019-10-01,0.017741681476157102,0.018036362486098582,0.017938145131012995,0.01715205881756557,0.01547957084838632,0.014987129808248345
2019-10-02,0.017348638334613004,0.017741681476157102,0.017348638334613004,0.016562088298978293,0.014691548742989757,0.014198719399812949
2019-10-03,0.017643435172595243,0.0168571170664229,0.01646372603066508,0.01567647938500758,0.013804280976397056,0.013311014059672338
2019-10-04,0.01715205881756557,0.016955440649413473,0.016365354086264272,0.01567647938500758,0.01390290516899142,0.013409686909917676
2019-10-07,0.017446913603720648,0.017348638334613004,0.01715205881756557,0.016266972463871966,0.014494446150452563,0.014001519635813609
2019-10-08,0.016758783814954704,0.017053754565827518,0.016758783814954704,0.01607018017749447,0.014100124378781635,0.013705647056111932
2019-10-09,0.016758783814954704,0.016758783814954704,0.016758783814954704,0.015774919115362215,0.01459300230290015,0.014198719399812949
2019-10-10,0.017250353406527592,0.01666044089310724,0.01666044089310724,0.016168581161583706,0.015184135325039967,0.01479008547263543
2019-10-11,0.017446913603720648,0.01666044089310724,0.01666044089310724,0.016562088298978293,0.016168581161583706,0.01587334915629015
2019-10-14,0.017446913603720648,0.01666044089310724,0.01666044089310724,0.016562088298978293,0.016168581161583706,0.01587334915629015
2019-10-15,0.017250353406527592,0.016562088298978293,0.016562088298978293,0.016365354086264272,0.015971769509698662,0.01587334915629015
2019-10-16,0.016955440649413473,0.01646372603066508,0.016266972463871966,0.015774919115362215,0.01567647938500758,0.015578029963318418
2019-10-17,0.017250353406527592,0.01646372603066508,0.016168581161583706,0.015774919115362215,0.01587334915629015,0.015578029963318418
2019-10-18,0.017348638334613004,0.01646372603066508,0.016168581161583706,0.01567647938500758,0.01567647938500758,0.01547957084838632
2019-10-21,0.017446913603720648,0.016562088298978293,0.016365354086264272,0.015774919115362215,0.01607018017749447,0.015774919115362215
2019-10-22,0.017348638334613004,0.016365354086264272,0.016266972463871966,0.015774919115362215,0.01587334915629015,0.015774919115362215
2019-10-23,0.017250353406527592,0.016365354086264272,0.016266972463871966,0.01567647938500758,0.01567647938500758,0.01567647938500758
2019-10-24,0.017348638334613004,0.016562088298978293,0.016365354086264272,0.015774919115362215,0.01567647938500758,0.01567647938500758
2019-10-25,0.01715205881756557,0.01646372603066508,0.01646372603066508,0.01587334915629015,0.016168581161583706,0.01607018017749447
2019-10-28,0.017250353406527592,0.016365354086264272,0.016365354086264272,0.01587334915629015,0.016266972463871966,0.016365354086264272
2019-10-29,0.01646372603066508,0.016168581161583706,0.016266972463871966,0.015774919115362215,0.016266972463871966,0.016365354086264272
2019-10-30,0.015971769509698662,0.01607018017749447,0.01607018017749447,0.015774919115362215,0.015971769509698662,0.01587334915629015
2019-10-31,0.015774919115362215,0.015282623531156904,0.015578029963318418,0.015184135325039967,0.015085637418040853,0.015085637418040853
2019-11-01,0.01567647938500758,0.015085637418040853,0.015381102038302324,0.015184135325039967,0.01547957084838632,0.015381102038302324
2019-11-04,0.01567647938500758,0.015184135325039967,0.015578029963318418,0.01547957084838632,0.01587334915629015,0.015774919115362215
2019-11-05,0.01547957084838632,0.01547957084838632,0.01567647938500758,0.01607018017749447,0.016168581161583706,0.016168581161583706
2019-11-06,0.015381102038302324,0.01547957084838632,0.015578029963318418,0.01567647938500758,0.015971769509698662,0.01587334915629015
2019-11-07,0.015578029963318418,0.01547957084838632,0.01567647938500758,0.01567647938500758,0.01666044089310724,0.0168571170664229
2019-11-08,0.01547957084838632,0.015381102038302324,0.01567647938500758,0.01567647938500758,0.01666044089310724,0.0168571170664229
2019-11-11,0.01547957084838632,0.015381102038302324,0.01567647938500758,0.01567647938500758,0.01666044089310724,0.0168571170664229
2019-11-12,0.01547957084838632,0.015774919115362215,0.015774919115362215,0.01567647938500758,0.01646372603066508,0.016758783814954704
2019-11-13,0.01547957084838632,0.015578029963318418,0.015774919115362215,0.015578029963318418,0.016168581161583706,0.016365354086264272
2019-11-14,0.015774919115362215,0.015578029963318418,0.01567647938500758,0.015381102038302324,0.01567647938500758,0.015774919115362215
2019-11-15,0.015774919115362215,0.015578029963318418,0.015774919115362215,0.015282623531156904,0.015971769509698662,0.015971769509698662
2019-11-18,0.015774919115362215,0.015578029963318418,0.01567647938500758,0.015282623531156904,0.01587334915629015,0.015774919115362215
2019-11-19,0.01567647938500758,0.015578029963318418,0.01567647938500758,0.015282623531156904,0.01587334915629015,0.015774919115362215
2019-11-20,0.015578029963318418,0.015578029963318418,0.01567647938500758,0.015282623531156904,0.01547957084838632,0.015381102038302324
2019-11-21,0.015578029963318418,0.01567647938500758,0.015774919115362215,0.015381102038302324,0.01587334915629015,0.015774919115362215
2019-11-22,0.01567647938500758,0.01567647938500758,0.015774919115362215,0.01547957084838632,0.015971769509698662,0.01587334915629015
2019-11-25,0.01587334915629015,0.015971769509698662,0.015971769509698662,0.01567647938500758,0.015971769509698662,0.01587334915629015
2019-11-26,0.016168581161583706,0.01587334915629015,0.01607018017749447,0.015774919115362215,0.01567647938500758,0.01567647938500758
2019-11-27,0.016365354086264272,0.01607018017749447,0.016168581161583706,0.01587334915629015,0.016168581161583706,0.015971769509698662
2019-11-28,0.016365354086264272,0.01607018017749447,0.016168581161583706,0.01587334915629015,0.016168581161583706,0.015971769509698662
2019-11-29,0.01607018017749447,0.015774919115362215,0.016168581161583706,0.01587334915629015,0.015971769509698662,0.015971769509698662
2019-12-02,0.01587334915629015,0.01587334915629015,0.01607018017749447,0.01587334915629015,0.015971769509698662,0.016168581161583706
2019-12-03,0.01547957084838632,0.015578029963318418,0.015578029963318418,0.015578029963318418,0.015184135325039967,0.015282623531156904
2019-12-04,0.015774919115362215,0.015381102038302324,0.01547957084838632,0.01547957084838632,0.01567647938500758,0.01567647938500758
2019-12-05,0.015085637418040853,0.015282623531156904,0.015381102038302324,0.01547957084838632,0.01567647938500758,0.01587334915629015
2019-12-06,0.015085637418040853,0.015184135325039967,0.01547957084838632,0.015578029963318418,0.015971769509698662,0.016266972463871966
2019-12-09,0.015282623531156904,0.015282623531156904,0.01567647938500758,0.01547957084838632,0.016168581161583706,0.016168581161583706
2019-12-10,0.015184135325039967,0.01547957084838632,0.015578029963318418,0.01547957084838632,0.016365354086264272,0.016562088298978293
2019-12-11,0.015282623531156904,0.015578029963318418,0.01567647938500758,0.015381102038302324,0.015971769509698662,0.01607018017749447
2019-12-12,0.015578029963318418,0.01547957084838632,0.015578029963318418,0.015381102038302324,0.01646372603066508,0.016758783814954704
2019-12-13,0.015381102038302324,0.015578029963318418,0.01547957084838632,0.015282623531156904,0.015971769509698662,0.01607018017749447
2019-12-16,0.015578029963318418,0.015578029963318418,0.01567647938500758,0.015282623531156904,0.016365354086264272,0.016562088298978293
2019-12-17,0.01547957084838632,0.01547957084838632,0.01567647938500758,0.015184135325039967,0.016168581161583706,0.01646372603066508
2019-12-18,0.01547957084838632,0.01547957084838632,0.01567647938500758,0.015282623531156904,0.016168581161583706,0.016562088298978293
2019-12-19,0.015282623531156904,0.015578029963318418,0.015578029963318418,0.015085637418040853,0.01607018017749447,0.016365354086264272
2019-12-20,0.015578029963318418,0.01567647938500758,0.01567647938500758,0.015085637418040853,0.016168581161583706,0.016562088298978293
2019-12-23,0.015578029963318418,0.015774919115362215,0.01587334915629015,0.015184135325039967,0.016266972463871966,0.016562088298978293
2019-12-24,0.015381102038302324,0.01567647938500758,0.015971769509698662,0.015184135325039967,0.01607018017749447,0.016266972463871966
2019-12-25,0.015381102038302324,0.01567647938500758,0.015971769509698662,0.015184135325039967,0.01607018017749447,0.016266972463871966
2019-12-26,0.015774919115362215,0.01567647938500758,0.015971769509698662,0.015184135325039967,0.016266972463871966,0.016365354086264272
2019-12-27,0.01547957084838632,0.015578029963318418,0.015774919115362215,0.014987129808248345,0.015774919115362215,0.01587334915629015
2019-12-30,0.014987129808248345,0.015578029963318418,0.01587334915629015,0.015578029963318418,0.01567647938500758,0.015774919115362215
2019-12-31,0.014691548742989757,0.015381102038302324,0.01587334915629015,0.015774919115362215,0.01567647938500758,0.01607018017749447
2020-01-01,0.014691548742989757,0.015381102038302324,0.01587334915629015,0.015774919115362215,0.01567647938500758,0.01607018017749447
2020-01-02,0.015184135325039967,0.015282623531156904,0.015578029963318418,0.01547957084838632,0.01567647938500758,0.015774919115362215
2020-01-03,0.015085637418040853,0.015085637418040853,0.015381102038302324,0.015381102038302324,0.015184135325039967,0.015282623531156904
2020-01-06,0.015282623531156904,0.01547957084838632,0.01547957084838632,0.015282623531156904,0.015282623531156904,0.01547957084838632
2020-01-07,0.015085637418040853,0.015282623531156904,0.01547957084838632,0.015184135325039967,0.015282623531156904,0.015381102038302324
2020-01-08,0.014888612493750654,0.015282623531156904,0.01547957084838632,0.015381102038302324,0.01567647938500758,0.015971769509698662
2020-01-09,0.015184135325039967,0.015282623531156904,0.01547957084838632,0.015282623531156904,0.01567647938500758,0.015774919115362215
2020-01-10,0.015085637418040853,0.015282623531156904,0.015381102038302324,0.015184135325039967,0.01547957084838632,0.015774919115362215
2020-01-13,0.015282623531156904,0.015578029963318418,0.015578029963318418,0.015184135325039967,0.01567647938500758,0.01587334915629015
2020-01-14,0.015184135325039967,0.015578029963318418,0.015578029963318418,0.015184135325039967,0.01567647938500758,0.015774919115362215
2020-01-15,0.015184135325039967,0.015578029963318418,0.01567647938500758,0.015282623531156904,0.01547957084838632,0.01547957084838632
2020-01-16,0.015282623531156904,0.015381102038302324,0.01547957084838632,0.015282623531156904,0.01567647938500758,0.01567647938500758
2020-01-17,0.015282623531156904,0.01547957084838632,0.015578029963318418,0.01547957084838632,0.01567647938500758,0.01547957084838632
2020-01-20,0.015282623531156904,0.01547957084838632,0.015578029963318418,0.01547957084838632,0.01567647938500758,0.01547957084838632
2020-01-21,0.015085637418040853,0.01547957084838632,0.015578029963318418,0.015282623531156904,0.015184135325039967,0.015184135325039967
2020-01-22,0.015085637418040853,0.015381102038302324,0.01547957084838632,0.015381102038302324,0.015184135325039967,0.015085637418040853
2020-01-23,0.015381102038302324,0.015381102038302324,0.01547957084838632,0.015381102038302324,0.014987129808248345,0.014987129808248345
2020-01-24,0.015282623531156904,0.015282623531156904,0.015381102038302324,0.015381102038302324,0.01479008547263543,0.014691548742989757
2020-01-27,0.015184135325039967,0.015381102038302324,0.015578029963318418,0.015184135325039967,0.014297304700824425,0.014001519635813609
2020-01-28,0.015184135325039967,0.015578029963318418,0.01567647938500758,0.015184135325039967,0.014395880283732381,0.014395880283732381
2020-01-29,0.015085637418040853,0.01547957084838632,0.015578029963318418,0.014987129808248345,0.014100124378781635,0.013804280976397056
2020-01-30,0.015774919115362215,0.015578029963318418,0.015578029963318418,0.014691548742989757,0.014001519635813609,0.013607003406216902
2020-01-31,0.01547957084838632,0.015381102038302324,0.015282623531156904,0.014395880283732381,0.013212331472134813,0.01291622526654633
2020-02-03,0.01547957084838632,0.015578029963318418,0.01547957084838632,0.014494446150452563,0.013508350024792245,0.013311014059672338
2020-02-04,0.015381102038302324,0.015578029963318418,0.015578029963318418,0.014691548742989757,0.014001519635813609,0.01390290516899142
2020-02-05,0.015381102038302324,0.015578029963318418,0.015578029963318418,0.01479008547263543,0.014297304700824425,0.014198719399812949
2020-02-06,0.015774919115362215,0.015578029963318418,0.01567647938500758,0.014987129808248345,0.014297304700824425,0.014198719399812949
2020-02-07,0.015578029963318418,0.01547957084838632,0.015578029963318418,0.01479008547263543,0.014001519635813609,0.013804280976397056
2020-02-10,0.01567647938500758,0.01567647938500758,0.01567647938500758,0.014395880283732381,0.013607003406216902,0.013508350024792245
2020-02-11,0.015578029963318418,0.015578029963318418,0.015381102038302324,0.014691548742989757,0.014001519635813609,0.013804280976397056
2020-02-12,0.015578029963318418,0.01567647938500758,0.01547957084838632,0.01479008547263543,0.014297304700824425,0.014100124378781635
2020-02-13,0.015774919115362215,0.015774919115362215,0.01547957084838632,0.014691548742989757,0.014297304700824425,0.014100124378781635
2020-02-14,0.01587334915629015,0.01567647938500758,0.01547957084838632,0.01479008547263543,0.014100124378781635,0.01390290516899142
2020-02-17,0.01587334915629015,0.01567647938500758,0.01547957084838632,0.01479008547263543,0.014100124378781635,0.01390290516899142
2020-02-18,0.015971769509698662,0.01567647938500758,0.01547957084838632,0.01459300230290015,0.014001519635813609,0.013607003406216902
2020-02-19,0.015971769509698662,0.01567647938500758,0.01547957084838632,0.01459300230290015,0.014100124378781635,0.013804280976397056
2020-02-20,0.015971769509698662,0.01567647938500758,0.015381102038302324,0.014494446150452563,0.013804280976397056,0.013409686909917676
2020-02-21,0.01587334915629015,0.01547957084838632,0.015184135325039967,0.014198719399812949,0.013311014059672338,0.01291622526654633
2020-02-24,0.01587334915629015,0.015184135325039967,0.01479008547263543,0.013409686909917676,0.012521280553671745,0.012027380212718455
2020-02-25,0.015774919115362215,0.015184135325039967,0.01459300230290015,0.01291622526654633,0.011928570865273802,0.01153323581367303
2020-02-26,0.015774919115362215,0.015184135325039967,0.014100124378781635,0.012521280553671745,0.01153323581367303,0.0113355096637456
2020-02-27,0.01547957084838632,0.014395880283732381,0.013212331472134813,0.011730922875698666,0.011038847115216341,0.010742096531902109
2020-02-28,0.014395880283732381,0.012620031356102263,0.011038847115216341,0.009653257028138304,0.008563230660487873,0.008464078412129412
2020-03-02,0.014001519635813609,0.011236631925987681,0.009455158770755135,0.008860628432196557,0.008364916331627708,0.008464078412129412
2020-03-03,0.011038847115216341,0.009455158770755135,0.008265744417032617,0.007273483966498386,0.007074913671961879,0.007174203748000358
2020-03-04,0.009950330853168083,0.007174203748000358,0.006776984279023752,0.005882663158155495,0.006677654753240569,0.006776984279023752
2020-03-05,0.009157937784765629,0.006180859075081115,0.005286004429237355,0.004788516731797177,0.005882663158155495,0.006081470315867959
2020-03-06,0.00786895837869518,0.004489905272852053,0.0040916179032535645,0.003892414715343839,0.004888034072775962,0.005286004429237355
2020-03-09,0.00568381646829767,0.003294566949430031,0.0026963615477426086,0.003095204907302419,0.003792798238696237,0.003992021269537453
2020-03-10,0.00568381646829767,0.004390348301292895,0.004290781417156275,0.004290781417156275,0.004987541511039074,0.005783244755727333
2020-03-11,0.004191204618468071,0.004191204618468071,0.003992021269537453,0.003992021269537453,0.004987541511039074,0.005783244755727333
2020-03-12,0.0040916179032535645,0.003294566949430031,0.0036931718376175702,0.003892414715343839,0.004987541511039074,0.005783244755727333
2020-03-13,0.003294566949430031,0.0027960873020012743,0.003792798238696237,0.003792798238696237,0.004888034072775962,0.005783244755727333
2020-03-16,0.002496880198587199,0.0023971245997214934,0.002895803112025565,0.002895803112025565,0.0035935355101301704,0.004290781417156275
2020-03-17,0.0011992805754820971,0.0018981972830802527,0.0023971245997214934,0.002995508979798479,0.0046889894861315414,0.005385472276337817
2020-03-18,0.0003999200213269354,0.00019998000266626675,0.0007996801705643322,0.002097798082146129,0.005385472276337817,0.006578315360122567
2020-03-19,0.0003999200213269354,0.0003999200213269354,0.0005998200719676155,0.001998002662673056,0.004390348301292895,0.005286004429237355
2020-03-20,0.0003999200213269354,0.000499875041651048,0.000499875041651048,0.0014988761237358919,0.0036931718376175702,0.0040916179032535645
2020-03-23,9.999500033330834e-05,0.00019998000266626675,0.0007996801705643322,0.0016985566355814776,0.0027960873020012743,0.003095204907302419
2020-03-24,9.999500033330834e-05,9.999500033330834e-05,0.000899595242836093,0.002496880198587199,0.003792798238696237,0.004390348301292895
2020-03-25,0.0,0.0,0.000699755114273342,0.0018981972830802527,0.0033942330680155476,0.0040916179032535645
2020-03-26,9.999500033330834e-05,0.0,0.0003999200213269354,0.00129915573162005,0.002995508979798479,0.0035935355101301704
2020-03-27,9.999500033330834e-05,0.00029995500899797546,0.00019998000266626675,0.0010993954433009636,0.002496880198587199,0.002995508979798479
2020-03-30,0.0003999200213269354,0.0011992805754820971,0.0011992805754820971,0.0013990209137073413,0.0022973590486834897,0.002895803112025565
2020-03-31,0.000499875041651048,0.0010993954433009636,0.0014988761237358919,0.0016985566355814776,0.0022973590486834897,0.002895803112025565
2020-04-01,0.00029995500899797546,0.000899595242836093,0.0013990209137073413,0.0015987213636970278,0.0022973590486834897,0.0027960873020012743
2020-04-02,0.000899595242836093,0.000899595242836093,0.0014988761237358919,0.0013990209137073413,0.0022973590486834897,0.002895803112025565
2020-04-03,0.000899595242836093,0.0009995003330835331,0.0014988761237358919,0.0014988761237358919,0.0022973590486834897,0.002995508979798479
2020-04-06,0.000899595242836093,0.0014988761237358919,0.0016985566355814776,0.001998002662673056,0.0026963615477426086,0.0034938892542557796
2020-04-07,0.0009995003330835331,0.0013990209137073413,0.001998002662673056,0.001998002662673056,0.0027960873020012743,0.0035935355101301704
2020-04-08,0.0013990209137073413,0.0021975835434872217,0.0023971245997214934,0.0022973590486834897,0.0026963615477426086,0.0033942330680155476
2020-04-09,0.001998002662673056,0.002496880198587199,0.0023971245997214934,0.002496880198587199,0.0022973590486834897,0.002895803112025565
2020-04-10,0.001998002662673056,0.002496880198587199,0.0023971245997214934,0.002496880198587199,0.0022973590486834897,0.002895803112025565
2020-04-13,0.0016985566355814776,0.002596625847265978,0.0026963615477426086,0.0026963615477426086,0.002496880198587199,0.003095204907302419
2020-04-14,0.0016985566355814776,0.001998002662673056,0.0023971245997214934,0.002496880198587199,0.0022973590486834897,0.002895803112025565
2020-04-15,0.0013990209137073413,0.0013990209137073413,0.0018981972830802527,0.0018981972830802527,0.001998002662673056,0.0023971245997214934
2020-04-16,0.0013990209137073413,0.0013990209137073413,0.0017983819413793735,0.0016985566355814776,0.001998002662673056,0.002496880198587199
2020-04-17,0.0011992805754820971,0.0011992805754820971,0.0015987213636970278,0.0015987213636970278,0.001998002662673056,0.002596625847265978
2020-04-20,0.0009995003330835331,0.0011992805754820971,0.0014988761237358919,0.0014988761237358919,0.001998002662673056,0.002596625847265978
2020-04-21,0.0007996801705643322,0.0010993954433009636,0.0013990209137073413,0.0016985566355814776,0.001998002662673056,0.0023971245997214934
2020-04-22,0.000899595242836093,0.0011992805754820971,0.0013990209137073413,0.0015987213636970278,0.0021975835434872217,0.002596625847265978
2020-04-23,0.000899595242836093,0.0010993954433009636,0.0013990209137073413,0.0016985566355814776,0.0021975835434872217,0.002596625847265978
2020-04-24,0.0009995003330835331,0.0011992805754820971,0.0013990209137073413,0.0017983819413793735,0.0021975835434872217,0.002596625847265978
2020-04-27,0.000899595242836093,0.0011992805754820971,0.0014988761237358919,0.0016985566355814776,0.0023971245997214934,0.002895803112025565
2020-04-28,0.0007996801705643322,0.0010993954433009636,0.00129915573162005,0.0015987213636970278,0.001998002662673056,0.002596625847265978
2020-04-29,0.0009995003330835331,0.0009995003330835331,0.0011992805754820971,0.0017983819413793735,0.001998002662673056,0.0023971245997214934
2020-04-30,0.0009995003330835331,0.000899595242836093,0.0010993954433009636,0.0015987213636970278,0.001998002662673056,0.0023971245997214934
2020-05-01,0.0009995003330835331,0.0011992805754820971,0.0011992805754820971,0.0016985566355814776,0.001998002662673056,0.002496880198587199
2020-05-04,0.0009995003330835331,0.00129915573162005,0.0013990209137073413,0.0015987213636970278,0.0018981972830802527,0.0023971245997214934
2020-05-05,0.000899595242836093,0.00129915573162005,0.0014988761237358919,0.0015987213636970278,0.0018981972830802527,0.0023971245997214934
2020-05-06,0.0007996801705643322,0.0011992805754820971,0.0015987213636970278,0.0015987213636970278,0.0016985566355814776,0.0023971245997214934
2020-05-07,0.0009995003330835331,0.0010993954433009636,0.0013990209137073413,0.0014988761237358919,0.00129915573162005,0.0018981972830802527
2020-05-08,0.0009995003330835331,0.0011992805754820971,0.0014988761237358919,0.0014988761237358919,0.0015987213636970278,0.002097798082146129
2020-05-11,0.000899595242836093,0.0011992805754820971,0.0015987213636970278,0.0015987213636970278,0.0016985566355814776,0.0023971245997214934
2020-05-12,0.0009995003330835331,0.00129915573162005,0.0015987213636970278,0.0015987213636970278,0.0016985566355814776,0.0021975835434872217
2020-05-13,0.0009995003330835331,0.00129915573162005,0.0014988761237358919,0.0014988761237358919,0.0015987213636970278,0.001998002662673056
2020-05-14,0.000899595242836093,0.0011992805754820971,0.0014988761237358919,0.0014988761237358919,0.0015987213636970278,0.001998002662673056
2020-05-15,0.000899595242836093,0.0011992805754820971,0.0014988761237358919,0.0014988761237358919,0.0015987213636970278,0.0018981972830802527
2020-05-18,0.0009995003330835331,0.00129915573162005,0.0014988761237358919,0.0016985566355814776,0.0017983819413793735,0.0023971245997214934
2020-05-19,0.000899595242836093,0.00129915573162005,0.0014988761237358919,0.0015987213636970278,0.0016985566355814776,0.0021975835434872217
2020-05-20,0.0007996801705643322,0.0011992805754820971,0.0013990209137073413,0.0015987213636970278,0.0015987213636970278,0.002097798082146129
2020-05-21,0.000899595242836093,0.0011992805754820971,0.0013990209137073413,0.0015987213636970278,0.0016985566355814776,0.002097798082146129
2020-05-22,0.000899595242836093,0.0011992805754820971,0.0015987213636970278,0.0016985566355814776,0.0016985566355814776,0.002097798082146129
2020-05-25,0.000899595242836093,0.0011992805754820971,0.0015987213636970278,0.0016985566355814776,0.0016985566355814776,0.002097798082146129
2020-05-26,0.0009995003330835331,0.0013990209137073413,0.0016985566355814776,0.0016985566355814776,0.0017983819413793735,0.0021975835434872217
2020-05-27,0.0010993954433009636,0.0014988761237358919,0.0016985566355814776,0.0017983819413793735,0.0018981972830802527,0.0021975835434872217
2020-05-28,0.0013990209137073413,0.0014988761237358919,0.0017983819413793735,0.0016985566355814776,0.0016985566355814776,0.0021975835434872217
2020-05-29,0.00129915573162005,0.0013990209137073413,0.0017983819413793735,0.0016985566355814776,0.0015987213636970278,0.0018981972830802527
2020-06-01,0.0011992805754820971,0.0013990209137073413,0.0017983819413793735,0.0016985566355814776,0.0013990209137073413,0.001998002662673056
2020-06-02,0.0011992805754820971,0.0014988761237358919,0.0017983819413793735,0.0016985566355814776,0.0016985566355814776,0.001998002662673056
2020-06-03,0.0011992805754820971,0.0015987213636970278,0.0018981972830802527,0.0016985566355814776,0.0018981972830802527,0.002596625847265978
2020-06-04,0.00129915573162005,0.0014988761237358919,0.0017983819413793735,0.0016985566355814776,0.0018981972830802527,0.002596625847265978
2020-06-05,0.00129915573162005,0.0014988761237358919,0.0017983819413793735,0.0017983819413793735,0.0021975835434872217,0.002895803112025565
2020-06-08,0.0014988761237358919,0.0016985566355814776,0.0018981972830802527,0.0018981972830802527,0.0021975835434872217,0.002895803112025565
2020-06-09,0.0013990209137073413,0.0018981972830802527,0.0018981972830802527,0.0018981972830802527,0.001998002662673056,0.002496880198587199
2020-06-10,0.00129915573162005,0.0016985566355814776,0.0018981972830802527,0.0017983819413793735,0.0016985566355814776,0.0021975835434872217
2020-06-11,0.0013990209137073413,0.0016985566355814776,0.0017983819413793735,0.0018981972830802527,0.0018981972830802527,0.0021975835434872217
2020-06-12,0.0013990209137073413,0.0015987213636970278,0.0017983819413793735,0.0017983819413793735,0.0018981972830802527,0.0021975835434872217
2020-06-15,0.0014988761237358919,0.0017983819413793735,0.0018981972830802527,0.0016985566355814776,0.0018981972830802527,0.0021975835434872217
2020-06-16,0.0013990209137073413,0.0016985566355814776,0.0018981972830802527,0.0017983819413793735,0.002097798082146129,0.0022973590486834897
2020-06-17,0.00129915573162005,0.0016985566355814776,0.0017983819413793735,0.0018981972830802527,0.0018981972830802527,0.0022973590486834897
2020-06-18,0.00129915573162005,0.0015987213636970278,0.0016985566355814776,0.0018981972830802527,0.0018981972830802527,0.0021975835434872217
2020-06-19,0.00129915573162005,0.0014988761237358919,0.0016985566355814776,0.0017983819413793735,0.0018981972830802527,0.0021975835434872217
2020-06-22,0.0013990209137073413,0.0015987213636970278,0.0017983819413793735,0.0016985566355814776,0.0018981972830802527,0.0021975835434872217
2020-06-23,0.0011992805754820971,0.0015987213636970278,0.0016985566355814776,0.0017983819413793735,0.0017983819413793735,0.0021975835434872217
2020-06-24,0.0010993954433009636,0.0014988761237358919,0.0016985566355814776,0.0016985566355814776,0.0018981972830802527,0.002097798082146129
2020-06-25,0.00129915573162005,0.0015987213636970278,0.0016985566355814776,0.0016985566355814776,0.0016985566355814776,0.002097798082146129
2020-06-26,0.0011992805754820971,0.0013990209137073413,0.0016985566355814776,0.0016985566355814776,0.0016985566355814776,0.0018981972830802527
2020-06-29,0.0010993954433009636,0.0013990209137073413,0.0017983819413793735,0.0015987213636970278,0.0015987213636970278,0.0017983819413793735
2020-06-30,0.00129915573162005,0.0015987213636970278,0.0017983819413793735,0.0015987213636970278,0.0015987213636970278,0.0017983819413793735
2020-07-01,0.0011992805754820971,0.0013990209137073413,0.0016985566355814776,0.0015987213636970278,0.0016985566355814776,0.0018981972830802527
2020-07-02,0.00129915573162005,0.0013990209137073413,0.0015987213636970278,0.0015987213636970278,0.0015987213636970278,0.0018981972830802527
2020-07-03,0.00129915573162005,0.0013990209137073413,0.0015987213636970278,0.0015987213636970278,0.0015987213636970278,0.0018981972830802527
2020-07-06,0.0011992805754820971,0.0014988761237358919,0.0015987213636970278,0.0015987213636970278,0.0015987213636970278,0.0018981972830802527
2020-07-07,0.0011992805754820971,0.0014988761237358919,0.0016985566355814776,0.0014988761237358919,0.0015987213636970278,0.0018981972830802527
2020-07-08,0.0010993954433009636,0.0014988761237358919,0.0016985566355814776,0.0014988761237358919,0.0015987213636970278,0.0018981972830802527
2020-07-09,0.0010993954433009636,0.00129915573162005,0.0015987213636970278,0.0014988761237358919,0.0015987213636970278,0.0017983819413793735
2020-07-10,0.0009995003330835331,0.00129915573162005,0.0014988761237358919,0.0014988761237358919,0.0015987213636970278,0.0018981972830802527
2020-07-13,0.0010993954433009636,0.0013990209137073413,0.0014988761237358919,0.0015987213636970278,0.0015987213636970278,0.0018981972830802527
2020-07-14,0.0010993954433009636,0.0014988761237358919,0.0013990209137073413,0.0016985566355814776,0.0013990209137073413,0.0018981972830802527
2020-07-15,0.0011992805754820971,0.0015987213636970278,0.0014988761237358919,0.0014988761237358919,0.0015987213636970278,0.0017983819413793735
2020-07-16,0.0011992805754820971,0.0010993954433009636,0.00129915573162005,0.0013990209137073413,0.0015987213636970278,0.0016985566355814776
2020-07-17,0.0010993954433009636,0.0010993954433009636,0.00129915573162005,0.0013990209137073413,0.0013990209137073413,0.0017983819413793735
2020-07-20,0.0010993954433009636,0.00129915573162005,0.0013990209137073413,0.0013990209137073413,0.0015987213636970278,0.0017983819413793735
2020-07-21,0.000899595242836093,0.00129915573162005,0.00129915573162005,0.0014988761237358919,0.0013990209137073413,0.0016985566355814776
2020-07-22,0.000899595242836093,0.00129915573162005,0.0013990209137073413,0.0013990209137073413,0.0013990209137073413,0.0016985566355814776
2020-07-23,0.000899595242836093,0.0011992805754820971,0.00129915573162005,0.0013990209137073413,0.0015987213636970278,0.0015987213636970278
2020-07-24,0.0009995003330835331,0.0010993954433009636,0.0013990209137073413,0.0015987213636970278,0.0013990209137073413,0.0016985566355814776
2020-07-27,0.0009995003330835331,0.0010993954433009636,0.0013990209137073413,0.0013990209137073413,0.0014988761237358919,0.0017983819413793735
2020-07-28,0.000899595242836093,0.0010993954433009636,0.0011992805754820971,0.0013990209137073413,0.0013990209137073413,0.0015987213636970278
2020-07-29,0.000899595242836093,0.0010993954433009636,0.0011992805754820971,0.00129915573162005,0.0011992805754820971,0.0014988761237358919
2020-07-30,0.0009995003330835331,0.000899595242836093,0.0010993954433009636,0.0010993954433009636,0.0010993954433009636,0.0013990209137073413
2020-07-31,0.000899595242836093,0.000899595242836093,0.0009995003330835331,0.0010993954433009636,0.0010993954433009636,0.0010993954433009636
2020-08-03,0.000899595242836093,0.0009995003330835331,0.0010993954433009636,0.0011992805754820971,0.0010993954433009636,0.00129915573162005
2020-08-04,0.000899595242836093,0.000899595242836093,0.0010993954433009636,0.0013990209137073413,0.0010993954433009636,0.0009995003330835331
2020-08-05,0.0007996801705643322,0.0009995003330835331,0.0011992805754820971,0.0011992805754820971,0.0010993954433009636,0.00129915573162005
2020-08-06,0.000699755114273342,0.0009995003330835331,0.0010993954433009636,0.0013990209137073413,0.0010993954433009636,0.00129915573162005
2020-08-07,0.0007996801705643322,0.0009995003330835331,0.0011992805754820971,0.0013990209137073413,0.00129915573162005,0.0013990209137073413
2020-08-10,0.000899595242836093,0.0010993954433009636,0.00129915573162005,0.00129915573162005,0.0013990209137073413,0.0014988761237358919
2020-08-11,0.0007996801705643322,0.0010993954433009636,0.0011992805754820971,0.0014988761237358919,0.0015987213636970278,0.0017983819413793735
2020-08-12,0.0007996801705643322,0.0010993954433009636,0.0011992805754820971,0.00129915573162005,0.0015987213636970278,0.0018981972830802527
2020-08-13,0.0007996801705643322,0.0009995003330835331,0.0011992805754820971,0.0013990209137073413,0.0015987213636970278,0.0018981972830802527
2020-08-14,0.000899595242836093,0.0009995003330835331,0.0011992805754820971,0.00129915573162005,0.0013990209137073413,0.0017983819413793735
2020-08-17,0.000899595242836093,0.0009995003330835331,0.0011992805754820971,0.00129915573162005,0.0013990209137073413,0.0017983819413793735
2020-08-18,0.0007996801705643322,0.000899595242836093,0.00129915573162005,0.00129915573162005,0.0013990209137073413,0.0016985566355814776
2020-08-19,0.000699755114273342,0.0010993954433009636,0.0011992805754820971,0.00129915573162005,0.0013990209137073413,0.0016985566355814776
2020-08-20,0.0007996801705643322,0.0010993954433009636,0.00129915573162005,0.0011992805754820971,0.00129915573162005,0.0014988761237358919
2020-08-21,0.000699755114273342,0.0009995003330835331,0.0011992805754820971,0.00129915573162005,0.0015987213636970278,0.0015987213636970278
2020-08-24,0.000899595242836093,0.0011992805754820971,0.0011992805754820971,0.0013990209137073413,0.0013990209137073413,0.0017983819413793735
2020-08-25,0.0007996801705643322,0.0010993954433009636,0.0011992805754820971,0.00129915573162005,0.0014988761237358919,0.0017983819413793735
2020-08-26,0.0007996801705643322,0.0010993954433009636,0.0011992805754820971,0.0011992805754820971,0.0015987213636970278,0.0017983819413793735
2020-08-27,0.000899595242836093,0.0010993954433009636,0.0010993954433009636,0.00129915573162005,0.0015987213636970278,0.0018981972830802527
2020-08-28,0.000899595242836093,0.0009995003330835331,0.0010993954433009636,0.0011992805754820971,0.0013990209137073413,0.0015987213636970278
2020-08-31,0.0007996801705643322,0.0010993954433009636,0.00129915573162005,0.0011992805754820971,0.0013990209137073413,0.0014988761237358919
2020-09-01,0.000899595242836093,0.0011992805754820971,0.00129915573162005,0.0011992805754820971,0.00129915573162005,0.0013990209137073413
2020-09-02,0.0009995003330835331,0.0011992805754820971,0.0011992805754820971,0.00129915573162005,0.0013990209137073413,0.0015987213636970278
2020-09-03,0.0009995003330835331,0.0010993954433009636,0.0011992805754820971,0.0011992805754820971,0.00129915573162005,0.0014988761237358919
2020-09-04,0.000899595242836093,0.0010993954433009636,0.0011992805754820971,0.00129915573162005,0.0013990209137073413,0.0017983819413793735
2020-09-07,0.000899595242836093,0.0010993954433009636,0.0011992805754820971,0.00129915573162005,0.0013990209137073413,0.0017983819413793735
2020-09-08,0.0009995003330835331,0.00129915573162005,0.0013990209137073413,0.0014988761237358919,0.0013990209137073413,0.0016985566355814776
2020-09-09,0.0009995003330835331,0.0011992805754820971,0.0013990209137073413,0.0013990209137073413,0.0013990209137073413,0.0016985566355814776
2020-09-10,0.0009995003330835331,0.0011992805754820971,0.0011992805754820971,0.0014988761237358919,0.0013990209137073413,0.0016985566355814776
2020-09-11,0.0009995003330835331,0.0010993954433009636,0.0011992805754820971,0.00129915573162005,0.00129915573162005,0.0015987213636970278
2020-09-14,0.0009995003330835331,0.0010993954433009636,0.00129915573162005,0.0013990209137073413,0.0013990209137073413,0.0015987213636970278
2020-09-15,0.000899595242836093,0.0010993954433009636,0.0011992805754820971,0.00129915573162005,0.0013990209137073413,0.0015987213636970278
2020-09-16,0.0007996801705643322,0.0011992805754820971,0.0011992805754820971,0.0011992805754820971,0.0013990209137073413,0.0015987213636970278
2020-09-17,0.000899595242836093,0.000899595242836093,0.0010993954433009636,0.0011992805754820971,0.00129915573162005,0.0015987213636970278
2020-09-18,0.000899595242836093,0.0009995003330835331,0.0011992805754820971,0.00129915573162005,0.0013990209137073413,0.0015987213636970278
2020-09-21,0.000899595242836093,0.0009995003330835331,0.0010993954433009636,0.0011992805754820971,0.0013990209137073413,0.0015987213636970278
2020-09-22,0.0007996801705643322,0.0009995003330835331,0.0010993954433009636,0.0011992805754820971,0.00129915573162005,0.0014988761237358919
2020-09-23,0.0007996801705643322,0.0010993954433009636,0.0010993954433009636,0.00129915573162005,0.0013990209137073413,0.0014988761237358919
2020-09-24,0.0007996801705643322,0.0009995003330835331,0.0010993954433009636,0.0011992805754820971,0.0013990209137073413,0.0015987213636970278
2020-09-25,0.0007996801705643322,0.0009995003330835331,0.0010993954433009636,0.0011992805754820971,0.0011992805754820971,0.0014988761237358919
2020-09-28,0.000899595242836093,0.0010993954433009636,0.0010993954433009636,0.0011992805754820971,0.0013990209137073413,0.0015987213636970278
2020-09-29,0.000699755114273342,0.000899595242836093,0.0010993954433009636,0.0011992805754820971,0.0010993954433009636,0.00129915573162005
2020-09-30,0.0007996801705643322,0.0009995003330835331,0.0010993954433009636,0.0011992805754820971,0.00129915573162005,0.0015987213636970278
2020-10-01,0.000899595242836093,0.000899595242836093,0.0009995003330835331,0.0011992805754820971,0.0013990209137073413,0.0015987213636970278
2020-10-02,0.0009995003330835331,0.000899595242836093,0.0010993954433009636,0.0011992805754820971,0.00129915573162005,0.0015987213636970278
2020-10-05,0.000899595242836093,0.0009995003330835331,0.0010993954433009636,0.0011992805754820971,0.0013990209137073413,0.0018981972830802527
2020-10-06,0.0007996801705643322,0.0009995003330835331,0.0010993954433009636,0.0013990209137073413,0.0013990209137073413,0.0016985566355814776
2020-10-07,0.0007996801705643322,0.0009995003330835331,0.0011992805754820971,0.00129915573162005,0.0015987213636970278,0.002097798082146129
2020-10-08,0.000899595242836093,0.000899595242836093,0.0011992805754820971,0.00129915573162005,0.00129915573162005,0.0017983819413793735
2020-10-09,0.0009995003330835331,0.0009995003330835331,0.0011992805754820971,0.0014988761237358919,0.0015987213636970278,0.001998002662673056
2020-10-12,0.0009995003330835331,0.0009995003330835331,0.0011992805754820971,0.0014988761237358919,0.0015987213636970278,0.001998002662673056
2020-10-13,0.000899595242836093,0.0010993954433009636,0.0011992805754820971,0.00129915573162005,0.0015987213636970278,0.0017983819413793735
2020-10-14,0.0009995003330835331,0.0011992805754820971,0.0011992805754820971,0.00129915573162005,0.0013990209137073413,0.0017983819413793735
2020-10-15,0.0009995003330835331,0.0010993954433009636,0.0011992805754820971,0.0011992805754820971,0.0013990209137073413,0.0017983819413793735
2020-10-16,0.000899595242836093,0.0010993954433009636,0.0011992805754820971,0.0011992805754820971,0.0013990209137073413,0.0017983819413793735
2020-10-19,0.000899595242836093,0.0010993954433009636,0.0010993954433009636,0.00129915573162005,0.0015987213636970278,0.0018981972830802527
2020-10-20,0.0007996801705643322,0.0009995003330835331,0.0011992805754820971,0.00129915573162005,0.0013990209137073413,0.0018981972830802527
2020-10-21,0.0007996801705643322,0.0009995003330835331,0.0011992805754820971,0.00129915573162005,0.0013990209137073413,0.001998002662673056
2020-10-22,0.000899595242836093,0.000899595242836093,0.0010993954433009636,0.00129915573162005,0.0015987213636970278,0.002097798082146129
2020-10-23,0.0007996801705643322,0.0009995003330835331,0.0010993954433009636,0.0011992805754820971,0.0017983819413793735,0.002097798082146129
2020-10-26,0.0007996801705643322,0.0010993954433009636,0.0011992805754820971,0.0011992805754820971,0.0015987213636970278,0.0017983819413793735
2020-10-27,0.0007996801705643322,0.0009995003330835331,0.0010993954433009636,0.0011992805754820971,0.0015987213636970278,0.0018981972830802527
2020-10-28,0.000699755114273342,0.0009995003330835331,0.0010993954433009636,0.0011992805754820971,0.0015987213636970278,0.0018981972830802527
2020-10-29,0.0007996801705643322,0.000899595242836093,0.0009995003330835331,0.0011992805754820971,0.0015987213636970278,0.001998002662673056
2020-10-30,0.0007996801705643322,0.000899595242836093,0.0010993954433009636,0.00129915573162005,0.0013990209137073413,0.0018981972830802527
2020-11-02,0.000899595242836093,0.000899595242836093,0.0010993954433009636,0.00129915573162005,0.0015987213636970278,0.001998002662673056
2020-11-03,0.000899595242836093,0.0009995003330835331,0.0011992805754820971,0.0013990209137073413,0.0016985566355814776,0.002097798082146129
2020-11-04,0.0007996801705643322,0.0009995003330835331,0.0009995003330835331,0.0011992805754820971,0.0013990209137073413,0.0017983819413793735
2020-11-05,0.000899595242836093,0.0009995003330835331,0.0009995003330835331,0.0011992805754820971,0.0013990209137073413,0.0017983819413793735
2020-11-06,0.0009995003330835331,0.0009995003330835331,0.0010993954433009636,0.0011992805754820971,0.0015987213636970278,0.002097798082146129
2020-11-09,0.0009995003330835331,0.0010993954433009636,0.0010993954433009636,0.0011992805754820971,0.0016985566355814776,0.002496880198587199
2020-11-10,0.000899595242836093,0.0009995003330835331,0.0010993954433009636,0.0011992805754820971,0.0018981972830802527,0.002596625847265978
2020-11-11,0.000899595242836093,0.0009995003330835331,0.0010993954433009636,0.0011992805754820971,0.0018981972830802527,0.002596625847265978
2020-11-12,0.0009995003330835331,0.0009995003330835331,0.0009995003330835331,0.00129915573162005,0.0016985566355814776,0.0022973590486834897
2020-11-13,0.0009995003330835331,0.000899595242836093,0.0009995003330835331,0.0011992805754820971,0.0016985566355814776,0.0022973590486834897
2020-11-16,0.000899595242836093,0.000899595242836093,0.0011992805754820971,0.0011992805754820971,0.0018981972830802527,0.0023971245997214934
2020-11-17,0.0007996801705643322,0.000899595242836093,0.0009995003330835331,0.0011992805754820971,0.0017983819413793735,0.0021975835434872217
2020-11-18,0.000699755114273342,0.000899595242836093,0.0009995003330835331,0.0010993954433009636,0.0015987213636970278,0.0021975835434872217
2020-11-19,0.0007996801705643322,0.000699755114273342,0.0009995003330835331,0.0010993954433009636,0.0017983819413793735,0.0021975835434872217
2020-11-20,0.000899595242836093,0.000699755114273342,0.0009995003330835331,0.0010993954433009636,0.0015987213636970278,0.002097798082146129
2020-11-23,0.0007996801705643322,0.0007996801705643322,0.0007996801705643322,0.0009995003330835331,0.0015987213636970278,0.0021975835434872217
2020-11-24,0.0007996801705643322,0.000899595242836093,0.0009995003330835331,0.0010993954433009636,0.0015987213636970278,0.0021975835434872217
2020-11-25,0.000699755114273342,0.000899595242836093,0.000899595242836093,0.0010993954433009636,0.0016985566355814776,0.002097798082146129
2020-11-26,0.000699755114273342,0.000899595242836093,0.000899595242836093,0.0010993954433009636,0.0016985566355814776,0.002097798082146129
2020-11-27,0.000899595242836093,0.000899595242836093,0.0009995003330835331,0.0010993954433009636,0.0015987213636970278,0.001998002662673056
2020-11-30,0.0007996801705643322,0.0007996801705643322,0.000899595242836093,0.0010993954433009636,0.0015987213636970278,0.0018981972830802527
2020-12-01,0.000699755114273342,0.000899595242836093,0.0009995003330835331,0.0011992805754820971,0.0016985566355814776,0.0021975835434872217
2020-12-02,0.000699755114273342,0.000899595242836093,0.0009995003330835331,0.0010993954433009636,0.0015987213636970278,0.0021975835434872217
2020-12-03,0.0007996801705643322,0.0007996801705643322,0.000899595242836093,0.0009995003330835331,0.0015987213636970278,0.002097798082146129
2020-12-04,0.000699755114273342,0.000899595242836093,0.0009995003330835331,0.0010993954433009636,0.0015987213636970278,0.002097798082146129
2020-12-07,0.000899595242836093,0.0007996801705643322,0.0009995003330835331,0.0009995003330835331,0.0013990209137073413,0.001998002662673056
2020-12-08,0.0007996801705643322,0.000899595242836093,0.000899595242836093,0.0009995003330835331,0.0013990209137073413,0.001998002662673056
2020-12-09,0.000699755114273342,0.0007996801705643322,0.000899595242836093,0.0009995003330835331,0.0015987213636970278,0.002097798082146129
2020-12-10,0.000699755114273342,0.0007996801705643322,0.000899595242836093,0.0009995003330835331,0.0013990209137073413,0.001998002662673056
2020-12-11,0.0007996801705643322,0.0007996801705643322,0.0007996801705643322,0.0009995003330835331,0.0010993954433009636,0.0017983819413793735
2020-12-14,0.000699755114273342,0.000899595242836093,0.0007996801705643322,0.0009995003330835331,0.00129915573162005,0.0016985566355814776
2020-12-15,0.000699755114273342,0.0007996801705643322,0.0007996801705643322,0.000899595242836093,0.0010993954433009636,0.0017983819413793735
2020-12-16,0.0007996801705643322,0.000899595242836093,0.000899595242836093,0.000899595242836093,0.00129915573162005,0.0017983819413793735
2020-12-17,0.0007996801705643322,0.0007996801705643322,0.000899595242836093,0.000899595242836093,0.00129915573162005,0.0018981972830802527
2020-12-18,0.0007996801705643322,0.0007996801705643322,0.000899595242836093,0.000899595242836093,0.00129915573162005,0.0018981972830802527
2020-12-21,0.0007996801705643322,0.000899595242836093,0.000899595242836093,0.000899595242836093,0.00129915573162005,0.0017983819413793735
2020-12-22,0.000699755114273342,0.000899595242836093,0.000899595242836093,0.000899595242836093,0.00129915573162005,0.0016985566355814776
2020-12-23,0.000699755114273342,0.000899595242836093,0.000899595242836093,0.000899595242836093,0.00129915573162005,0.0017983819413793735
2020-12-24,0.000899595242836093,0.000899595242836093,0.000899595242836093,0.0009995003330835331,0.00129915573162005,0.0016985566355814776
2020-12-25,0.000899595242836093,0.000899595242836093,0.000899595242836093,0.0009995003330835331,0.00129915573162005,0.0016985566355814776
2020-12-28,0.000899595242836093,0.0010993954433009636,0.0010993954433009636,0.0010993954433009636,0.00129915573162005,0.0016985566355814776
2020-12-29,0.0007996801705643322,0.0009995003330835331,0.0011992805754820971,0.0010993954433009636,0.0011992805754820971,0.0016985566355814776
2020-12-30,0.0005998200719676155,0.0007996801705643322,0.000899595242836093,0.0011992805754820971,0.0011992805754820971,0.0016985566355814776
2020-12-31,0.0007996801705643322,0.000899595242836093,0.000899595242836093,0.0009995003330835331,0.00129915573162005,0.0016985566355814776
2021-01-01,0.0007996801705643322,0.000899595242836093,0.000899595242836093,0.0009995003330835331,0.00129915573162005,0.0016985566355814776
2021-01-04,0.000899595242836093,0.000899595242836093,0.000899595242836093,0.0009995003330835331,0.0010993954433009636,0.0015987213636970278
2021-01-05,0.0007996801705643322,0.000899595242836093,0.000899595242836093,0.0009995003330835331,0.00129915573162005,0.0016985566355814776
2021-01-06,0.000899595242836093,0.000899595242836093,0.000899595242836093,0.0010993954433009636,0.0013990209137073413,0.001998002662673056
2021-01-07,0.000899595242836093,0.000899595242836093,0.000899595242836093,0.0010993954433009636,0.0013990209137073413,0.0021975835434872217
2021-01-08,0.0007996801705643322,0.0007996801705643322,0.000899595242836093,0.0009995003330835331,0.0013990209137073413,0.0023971245997214934
2021-01-11,0.000899595242836093,0.0007996801705643322,0.0009995003330835331,0.0009995003330835331,0.0013990209137073413,0.0021975835434872217
2021-01-12,0.000899595242836093,0.000899595242836093,0.000899595242836093,0.0010993954433009636,0.0013990209137073413,0.0022973590486834897
2021-01-13,0.000899595242836093,0.000899595242836093,0.0009995003330835331,0.0011992805754820971,0.0013990209137073413,0.0021975835434872217
2021-01-14,0.000899595242836093,0.000899595242836093,0.000899595242836093,0.0009995003330835331,0.0015987213636970278,0.0022973590486834897
2021-01-15,0.0007996801705643322,0.000899595242836093,0.0009995003330835331,0.0009995003330835331,0.00129915573162005,0.001998002662673056
2021-01-18,0.0007996801705643322,0.000899595242836093,0.0009995003330835331,0.0009995003330835331,0.00129915573162005,0.001998002662673056
2021-01-19,0.000699755114273342,0.000899595242836093,0.0010993954433009636,0.0009995003330835331,0.0013990209137073413,0.002097798082146129
2021-01-20,0.0007996801705643322,0.0007996801705643322,0.0009995003330835331,0.0009995003330835331,0.00129915573162005,0.0018981972830802527
2021-01-21,0.000699755114273342,0.000899595242836093,0.000899595242836093,0.0009995003330835331,0.00129915573162005,0.0018981972830802527
2021-01-22,0.000699755114273342,0.0007996801705643322,0.0009995003330835331,0.0009995003330835331,0.00129915573162005,0.0018981972830802527
2021-01-25,0.000699755114273342,0.000899595242836093,0.000899595242836093,0.0009995003330835331,0.00129915573162005,0.0016985566355814776
2021-01-26,0.000499875041651048,0.000699755114273342,0.000899595242836093,0.000899595242836093,0.0010993954433009636,0.0017983819413793735
2021-01-27,0.000499875041651048,0.0007996801705643322,0.000899595242836093,0.000899595242836093,0.0011992805754820971,0.0017983819413793735
2021-01-28,0.000499875041651048,0.000699755114273342,0.0007996801705643322,0.0007996801705643322,0.0011992805754820971,0.0017983819413793735
2021-01-29,0.000699755114273342,0.0005998200719676155,0.000699755114273342,0.0009995003330835331,0.0010993954433009636,0.0018981972830802527
2021-02-01,0.0005998200719676155,0.000699755114273342,0.0007996801705643322,0.0007996801705643322,0.0010993954433009636,0.0016985566355814776
2021-02-02,0.0003999200213269354,0.000699755114273342,0.0007996801705643322,0.0007996801705643322,0.0010993954433009636,0.0017983819413793735
2021-02-03,0.00029995500899797546,0.0003999200213269354,0.0005998200719676155,0.0007996801705643322,0.0010993954433009636,0.0018981972830802527
2021-02-04,0.00029995500899797546,0.0003999200213269354,0.0005998200719676155,0.000699755114273342,0.0010993954433009636,0.0017983819413793735
2021-02-05,0.00019998000266626675,0.00029995500899797546,0.000499875041651048,0.0005998200719676155,0.000899595242836093,0.0018981972830802527
2021-02-08,0.0003999200213269354,0.000499875041651048,0.000499875041651048,0.000699755114273342,0.0010993954433009636,0.001998002662673056
2021-02-09,0.0003999200213269354,0.0003999200213269354,0.0005998200719676155,0.000699755114273342,0.0010993954433009636,0.0018981972830802527
2021-02-10,0.000499875041651048,0.000499875041651048,0.0005998200719676155,0.000699755114273342,0.0010993954433009636,0.0018981972830802527
2021-02-11,0.000499875041651048,0.000499875041651048,0.0005998200719676155,0.000699755114273342,0.0010993954433009636,0.0018981972830802527
2021-02-12,0.00029995500899797546,0.0003999200213269354,0.000499875041651048,0.0005998200719676155,0.0010993954433009636,0.001998002662673056
2021-02-15,0.00029995500899797546,0.0003999200213269354,0.000499875041651048,0.0005998200719676155,0.0010993954433009636,0.001998002662673056
2021-02-16,0.00029995500899797546,0.0003999200213269354,0.0005998200719676155,0.0007996801705643322,0.00129915573162005,0.0022973590486834897
2021-02-17,0.00029995500899797546,0.0003999200213269354,0.0005998200719676155,0.000699755114273342,0.0010993954433009636,0.002097798082146129
2021-02-18,0.00029995500899797546,0.00029995500899797546,0.0003999200213269354,0.0005998200719676155,0.0010993954433009636,0.002097798082146129
2021-02-19,0.00029995500899797546,0.0003999200213269354,0.0005998200719676155,0.000699755114273342,0.0010993954433009636,0.0021975835434872217
2021-02-22,0.00029995500899797546,0.00029995500899797546,0.0003999200213269354,0.0005998200719676155,0.0010993954433009636,0.0021975835434872217
2021-02-23,0.00029995500899797546,0.0003999200213269354,0.000499875041651048,0.0007996801705643322,0.0010993954433009636,0.0021975835434872217
2021-02-24,0.00029995500899797546,0.00029995500899797546,0.000499875041651048,0.0007996801705643322,0.0011992805754820971,0.0023971245997214934
2021-02-25,0.0003999200213269354,0.0003999200213269354,0.0005998200719676155,0.000899595242836093,0.0016985566355814776,0.0033942330680155476
2021-02-26,0.0003999200213269354,0.0003999200213269354,0.000499875041651048,0.0007996801705643322,0.0013990209137073413,0.002995508979798479
2021-03-01,0.00029995500899797546,0.000499875041651048,0.000699755114273342,0.0007996801705643322,0.00129915573162005,0.0026963615477426086
2021-03-02,0.0003999200213269354,0.0003999200213269354,0.0005998200719676155,0.0007996801705643322,0.00129915573162005,0.002596625847265978
2021-03-03,0.0003999200213269354,0.000499875041651048,0.000699755114273342,0.0007996801705643322,0.0013990209137073413,0.002895803112025565
2021-03-04,0.00029995500899797546,0.0003999200213269354,0.000699755114273342,0.0007996801705643322,0.0013990209137073413,0.003194890896519197
2021-03-05,0.0003999200213269354,0.0003999200213269354,0.000699755114273342,0.0007996801705643322,0.0013990209137073413,0.003194890896519197
2021-03-08,0.0003999200213269354,0.000499875041651048,0.0005998200719676155,0.000899595242836093,0.0016985566355814776,0.0033942330680155476
2021-03-09,0.0003999200213269354,0.000499875041651048,0.000699755114273342,0.0009995003330835331,0.0016985566355814776,0.0034938892542557796
2021-03-10,0.00029995500899797546,0.0003999200213269354,0.0005998200719676155,0.0007996801705643322,0.0015987213636970278,0.003194890896519197
2021-03-11,0.0003999200213269354,0.0003999200213269354,0.000499875041651048,0.0007996801705643322,0.0013990209137073413,0.003095204907302419
2021-03-12,0.00029995500899797546,0.0003999200213269354,0.0005998200719676155,0.000899595242836093,0.0013990209137073413,0.0033942330680155476
2021-03-15,0.00019998000266626675,0.0003999200213269354,0.0005998200719676155,0.0007996801705643322,0.0013990209137073413,0.003294566949430031
2021-03-16,9.999500033330834e-05,0.00019998000266626675,0.0005998200719676155,0.000699755114273342,0.0014988761237358919,0.003294566949430031
2021-03-17,9.999500033330834e-05,0.00019998000266626675,0.000499875041651048,0.000699755114273342,0.00129915573162005,0.002895803112025565
2021-03-18,9.999500033330834e-05,9.999500033330834e-05,0.00029995500899797546,0.0007996801705643322,0.0015987213636970278,0.003294566949430031
2021-03-19,9.999500033330834e-05,9.999500033330834e-05,0.00029995500899797546,0.000699755114273342,0.0015987213636970278,0.003294566949430031
2021-03-22,0.00019998000266626675,0.00029995500899797546,0.000499875041651048,0.0005998200719676155,0.0014988761237358919,0.003194890896519197
2021-03-23,0.00019998000266626675,9.999500033330834e-05,0.0003999200213269354,0.0007996801705643322,0.0014988761237358919,0.003095204907302419
2021-03-24,0.00019998000266626675,0.00019998000266626675,0.0003999200213269354,0.000699755114273342,0.0013990209137073413,0.003095204907302419
2021-03-25,0.00019998000266626675,0.00019998000266626675,0.0003999200213269354,0.000699755114273342,0.0013990209137073413,0.002995508979798479
2021-03-26,0.00019998000266626675,0.00019998000266626675,0.0003999200213269354,0.0005998200719676155,0.0013990209137073413,0.003095204907302419
2021-03-29,0.00019998000266626675,0.00029995500899797546,0.0003999200213269354,0.0005998200719676155,0.0013990209137073413,0.003194890896519197
2021-03-30,9.999500033330834e-05,0.00019998000266626675,0.0003999200213269354,0.0005998200719676155,0.0015987213636970278,0.003294566949430031
2021-03-31,9.999500033330834e-05,0.00029995500899797546,0.000499875041651048,0.000699755114273342,0.0015987213636970278,0.0034938892542557796
2021-04-01,0.00019998000266626675,0.00019998000266626675,0.0003999200213269354,0.0005998200719676155,0.0016985566355814776,0.0034938892542557796
2021-04-02,0.00019998000266626675,0.00019998000266626675,0.0003999200213269354,0.000699755114273342,0.0018981972830802527,0.003892414715343839
2021-04-05,0.00029995500899797546,0.00029995500899797546,0.0003999200213269354,0.0005998200719676155,0.0016985566355814776,0.0036931718376175702
2021-04-06,0.00019998000266626675,0.00019998000266626675,0.0003999200213269354,0.0005998200719676155,0.0015987213636970278,0.0034938892542557796
2021-04-07,9.999500033330834e-05,0.00019998000266626675,0.0003999200213269354,0.0005998200719676155,0.0015987213636970278,0.0033942330680155476
2021-04-08,0.00019998000266626675,9.999500033330834e-05,0.0003999200213269354,0.000499875041651048,0.0013990209137073413,0.003294566949430031
2021-04-09,0.00019998000266626675,0.00019998000266626675,0.00029995500899797546,0.0005998200719676155,0.0015987213636970278,0.0034938892542557796
2021-04-12,0.00019998000266626675,0.00019998000266626675,0.0003999200213269354,0.0005998200719676155,0.0017983819413793735,0.003792798238696237
2021-04-13,0.00029995500899797546,0.00029995500899797546,0.000499875041651048,0.0005998200719676155,0.0015987213636970278,0.0034938892542557796
2021-04-14,0.00019998000266626675,0.00019998000266626675,0.0003999200213269354,0.0005998200719676155,0.0015987213636970278,0.0034938892542557796
2021-04-15,0.00019998000266626675,0.00019998000266626675,0.0003999200213269354,0.0005998200719676155,0.0015987213636970278,0.003194890896519197
2021-04-16,0.00019998000266626675,0.00019998000266626675,0.0003999200213269354,0.0005998200719676155,0.0015987213636970278,0.0033942330680155476
2021-04-19,9.999500033330834e-05,0.00019998000266626675,0.0003999200213269354,0.0007996801705643322,0.0015987213636970278,0.0033942330680155476
2021-04-20,9.999500033330834e-05,0.00029995500899797546,0.0003999200213269354,0.000699755114273342,0.0014988761237358919,0.003095204907302419
2021-04-21,0.0,0.00029995500899797546,0.0003999200213269354,0.000699755114273342,0.0014988761237358919,0.003194890896519197
2021-04-22,0.00019998000266626675,0.00029995500899797546,0.0003999200213269354,0.0005998200719676155,0.0015987213636970278,0.003194890896519197
2021-04-23,9.999500033330834e-05,0.00029995500899797546,0.00029995500899797546,0.000699755114273342,0.0015987213636970278,0.0033942330680155476
2021-04-26,0.00019998000266626675,0.00029995500899797546,0.0003999200213269354,0.0005998200719676155,0.0017983819413793735,0.0034938892542557796
2021-04-27,9.999500033330834e-05,9.999500033330834e-05,0.0003999200213269354,0.0005998200719676155,0.0016985566355814776,0.0035935355101301704
2021-04-28,9.999500033330834e-05,9.999500033330834e-05,0.0003999200213269354,0.000499875041651048,0.0016985566355814776,0.0034938892542557796
2021-04-29,9.999500033330834e-05,9.999500033330834e-05,0.0003999200213269354,0.000499875041651048,0.0015987213636970278,0.0034938892542557796
2021-04-30,9.999500033330834e-05,9.999500033330834e-05,0.00029995500899797546,0.000499875041651048,0.0015987213636970278,0.0034938892542557796
2021-05-03,0.00019998000266626675,0.0003999200213269354,0.0003999200213269354,0.0005998200719676155,0.0015987213636970278,0.003294566949430031
2021-05-04,9.999500033330834e-05,0.00019998000266626675,0.0003999200213269354,0.0005998200719676155,0.0015987213636970278,0.003294566949430031
2021-05-05,9.999500033330834e-05,0.00019998000266626675,0.0003999200213269354,0.0005998200719676155,0.0015987213636970278,0.003194890896519197
2021-05-06,9.999500033330834e-05,0.00019998000266626675,0.0003999200213269354,0.000499875041651048,0.0015987213636970278,0.003194890896519197
2021-05-07,9.999500033330834e-05,0.00019998000266626675,0.0003999200213269354,0.000499875041651048,0.0013990209137073413,0.002895803112025565
2021-05-10,0.00019998000266626675,0.00019998000266626675,0.0003999200213269354,0.000499875041651048,0.0015987213636970278,0.003194890896519197
2021-05-11,9.999500033330834e-05,9.999500033330834e-05,0.0003999200213269354,0.000499875041651048,0.0015987213636970278,0.003095204907302419
2021-05-12,9.999500033330834e-05,0.00019998000266626675,0.0003999200213269354,0.000499875041651048,0.0015987213636970278,0.0034938892542557796
2021-05-13,0.0,0.00019998000266626675,0.00029995500899797546,0.000499875041651048,0.0015987213636970278,0.003294566949430031
2021-05-14,9.999500033330834e-05,9.999500033330834e-05,0.00029995500899797546,0.0005998200719676155,0.0015987213636970278,0.003294566949430031
2021-05-17,0.0,0.00019998000266626675,0.0003999200213269354,0.0005998200719676155,0.0015987213636970278,0.0033942330680155476
2021-05-18,0.0,0.00019998000266626675,0.00029995500899797546,0.0005998200719676155,0.0015987213636970278,0.0033942330680155476
2021-05-19,0.0,9.999500033330834e-05,0.00029995500899797546,0.000499875041651048,0.0015987213636970278,0.0034938892542557796
2021-05-20,9.999500033330834e-05,9.999500033330834e-05,0.00029995500899797546,0.000499875041651048,0.0014988761237358919,0.0033942330680155476
2021-05-21,0.0,9.999500033330834e-05,0.00019998000266626675,0.0003999200213269354,0.0016985566355814776,0.0033942330680155476
2021-05-24,9.999500033330834e-05,0.00019998000266626675,0.00029995500899797546,0.0003999200213269354,0.0014988761237358919,0.003194890896519197
2021-05-25,9.999500033330834e-05,0.00019998000266626675,0.0003999200213269354,0.0003999200213269354,0.0014988761237358919,0.002995508979798479
2021-05-26,0.0,0.00019998000266626675,0.0003999200213269354,0.0003999200213269354,0.0013990209137073413,0.003095204907302419
2021-05-27,0.0,0.00019998000266626675,0.0003999200213269354,0.0003999200213269354,0.0013990209137073413,0.003095204907302419
2021-05-28,9.999500033330834e-05,9.999500033330834e-05,0.00029995500899797546,0.000499875041651048,0.0013990209137073413,0.002995508979798479
2021-05-31,9.999500033330834e-05,9.999500033330834e-05,0.00029995500899797546,0.000499875041651048,0.0013990209137073413,0.002995508979798479
2021-06-01,9.999500033330834e-05,0.00019998000266626675,0.0003999200213269354,0.0003999200213269354,0.0015987213636970278,0.003095204907302419
2021-06-02,9.999500033330834e-05,0.00019998000266626675,0.0003999200213269354,0.000499875041651048,0.00129915573162005,0.002995508979798479
2021-06-03,0.0,0.00019998000266626675,0.0003999200213269354,0.0003999200213269354,0.0015987213636970278,0.0033942330680155476
2021-06-04,9.999500033330834e-05,0.00019998000266626675,0.0003999200213269354,0.000499875041651048,0.0013990209137073413,0.003194890896519197
2021-06-07,9.999500033330834e-05,0.00019998000266626675,0.0003999200213269354,0.000499875041651048,0.0015987213636970278,0.003294566949430031
2021-06-08,9.999500033330834e-05,0.00019998000266626675,0.0003999200213269354,0.000499875041651048,0.0013990209137073413,0.003194890896519197
2021-06-09,9.999500033330834e-05,0.00029995500899797546,0.0003999200213269354,0.000499875041651048,0.0015987213636970278,0.003095204907302419
2021-06-10,9.999500033330834e-05,0.00029995500899797546,0.0003999200213269354,0.000499875041651048,0.0013990209137073413,0.002995508979798479
2021-06-11,9.999500033330834e-05,0.00029995500899797546,0.0003999200213269354,0.000499875041651048,0.0015987213636970278,0.003095204907302419
2021-06-14,9.999500033330834e-05,0.00029995500899797546,0.000499875041651048,0.000499875041651048,0.0015987213636970278,0.003294566949430031
2021-06-15,0.00019998000266626675,0.00029995500899797546,0.000499875041651048,0.0007996801705643322,0.0015987213636970278,0.0033942330680155476
2021-06-16,0.0003999200213269354,0.0003999200213269354,0.0005998200719676155,0.0007996801705643322,0.002097798082146129,0.0040916179032535645
2021-06-17,0.000499875041651048,0.0003999200213269354,0.0005998200719676155,0.0007996801705643322,0.0022973590486834897,0.004290781417156275
2021-06-18,0.000499875041651048,0.000499875041651048,0.0005998200719676155,0.000899595242836093,0.002596625847265978,0.0046889894861315414
2021-06-21,0.0003999200213269354,0.000499875041651048,0.0005998200719676155,0.000899595242836093,0.0026963615477426086,0.004788516731797177
2021-06-22,0.0003999200213269354,0.0003999200213269354,0.0005998200719676155,0.000899595242836093,0.002496880198587199,0.004390348301292895
2021-06-23,0.0003999200213269354,0.000499875041651048,0.000499875041651048,0.0007996801705643322,0.002596625847265978,0.0046889894861315414
2021-06-24,0.000499875041651048,0.000499875041651048,0.000499875041651048,0.0007996801705643322,0.002596625847265978,0.004788516731797177
2021-06-25,0.000499875041651048,0.0005998200719676155,0.0005998200719676155,0.000899595242836093,0.0027960873020012743,0.004788516731797177
2021-06-28,0.0003999200213269354,0.000499875041651048,0.0005998200719676155,0.0007996801705643322,0.002496880198587199,0.0046889894861315414
2021-06-29,0.0003999200213269354,0.0003999200213269354,0.0005998200719676155,0.0007996801705643322,0.0026963615477426086,0.0046889894861315414
2021-06-30,0.000499875041651048,0.000499875041651048,0.0005998200719676155,0.000699755114273342,0.002496880198587199,0.0045894523338072864
2021-07-01,0.000499875041651048,0.000499875041651048,0.000499875041651048,0.000899595242836093,0.002496880198587199,0.0046889894861315414
2021-07-02,0.000499875041651048,0.000499875041651048,0.000499875041651048,0.0007996801705643322,0.0023971245997214934,0.004489905272852053
2021-07-05,0.000499875041651048,0.000499875041651048,0.000499875041651048,0.0007996801705643322,0.0023971245997214934,0.004489905272852053
2021-07-06,0.000499875041651048,0.000499875041651048,0.0005998200719676155,0.000699755114273342,0.0021975835434872217,0.004191204618468071
2021-07-07,0.000499875041651048,0.000499875041651048,0.000499875041651048,0.0007996801705643322,0.0021975835434872217,0.0040916179032535645
2021-07-08,0.0005998200719676155,0.0005998200719676155,0.0005998200719676155,0.000699755114273342,0.0018981972830802527,0.0036931718376175702
2021-07-09,0.0005998200719676155,0.0005998200719676155,0.000499875041651048,0.0007996801705643322,0.0022973590486834897,0.0040916179032535645
2021-07-12,0.000499875041651048,0.000499875041651048,0.0005998200719676155,0.0007996801705643322,0.0022973590486834897,0.004290781417156275
2021-07-13,0.000499875041651048,0.000499875041651048,0.0005998200719676155,0.0007996801705643322,0.002596625847265978,0.0046889894861315414
2021-07-14,0.0005998200719676155,0.0005998200719676155,0.000499875041651048,0.0007996801705643322,0.0022973590486834897,0.004390348301292895
2021-07-15,0.000499875041651048,0.000499875041651048,0.000499875041651048,0.000699755114273342,0.0022973590486834897,0.004290781417156275
2021-07-16,0.000499875041651048,0.000499875041651048,0.000499875041651048,0.0007996801705643322,0.002496880198587199,0.004290781417156275
2021-07-19,0.000499875041651048,0.000499875041651048,0.0005998200719676155,0.000699755114273342,0.002097798082146129,0.003792798238696237
2021-07-20,0.000499875041651048,0.000499875041651048,0.0005998200719676155,0.0007996801705643322,0.001998002662673056,0.0036931718376175702
2021-07-21,0.0003999200213269354,0.000499875041651048,0.000499875041651048,0.000699755114273342,0.0021975835434872217,0.003892414715343839
2021-07-22,0.0003999200213269354,0.000499875041651048,0.000499875041651048,0.000699755114273342,0.001998002662673056,0.0036931718376175702
2021-07-23,0.000499875041651048,0.000499875041651048,0.000499875041651048,0.000699755114273342,0.0021975835434872217,0.003792798238696237
2021-07-26,0.000499875041651048,0.000499875041651048,0.0005998200719676155,0.0007996801705643322,0.0021975835434872217,0.003792798238696237
2021-07-27,0.0003999200213269354,0.000499875041651048,0.000499875041651048,0.000699755114273342,0.001998002662673056,0.0036931718376175702
2021-07-28,0.0003999200213269354,0.000499875041651048,0.000499875041651048,0.000699755114273342,0.001998002662673056,0.003792798238696237
2021-07-29,0.000499875041651048,0.0005998200719676155,0.000499875041651048,0.0007996801705643322,0.001998002662673056,0.0036931718376175702
2021-07-30,0.000499875041651048,0.0005998200719676155,0.000499875041651048,0.000699755114273342,0.0018981972830802527,0.0034938892542557796
2021-08-02,0.000499875041651048,0.000499875041651048,0.0005998200719676155,0.000699755114273342,0.0016985566355814776,0.003294566949430031
2021-08-03,0.000499875041651048,0.000499875041651048,0.0005998200719676155,0.000699755114273342,0.0016985566355814776,0.003294566949430031
2021-08-04,0.000499875041651048,0.000499875041651048,0.000499875041651048,0.000699755114273342,0.0016985566355814776,0.0033942330680155476
2021-08-05,0.000499875041651048,0.000499875041651048,0.0005998200719676155,0.0007996801705643322,0.002097798082146129,0.003792798238696237
2021-08-06,0.0003999200213269354,0.0005998200719676155,0.0005998200719676155,0.000899595242836093,0.002097798082146129,0.004191204618468071
2021-08-09,0.0003999200213269354,0.0005998200719676155,0.0005998200719676155,0.0007996801705643322,0.0022973590486834897,0.004290781417156275
2021-08-10,0.000499875041651048,0.000499875041651048,0.000499875041651048,0.0007996801705643322,0.0023971245997214934,0.0046889894861315414
2021-08-11,0.000499875041651048,0.000499875041651048,0.0005998200719676155,0.0007996801705643322,0.0022973590486834897,0.004489905272852053
2021-08-12,0.000499875041651048,0.0005998200719676155,0.0005998200719676155,0.000899595242836093,0.0022973590486834897,0.0045894523338072864
2021-08-13,0.0003999200213269354,0.0005998200719676155,0.000499875041651048,0.0007996801705643322,0.0022973590486834897,0.004390348301292895
2021-08-16,0.0003999200213269354,0.0005998200719676155,0.000499875041651048,0.0007996801705643322,0.002097798082146129,0.004191204618468071
2021-08-17,0.00029995500899797546,0.000699755114273342,0.0005998200719676155,0.000699755114273342,0.0022973590486834897,0.004290781417156275
2021-08-18,0.00029995500899797546,0.000699755114273342,0.000499875041651048,0.000699755114273342,0.0022973590486834897,0.004290781417156275
2021-08-19,0.0003999200213269354,0.0005998200719676155,0.000499875041651048,0.0005998200719676155,0.0021975835434872217,0.004390348301292895
2021-08-20,0.0003999200213269354,0.000499875041651048,0.000499875041651048,0.0005998200719676155,0.0022973590486834897,0.004390348301292895
2021-08-23,0.0003999200213269354,0.000499875041651048,0.0005998200719676155,0.000699755114273342,0.0022973590486834897,0.004290781417156275
2021-08-24,0.00029995500899797546,0.000499875041651048,0.000499875041651048,0.0005998200719676155,0.0023971245997214934,0.004390348301292895
2021-08-25,0.0003999200213269354,0.0005998200719676155,0.0005998200719676155,0.000699755114273342,0.0022973590486834897,0.0046889894861315414
2021-08-26,0.0003999200213269354,0.000499875041651048,0.0005998200719676155,0.000699755114273342,0.002496880198587199,0.0045894523338072864
2021-08-27,0.0003999200213269354,0.000499875041651048,0.000499875041651048,0.000699755114273342,0.0021975835434872217,0.0040916179032535645
2021-08-30,0.0003999200213269354,0.000499875041651048,0.000499875041651048,0.0007996801705643322,0.001998002662673056,0.003992021269537453
2021-08-31,0.00029995500899797546,0.0003999200213269354,0.0005998200719676155,0.000699755114273342,0.001998002662673056,0.003992021269537453
2021-09-01,0.0003999200213269354,0.000499875041651048,0.0005998200719676155,0.000699755114273342,0.001998002662673056,0.004191204618468071
2021-09-02,0.000499875041651048,0.000499875041651048,0.0005998200719676155,0.000699755114273342,0.001998002662673056,0.004191204618468071
2021-09-03,0.0003999200213269354,0.000499875041651048,0.000499875041651048,0.0007996801705643322,0.002097798082146129,0.004191204618468071
2021-09-06,0.0003999200213269354,0.000499875041651048,0.000499875041651048,0.0007996801705643322,0.002097798082146129,0.004191204618468071
2021-09-07,0.0003999200213269354,0.000499875041651048,0.0005998200719676155,0.0007996801705643322,0.0021975835434872217,0.004489905272852053
2021-09-08,0.000499875041651048,0.000499875041651048,0.0005998200719676155,0.0007996801705643322,0.0021975835434872217,0.004290781417156275
2021-09-09,0.000699755114273342,0.0003999200213269354,0.000499875041651048,0.000699755114273342,0.0022973590486834897,0.004290781417156275
2021-09-10,0.0005998200719676155,0.000499875041651048,0.0005998200719676155,0.0007996801705643322,0.0022973590486834897,0.004489905272852053
2021-09-13,0.0005998200719676155,0.0005998200719676155,0.0005998200719676155,0.000699755114273342,0.002097798082146129,0.004390348301292895
2021-09-14,0.000499875041651048,0.0003999200213269354,0.000499875041651048,0.000699755114273342,0.002097798082146129,0.004290781417156275
2021-09-15,0.0003999200213269354,0.0003999200213269354,0.000499875041651048,0.000699755114273342,0.002097798082146129,0.004290781417156275
2021-09-16,0.0005998200719676155,0.0003999200213269354,0.000499875041651048,0.000699755114273342,0.0022973590486834897,0.0045894523338072864
2021-09-17,0.0005998200719676155,0.0003999200213269354,0.000499875041651048,0.000699755114273342,0.0022973590486834897,0.0046889894861315414
2021-09-20,0.0005998200719676155,0.0003999200213269354,0.000499875041651048,0.000699755114273342,0.0022973590486834897,0.004489905272852053
2021-09-21,0.000499875041651048,0.00029995500899797546,0.0003999200213269354,0.000699755114273342,0.0021975835434872217,0.0045894523338072864
2021-09-22,0.0003999200213269354,0.00029995500899797546,0.000499875041651048,0.0007996801705643322,0.002496880198587199,0.004788516731797177
2021-09-23,0.000499875041651048,0.00029995500899797546,0.0003999200213269354,0.0007996801705643322,0.0026963615477426086,0.005286004429237355
2021-09-24,0.0005998200719676155,0.00029995500899797546,0.000499875041651048,0.0007996801705643322,0.002895803112025565,0.005484930230569686
2021-09-27,0.0005998200719676155,0.0003999200213269354,0.000499875041651048,0.000899595242836093,0.003095204907302419,0.005584378293900616
2021-09-28,0.000699755114273342,0.0003999200213269354,0.0005998200719676155,0.000899595242836093,0.003095204907302419,0.005484930230569686
2021-09-29,0.000499875041651048,0.0003999200213269354,0.000499875041651048,0.000899595242836093,0.002995508979798479,0.005484930230569686
2021-09-30,0.000699755114273342,0.0003999200213269354,0.000499875041651048,0.000899595242836093,0.0027960873020012743,0.005286004429237355
2021-10-01,0.0007996801705643322,0.0003999200213269354,0.000499875041651048,0.000899595242836093,0.0026963615477426086,0.004888034072775962
2021-10-04,0.000899595242836093,0.0003999200213269354,0.0005998200719676155,0.000899595242836093,0.0026963615477426086,0.005186526687300061
2021-10-05,0.0009995003330835331,0.0003999200213269354,0.0005998200719676155,0.000899595242836093,0.0027960873020012743,0.005385472276337817
2021-10-06,0.0005998200719676155,0.0003999200213269354,0.0005998200719676155,0.0009995003330835331,0.002995508979798479,0.005484930230569686
2021-10-07,0.00029995500899797546,0.000499875041651048,0.0005998200719676155,0.0009995003330835331,0.003194890896519197,0.00568381646829767
2021-10-08,0.00019998000266626675,0.000499875041651048,0.000699755114273342,0.000899595242836093,0.003194890896519197,0.005882663158155495
2021-10-11,0.00019998000266626675,0.000499875041651048,0.000699755114273342,0.000899595242836093,0.003194890896519197,0.005882663158155495
2021-10-12,0.00029995500899797546,0.0005998200719676155,0.0005998200719676155,0.0009995003330835331,0.0034938892542557796,0.006379606964039027
2021-10-13,0.00029995500899797546,0.000499875041651048,0.0005998200719676155,0.0010993954433009636,0.0036931718376175702,0.006578315360122567
2021-10-14,0.000499875041651048,0.000499875041651048,0.0005998200719676155,0.0009995003330835331,0.0035935355101301704,0.006180859075081115
2021-10-15,0.0003999200213269354,0.000499875041651048,0.0005998200719676155,0.0011992805754820971,0.0040916179032535645,0.006975613736425241
2021-10-18,0.000499875041651048,0.0005998200719676155,0.0005998200719676155,0.0010993954433009636,0.004390348301292895,0.007174203748000358
2021-10-19,0.0005998200719676155,0.000499875041651048,0.0005998200719676155,0.0010993954433009636,0.0040916179032535645,0.007074913671961879
2021-10-20,0.0005998200719676155,0.000499875041651048,0.0005998200719676155,0.0009995003330835331,0.003992021269537453,0.006975613736425241
2021-10-21,0.0005998200719676155,0.0005998200719676155,0.0005998200719676155,0.0011992805754820971,0.004489905272852053,0.007769737264360665
2021-10-22,0.000499875041651048,0.0005998200719676155,0.000699755114273342,0.00129915573162005,0.004788516731797177,0.00786895837869518
2021-10-25,0.000699755114273342,0.0005998200719676155,0.0005998200719676155,0.0013990209137073413,0.0046889894861315414,0.007571265496318075
2021-10-26,0.0005998200719676155,0.0005998200719676155,0.0005998200719676155,0.0013990209137073413,0.0046889894861315414,0.007670506304219701
2021-10-27,0.0005998200719676155,0.0005998200719676155,0.000699755114273342,0.0011992805754820971,0.004987541511039074,0.007670506304219701
2021-10-28,0.0005998200719676155,0.0005998200719676155,0.0005998200719676155,0.0014988761237358919,0.004987541511039074,0.007670506304219701
2021-10-29,0.0005998200719676155,0.000499875041651048,0.000699755114273342,0.0014988761237358919,0.004788516731797177,0.007472014838700995
2021-11-01,0.000499875041651048,0.000499875041651048,0.0005998200719676155,0.0014988761237358919,0.004987541511039074,0.00786895837869518
2021-11-02,0.000499875041651048,0.000499875041651048,0.000699755114273342,0.0014988761237358919,0.0045894523338072864,0.007273483966498386
2021-11-03,0.000499875041651048,0.000499875041651048,0.000699755114273342,0.0016985566355814776,0.0046889894861315414,0.007670506304219701
2021-11-04,0.000499875041651048,0.0003999200213269354,0.000699755114273342,0.0013990209137073413,0.0040916179032535645,0.006876303939432157
2021-11-05,0.000499875041651048,0.000499875041651048,0.000699755114273342,0.0013990209137073413,0.003892414715343839,0.006578315360122567
2021-11-08,0.0003999200213269354,0.0005998200719676155,0.000699755114273342,0.0015987213636970278,0.004489905272852053,0.007472014838700995
2021-11-09,0.0003999200213269354,0.0003999200213269354,0.0005998200719676155,0.0013990209137073413,0.0040916179032535645,0.007074913671961879
2021-11-10,0.0005998200719676155,0.000499875041651048,0.000699755114273342,0.0016985566355814776,0.005087039048557106,0.008265744417032617
2021-11-11,0.0005998200719676155,0.000499875041651048,0.000699755114273342,0.0016985566355814776,0.005087039048557106,0.008265744417032617
2021-11-12,0.000499875041651048,0.000499875041651048,0.000699755114273342,0.0016985566355814776,0.005286004429237355,0.008464078412129412
2021-11-15,0.0005998200719676155,0.000499875041651048,0.0005998200719676155,0.0017983819413793735,0.005286004429237355,0.008662373078652657
2021-11-16,0.0005998200719676155,0.000499875041651048,0.000699755114273342,0.0016985566355814776,0.005385472276337817,0.008662373078652657
2021-11-17,0.0005998200719676155,0.000499875041651048,0.0005998200719676155,0.0017983819413793735,0.005186526687300061,0.008464078412129412
2021-11-18,0.0011992805754820971,0.000499875041651048,0.0005998200719676155,0.0017983819413793735,0.005186526687300061,0.008364916331627708
2021-11-19,0.0010993954433009636,0.000499875041651048,0.0005998200719676155,0.0017983819413793735,0.005186526687300061,0.008563230660487873
2021-11-22,0.000699755114273342,0.000499875041651048,0.000699755114273342,0.001998002662673056,0.006280237957150483,0.009455158770755135
2021-11-23,0.0005998200719676155,0.0005998200719676155,0.000699755114273342,0.002097798082146129,0.005982071677547464,0.009455158770755135
2021-11-24,0.0013990209137073413,0.0005998200719676155,0.0009995003330835331,0.0023971245997214934,0.006379606964039027,0.009653257028138304
2021-11-25,0.0013990209137073413,0.0005998200719676155,0.0009995003330835331,0.0023971245997214934,0.006379606964039027,0.009653257028138304
2021-11-26,0.0010993954433009636,0.0005998200719676155,0.0009995003330835331,0.001998002662673056,0.004987541511039074,0.008067371077758798
2021-11-29,0.000699755114273342,0.0005998200719676155,0.0009995003330835331,0.002097798082146129,0.005087039048557106,0.008265744417032617
2021-11-30,0.0010993954433009636,0.000499875041651048,0.0009995003330835331,0.0023971245997214934,0.005186526687300061,0.008067371077758798
2021-12-01,0.000899595242836093,0.0005998200719676155,0.0009995003330835331,0.002496880198587199,0.005584378293900616,0.008464078412129412
2021-12-02,0.000499875041651048,0.000499875041651048,0.000899595242836093,0.0026963615477426086,0.006280237957150483,0.008959741371471906
2021-12-03,0.0003999200213269354,0.0005998200719676155,0.000899595242836093,0.002596625847265978,0.005982071677547464,0.008563230660487873
2021-12-06,0.000499875041651048,0.000499875041651048,0.0011992805754820971,0.0027960873020012743,0.006478966097709123,0.009058844488346039
2021-12-07,0.000499875041651048,0.0005998200719676155,0.0014988761237358919,0.003095204907302419,0.006975613736425241,0.009851316050374181
2021-12-08,0.0003999200213269354,0.000699755114273342,0.00129915573162005,0.002895803112025565,0.006776984279023752,0.009851316050374181
2021-12-09,0.00029995500899797546,0.0005998200719676155,0.0011992805754820971,0.0027960873020012743,0.006975613736425241,0.009851316050374181
2021-12-10,0.00029995500899797546,0.0005998200719676155,0.00129915573162005,0.0026963615477426086,0.006677654753240569,0.009752291442678272
2021-12-13,9.999500033330834e-05,0.000499875041651048,0.0010993954433009636,0.0026963615477426086,0.006578315360122567,0.009455158770755135
2021-12-14,0.00019998000266626675,0.000499875041651048,0.00129915573162005,0.002596625847265978,0.006677654753240569,0.009752291442678272
2021-12-15,0.00029995500899797546,0.000499875041651048,0.00129915573162005,0.002895803112025565,0.006876303939432157,0.009950330853168083
2021-12-16,0.0003999200213269354,0.000499875041651048,0.00129915573162005,0.002596625847265978,0.006379606964039027,0.009157937784765629
2021-12-17,0.00029995500899797546,0.000499875041651048,0.00129915573162005,0.0026963615477426086,0.006578315360122567,0.009257021262676765
2021-12-20,0.00029995500899797546,0.000699755114273342,0.0015987213636970278,0.0026963615477426086,0.006478966097709123,0.009058844488346039
2021-12-21,0.00029995500899797546,0.000699755114273342,0.0015987213636970278,0.002895803112025565,0.006975613736425241,0.009554212804811658
2021-12-22,0.00029995500899797546,0.0007996801705643322,0.0015987213636970278,0.0027960873020012743,0.006776984279023752,0.009554212804811658
2021-12-23,0.0003999200213269354,0.000699755114273342,0.0017983819413793735,0.003095204907302419,0.007074913671961879,0.009653257028138304
2021-12-24,0.0003999200213269354,0.000699755114273342,0.0017983819413793735,0.003095204907302419,0.007074913671961879,0.009653257028138304
2021-12-27,0.0003999200213269354,0.0005998200719676155,0.002097798082146129,0.003294566949430031,0.007571265496318075,0.009752291442678272
2021-12-28,0.00029995500899797546,0.0005998200719676155,0.001998002662673056,0.003892414715343839,0.007372754329413085,0.009851316050374181
2021-12-29,9.999500033330834e-05,0.000499875041651048,0.0018981972830802527,0.003792798238696237,0.007472014838700995,0.009851316050374181
2021-12-30,0.0005998200719676155,0.000499875041651048,0.0018981972830802527,0.003792798238696237,0.007273483966498386,0.009752291442678272
2021-12-31,0.0005998200719676155,0.0005998200719676155,0.0018981972830802527,0.003892414715343839,0.007273483966498386,0.009653257028138304
2022-01-03,0.000499875041651048,0.0007996801705643322,0.0021975835434872217,0.003992021269537453,0.007769737264360665,0.0103462920541443
2022-01-04,0.0005998200719676155,0.0007996801705643322,0.0021975835434872217,0.003792798238696237,0.007670506304219701,0.01014833105181515
2022-01-05,0.000499875041651048,0.000899595242836093,0.0021975835434872217,0.0040916179032535645,0.008265744417032617,0.010939940038334366
2022-01-06,0.0003999200213269354,0.0009995003330835331,0.0022973590486834897,0.004489905272852053,0.00876150566857275,0.011434377625663104
2022-01-07,0.000499875041651048,0.0009995003330835331,0.0023971245997214934,0.004290781417156275,0.008662373078652657,0.011632084229707651
2022-01-10,0.000499875041651048,0.00129915573162005,0.0027960873020012743,0.0045894523338072864,0.009157937784765629,0.012027380212718455
2022-01-11,0.0003999200213269354,0.0010993954433009636,0.0027960873020012743,0.0045894523338072864,0.008959741371471906,0.012126179797840564
2022-01-12,0.0003999200213269354,0.0011992805754820971,0.0026963615477426086,0.004788516731797177,0.009157937784765629,0.012027380212718455
2022-01-13,0.000499875041651048,0.0011992805754820971,0.0027960873020012743,0.0046889894861315414,0.009058844488346039,0.011730922875698666
2022-01-14,0.000499875041651048,0.00129915573162005,0.002995508979798479,0.005087039048557106,0.009851316050374181,0.012521280553671745
2022-01-17,0.000499875041651048,0.00129915573162005,0.002995508979798479,0.005087039048557106,0.009851316050374181,0.012521280553671745
2022-01-18,0.000499875041651048,0.0015987213636970278,0.0036931718376175702,0.005783244755727333,0.010544213875671154,0.013409686909917676
2022-01-19,0.000499875041651048,0.0016985566355814776,0.0035935355101301704,0.00568381646829767,0.0103462920541443,0.013212331472134813
2022-01-20,0.000499875041651048,0.0016985566355814776,0.0035935355101301704,0.005982071677547464,0.010742096531902109,0.013311014059672338
2022-01-21,0.000499875041651048,0.0016985566355814776,0.0034938892542557796,0.005783244755727333,0.01004933585300144,0.012718772407774689
2022-01-24,0.000499875041651048,0.0018981972830802527,0.003892414715343839,0.005783244755727333,0.009851316050374181,0.012422519998557154
2022-01-25,0.000499875041651048,0.0018981972830802527,0.003892414715343839,0.006478966097709123,0.01014833105181515,0.012718772407774689
2022-01-26,0.0005998200719676155,0.0018981972830802527,0.003992021269537453,0.006975613736425241,0.011236631925987681,0.013804280976397056
2022-01-27,0.0003999200213269354,0.001998002662673056,0.004290781417156275,0.007472014838700995,0.011730922875698666,0.014198719399812949
2022-01-28,0.0003999200213269354,0.0018981972830802527,0.004290781417156275,0.007472014838700995,0.011434377625663104,0.013705647056111932
2022-01-31,0.00029995500899797546,0.0021975835434872217,0.004888034072775962,0.007769737264360665,0.011730922875698666,0.013804280976397056
2022-02-01,0.0003999200213269354,0.0018981972830802527,0.004788516731797177,0.007769737264360665,0.011730922875698666,0.013804280976397056
2022-02-02,0.0003999200213269354,0.0018981972830802527,0.004489905272852053,0.007571265496318075,0.01153323581367303,0.013705647056111932
2022-02-03,0.00029995500899797546,0.001998002662673056,0.004788516731797177,0.007769737264360665,0.011829751753577198,0.014100124378781635
2022-02-04,0.000499875041651048,0.0022973590486834897,0.005584378293900616,0.008860628432196557,0.013014937077494654,0.015381102038302324
2022-02-07,0.00029995500899797546,0.0026963615477426086,0.005783244755727333,0.00876150566857275,0.01291622526654633,0.015282623531156904
2022-02-08,0.00029995500899797546,0.002496880198587199,0.005882663158155495,0.009058844488346039,0.013409686909917676,0.015774919115362215
2022-02-09,0.0003999200213269354,0.002596625847265978,0.00568381646829767,0.009058844488346039,0.013508350024792245,0.015971769509698662
2022-02-10,0.000499875041651048,0.003992021269537453,0.007372754329413085,0.0113355096637456,0.015971769509698662,0.018036362486098582
2022-02-11,0.00029995500899797546,0.0035935355101301704,0.007074913671961879,0.010643160098479829,0.014888612493750654,0.016955440649413473
2022-02-14,0.00029995500899797546,0.004290781417156275,0.007571265496318075,0.011236631925987681,0.01567647938500758,0.017839918128331002
2022-02-15,0.00019998000266626675,0.003992021269537453,0.007174203748000358,0.011038847115216341,0.01567647938500758,0.017839918128331002
2022-02-16,0.00029995500899797546,0.003792798238696237,0.006677654753240569,0.010841023177874857,0.015085637418040853,0.017348638334613004
2022-02-17,0.0005998200719676155,0.0035935355101301704,0.006478966097709123,0.010445257861538649,0.01479008547263543,0.0168571170664229
2022-02-18,0.00029995500899797546,0.0034938892542557796,0.006478966097709123,0.010247316451549523,0.01459300230290015,0.01666044089310724
2022-02-21,0.00029995500899797546,0.0034938892542557796,0.006478966097709123,0.010247316451549523,0.01459300230290015,0.01666044089310724
2022-02-22,0.00029995500899797546,0.0036931718376175702,0.007273483966498386,0.011632084229707651,0.01547957084838632,0.017250353406527592
2022-02-23,0.00019998000266626675,0.0033942330680155476,0.007372754329413085,0.01153323581367303,0.01567647938500758,0.017643435172595243
2022-02-24,0.000499875041651048,0.003194890896519197,0.006478966097709123,0.010742096531902109,0.015282623531156904,0.01715205881756557
2022-02-25,0.00029995500899797546,0.003294566949430031,0.007074913671961879,0.011236631925987681,0.015381102038302324,0.017446913603720648
2022-02-28,0.0005998200719676155,0.0034938892542557796,0.006876303939432157,0.01004933585300144,0.014297304700824425,0.01607018017749447
2022-03-01,0.0010993954433009636,0.003194890896519197,0.005982071677547464,0.009058844488346039,0.013014937077494654,0.01459300230290015
2022-03-02,0.00129915573162005,0.0033942330680155476,0.006776984279023752,0.010544213875671154,0.014888612493750654,0.016562088298978293
2022-03-03,0.0018981972830802527,0.003792798238696237,0.006876303939432157,0.010742096531902109,0.015184135325039967,0.016758783814954704
2022-03-04,0.0014988761237358919,0.0033942330680155476,0.006876303939432157,0.010445257861538649,0.014888612493750654,0.01607018017749447
2022-03-07,0.0016985566355814776,0.003792798238696237,0.007472014838700995,0.010643160098479829,0.015381102038302324,0.01666044089310724
2022-03-08,0.0015987213636970278,0.0035935355101301704,0.007174203748000358,0.011137744410455926,0.016168581161583706,0.017643435172595243
2022-03-09,0.0017983819413793735,0.003792798238696237,0.007472014838700995,0.011434377625663104,0.01666044089310724,0.01813457019548269
2022-03-10,0.0018981972830802527,0.003892414715343839,0.007472014838700995,0.011829751753577198,0.017053754565827518,0.018625464123164886
2022-03-11,0.0016985566355814776,0.003992021269537453,0.007769737264360665,0.012126179797840564,0.017348638334613004,0.018919884852510872
2022-03-14,0.0022973590486834897,0.004489905272852053,0.008563230660487873,0.012718772407774689,0.018527304613883622,0.020194707285519278
2022-03-15,0.0021975835434872217,0.0045894523338072864,0.008563230660487873,0.012718772407774689,0.01833095668472346,0.020194707285519278
2022-03-16,0.0023971245997214934,0.004390348301292895,0.008563230660487873,0.013409686909917676,0.019312311032372815,0.021174235231406487
2022-03-17,0.001998002662673056,0.003992021269537453,0.008067371077758798,0.01291622526654633,0.019214218923804288,0.021174235231406487
2022-03-18,0.0018981972830802527,0.004191204618468071,0.008265744417032617,0.012817503710614431,0.01950846638804296,0.021272135275539696
2022-03-21,0.0021975835434872217,0.005385472276337817,0.009455158770755135,0.01390290516899142,0.021174235231406487,0.02313041738885438
2022-03-22,0.001998002662673056,0.005087039048557106,0.009554212804811658,0.015774919115362215,0.021565777914560547,0.02352119504134582
2022-03-23,0.0014988761237358919,0.004987541511039074,0.009257021262676765,0.015085637418040853,0.021076325601916215,0.02293497128249588
2022-03-24,0.0015987213636970278,0.005186526687300061,0.009554212804811658,0.015381102038302324,0.021076325601916215,0.023228126119207167
2022-03-25,0.0016985566355814776,0.005484930230569686,0.01004933585300144,0.016562088298978293,0.02273948696948943,0.024790168807218783
2022-03-28,0.0018981972830802527,0.005882663158155495,0.010742096531902109,0.016758783814954704,0.023228126119207167,0.025180298530298247
2022-03-29,0.0017983819413793735,0.005484930230569686,0.010544213875671154,0.016562088298978293,0.023228126119207167,0.025082780367463153
2022-03-30,0.0015987213636970278,0.005484930230569686,0.0103462920541443,0.016266972463871966,0.022837233902757225,0.02459504685538021
2022-03-31,0.0016985566355814776,0.005186526687300061,0.010544213875671154,0.016168581161583706,0.0225439644348945,0.024204688696817394
2022-04-01,0.0014988761237358919,0.005286004429237355,0.010841023177874857,0.017053754565827518,0.024107075343233125,0.02576520788602641
2022-04-04,0.0017983819413793735,0.006578315360122567,0.0113355096637456,0.017053754565827518,0.02400945246035187,0.02576520788602641
2022-04-05,0.0017983819413793735,0.006478966097709123,0.011236631925987681,0.017545179215748816,0.024790168807218783,0.026544555222112288
2022-04-06,0.002097798082146129,0.006677654753240569,0.011434377625663104,0.017741681476157102,0.0246926125903715,0.026349775322782015
2022-04-07,0.002097798082146129,0.006776984279023752,0.011434377625663104,0.017643435172595243,0.024399886823535177,0.026252371144065745
2022-04-08,0.001998002662673056,0.006975613736425241,0.011829751753577198,0.017938145131012995,0.0249852526939085,0.026934001240080944
2022-04-11,0.0021975835434872217,0.007670506304219701,0.01222496962256897,0.01833095668472346,0.0246926125903715,0.026934001240080944
2022-04-12,0.002097798082146129,0.007372754329413085,0.011928570865273802,0.017545179215748816,0.023618865598633996,0.025472795973031023
2022-04-13,0.002596625847265978,0.007472014838700995,0.011928570865273802,0.017643435172595243,0.02342351494358806,0.02537530633122824
2022-04-14,0.0036931718376175702,0.00786895837869518,0.012422519998557154,0.018232768261059712,0.024399886823535177,0.026349775322782015
2022-04-15,0.0036931718376175702,0.00786895837869518,0.012422519998557154,0.018232768261059712,0.024399886823535177,0.026349775322782015
2022-04-18,0.003792798238696237,0.008067371077758798,0.012620031356102263,0.018232768261059712,0.024302292522964862,0.026447170014848292
2022-04-19,0.0036931718376175702,0.008067371077758798,0.012718772407774689,0.019214218923804288,0.02576520788602641,0.027712438566535786
2022-04-20,0.0034938892542557796,0.008166562666393415,0.012817503710614431,0.01911611719223005,0.025667746748577795,0.027517886036739245
2022-04-21,0.004987541511039074,0.008265744417032617,0.013113639145383105,0.019900661706336163,0.026447170014848292,0.028295869154847303
2022-04-22,0.0045894523338072864,0.008265744417032617,0.013311014059672338,0.020390689647734026,0.026836653953559678,0.028393074501217887
2022-04-25,0.003992021269537453,0.009058844488346039,0.014100124378781635,0.02009670169912241,0.025960101669531634,0.027517886036739245
2022-04-26,0.003792798238696237,0.008265744417032617,0.01390290516899142,0.019704583274335403,0.025082780367463153,0.026836653953559678
2022-04-27,0.0036931718376175702,0.008166562666393415,0.013804280976397056,0.01950846638804296,0.025472795973031023,0.02712866738825262
2022-04-28,0.0036931718376175702,0.008166562666393415,0.013705647056111932,0.020194707285519278,0.025960101669531634,0.027615167032973363
2022-04-29,0.0036931718376175702,0.008464078412129412,0.014001519635813609,0.020782539182528505,0.026641930946421182,0.028295869154847303
2022-05-02,0.0040916179032535645,0.008959741371471906,0.01479008547263543,0.020782539182528505,0.026934001240080944,0.028878959550376674
2022-05-03,0.004788516731797177,0.009058844488346039,0.014395880283732381,0.021370025736192483,0.02742059557599217,0.02907324748570709
2022-05-04,0.004888034072775962,0.008860628432196557,0.014297304700824425,0.02048866642731566,0.026252371144065745,0.02810143011087481
2022-05-05,0.004888034072775962,0.008464078412129412,0.013607003406216902,0.02058663360838838,0.02673929718962161,0.028684633859908954
2022-05-06,0.004788516731797177,0.008464078412129412,0.014001519635813609,0.02058663360838838,0.026836653953559678,0.028976108236517098
2022-05-09,0.005087039048557106,0.009157937784765629,0.014198719399812949,0.019704583274335403,0.02576520788602641,0.027712438566535786
2022-05-10,0.00568381646829767,0.008860628432196557,0.014297304700824425,0.019900661706336163,0.02586265952572737,0.027712438566535786
2022-05-11,0.005882663158155495,0.009058844488346039,0.014198719399812949,0.019704583274335403,0.026252371144065745,0.027712438566535786
2022-05-12,0.006081470315867959,0.009554212804811658,0.014297304700824425,0.019410393519823325,0.025277807184268544,0.026934001240080944
2022-05-13,0.006677654753240569,0.010247316451549523,0.01459300230290015,0.020194707285519278,0.02576520788602641,0.027517886036739245
2022-05-16,0.006379606964039027,0.010643160098479829,0.015282623531156904,0.02048866642731566,0.025472795973031023,0.02712866738825262
2022-05-17,0.006081470315867959,0.010544213875671154,0.015578029963318418,0.021370025736192483,0.02673929718962161,0.0284902703996275
2022-05-18,0.005584378293900616,0.010247316451549523,0.01547957084838632,0.021370025736192483,0.026447170014848292,0.02800419640959736
2022-05-19,0.006478966097709123,0.010445257861538649,0.015085637418040853,0.020880477579355232,0.025960101669531634,0.02742059557599217
2022-05-20,0.006280237957150483,0.010247316451549523,0.014987129808248345,0.02048866642731566,0.025667746748577795,0.026934001240080944
2022-05-23,0.005484930230569686,0.010643160098479829,0.015578029963318418,0.020684591192832683,0.02615495747685121,0.027615167032973363
2022-05-24,0.005484930230569686,0.010544213875671154,0.015184135325039967,0.019998686506689126,0.0246926125903715,0.026252371144065745
2022-05-25,0.005783244755727333,0.010544213875671154,0.015085637418040853,0.019900661706336163,0.024497471600387438,0.025960101669531634
2022-05-26,0.007074913671961879,0.010643160098479829,0.015085637418040853,0.019704583274335403,0.024302292522964862,0.025960101669531634
2022-05-27,0.006876303939432157,0.010742096531902109,0.015282623531156904,0.019900661706336163,0.024399886823535177,0.02605753431928962
2022-05-30,0.006876303939432157,0.010742096531902109,0.015282623531156904,0.019900661706336163,0.024399886823535177,0.02605753431928962
2022-05-31,0.007273483966498386,0.01153323581367303,0.016266972463871966,0.02058663360838838,0.0249852526939085,0.02673929718962161
2022-06-01,0.007670506304219701,0.011434377625663104,0.016168581161583706,0.021370025736192483,0.026252371144065745,0.02800419640959736
2022-06-02,0.008464078412129412,0.011632084229707651,0.016266972463871966,0.021272135275539696,0.02615495747685121,0.027906953253007877
2022-06-03,0.008662373078652657,0.012027380212718455,0.01666044089310724,0.021565777914560547,0.026252371144065745,0.028295869154847303
2022-06-06,0.00876150566857275,0.012521280553671745,0.017250353406527592,0.022054990780831327,0.026934001240080944,0.028976108236517098
2022-06-07,0.008662373078652657,0.012521280553671745,0.017348638334613004,0.022348403663761812,0.02712866738825262,0.028684633859908954
2022-06-08,0.008860628432196557,0.012718772407774689,0.017545179215748816,0.02264173048082465,0.02742059557599217,0.028976108236517098
2022-06-09,0.010445257861538649,0.01291622526654633,0.017938145131012995,0.023228126119207167,0.027906953253007877,0.029461710149619014
2022-06-10,0.010939940038334366,0.013804280976397056,0.019606529638918308,0.025472795973031023,0.030141156911986846,0.03159556158975056
2022-06-13,0.011236631925987681,0.01715205881756557,0.022250608934819758,0.0284902703996275,0.03343477608623739,0.03498096889524552
2022-06-14,0.011829751753577198,0.01813457019548269,0.02400945246035187,0.03101405352916946,0.03391821820346067,0.03536714383729132
2022-06-15,0.012027380212718455,0.017250353406527592,0.02293497128249588,0.028878959550376674,0.03149866705937099,0.0329511001396859
2022-06-16,0.011829751753577198,0.015774919115362215,0.022152804641133308,0.028393074501217887,0.030917102634721524,0.03275756423817219
2022-06-17,0.011434377625663104,0.016168581161583706,0.022250608934819758,0.028198654358678774,0.031207927124193163,0.0329511001396859
2022-06-20,0.011434377625663104,0.016168581161583706,0.022250608934819758,0.028198654358678774,0.031207927124193163,0.0329511001396859
2022-06-21,0.010742096531902109,0.0168571170664229,0.024302292522964862,0.02878180142545205,0.03159556158975056,0.0329511001396859
2022-06-22,0.009752291442678272,0.015971769509698662,0.023716526617316044,0.027517886036739245,0.030141156911986846,0.03149866705937099
2022-06-23,0.011137744410455926,0.016365354086264272,0.024107075343233125,0.02742059557599217,0.029655884907510657,0.030723172642840583
2022-06-24,0.011829751753577198,0.01715205881756557,0.024790168807218783,0.027906953253007877,0.029947076367952116,0.030820142339886263
2022-06-27,0.01153323581367303,0.017741681476157102,0.025277807184268544,0.0284902703996275,0.030335199796072947,0.03159556158975056
2022-06-28,0.011137744410455926,0.017741681476157102,0.025180298530298247,0.028393074501217887,0.030529205034822874,0.03159556158975056
2022-06-29,0.011137744410455926,0.017643435172595243,0.025180298530298247,0.028393074501217887,0.030141156911986846,0.030820142339886263
2022-06-30,0.012718772407774689,0.017053754565827518,0.024790168807218783,0.027615167032973363,0.02878180142545205,0.029461710149619014
2022-07-01,0.012620031356102263,0.01715205881756557,0.024887715507778994,0.027517886036739245,0.02800419640959736,0.02810143011087481
2022-07-04,0.012620031356102263,0.01715205881756557,0.024887715507778994,0.027517886036739245,0.02800419640959736,0.02810143011087481
2022-07-05,0.013212331472134813,0.01882175424058776,0.02557027611153001,0.027323295648890352,0.02780970063926723,0.02780970063926723
2022-07-06,0.013508350024792245,0.01882175424058776,0.02586265952572737,0.02780970063926723,0.029267497680568088,0.029461710149619014
2022-07-07,0.015381102038302324,0.019312311032372815,0.02605753431928962,0.028295869154847303,0.029850021968885296,0.030044121348376668
2022-07-08,0.015578029963318418,0.019606529638918308,0.026447170014848292,0.029170377299779858,0.030723172642840583,0.030917102634721524
2022-07-11,0.01567647938500758,0.021565777914560547,0.027517886036739245,0.029267497680568088,0.030238183060609995,0.030432207120201983
2022-07-12,0.016168581161583706,0.02195716735204214,0.02742059557599217,0.030238183060609995,0.029850021968885296,0.030238183060609995
2022-07-13,0.017643435172595243,0.023618865598633996,0.029170377299779858,0.03159556158975056,0.030820142339886263,0.030917102634721524
2022-07-14,0.019704583274335403,0.023716526617316044,0.028878959550376674,0.031110995025052664,0.03101405352916946,0.031110995025052664
2022-07-15,0.019606529638918308,0.02342351494358806,0.028976108236517098,0.030723172642840583,0.030820142339886263,0.030917102634721524
2022-07-18,0.019410393519823325,0.0246926125903715,0.029752958149347798,0.030820142339886263,0.03101405352916946,0.03101405352916946
2022-07-19,0.01911611719223005,0.024887715507778994,0.030141156911986846,0.03130484982841249,0.031789322489407336,0.03169244673248972
2022-07-20,0.019018005835761846,0.024790168807218783,0.029947076367952116,0.03130484982841249,0.03198304585305077,0.03198304585305077
2022-07-21,0.021272135275539696,0.024497471600387438,0.0295588022415444,0.030626193541760837,0.030529205034822874,0.030238183060609995
2022-07-22,0.021272135275539696,0.02459504685538021,0.029267497680568088,0.029655884907510657,0.029364608629903935,0.028878959550376674
2022-07-25,0.021174235231406487,0.02586265952572737,0.030141156911986846,0.030238183060609995,0.0295588022415444,0.029364608629903935
2022-07-26,0.021467906615240923,0.025180298530298247,0.029655884907510657,0.030141156911986846,0.029752958149347798,0.029655884907510657
2022-07-27,0.021174235231406487,0.024107075343233125,0.028878959550376674,0.0295588022415444,0.029170377299779858,0.028878959550376674
2022-07-28,0.021761491781512692,0.023911820046312877,0.02858745685191255,0.028878959550376674,0.02810143011087481,0.027712438566535786
2022-07-29,0.02195716735204214,0.023814178099254877,0.028684633859908954,0.029364608629903935,0.0284902703996275,0.027906953253007877
2022-08-01,0.02195716735204214,0.025277807184268544,0.029170377299779858,0.029364608629903935,0.02858745685191255,0.02780970063926723
2022-08-02,0.02195716735204214,0.025277807184268544,0.0295588022415444,0.030432207120201983,0.030141156911986846,0.029752958149347798
2022-08-03,0.021761491781512692,0.024887715507778994,0.0295588022415444,0.030917102634721524,0.030529205034822874,0.029947076367952116
2022-08-04,0.021663639636026324,0.0246926125903715,0.029364608629903935,0.030626193541760837,0.029850021968885296,0.02907324748570709
2022-08-05,0.021859334352893518,0.025472795973031023,0.030529205034822874,0.032370380030450716,0.03188618886232175,0.03130484982841249
2022-08-08,0.022054990780831327,0.02615495747685121,0.03101405352916946,0.032467190137501496,0.03159556158975056,0.030917102634721524
2022-08-09,0.022054990780831327,0.026349775322782015,0.031110995025052664,0.03275756423817219,0.03227356055029569,0.03149866705937099
2022-08-10,0.022152804641133308,0.02615495747685121,0.030820142339886263,0.03207989346341168,0.031789322489407336,0.030820142339886263
2022-08-11,0.022152804641133308,0.02586265952572737,0.030335199796072947,0.03198304585305077,0.031789322489407336,0.031110995025052664
2022-08-12,0.022054990780831327,0.025960101669531634,0.030820142339886263,0.03207989346341168,0.03198304585305077,0.03130484982841249
2022-08-15,0.022446188829830054,0.026836653953559678,0.030820142339886263,0.031789322489407336,0.03149866705937099,0.030917102634721524
2022-08-16,0.022348403663761812,0.026641930946421182,0.030723172642840583,0.03207989346341168,0.03198304585305077,0.0314017631395316
2022-08-17,0.02195716735204214,0.026447170014848292,0.03101405352916946,0.03217673169522125,0.03227356055029569,0.03217673169522125
2022-08-18,0.022054990780831327,0.02673929718962161,0.030723172642840583,0.03188618886232175,0.03169244673248972,0.031789322489407336
2022-08-19,0.022054990780831327,0.02703133905103043,0.031110995025052664,0.03207989346341168,0.03198304585305077,0.03227356055029569
2022-08-22,0.022446188829830054,0.02780970063926723,0.031789322489407336,0.032660782239548374,0.032660782239548374,0.03304785404620035
2022-08-23,0.0225439644348945,0.027615167032973363,0.03159556158975056,0.032370380030450716,0.032370380030450716,0.0329511001396859
2022-08-24,0.02264173048082465,0.02780970063926723,0.03227356055029569,0.0329511001396859,0.03304785404620035,0.03343477608623739
2022-08-25,0.023911820046312877,0.028393074501217887,0.03198304585305077,0.03275756423817219,0.0329511001396859,0.033144598592302024
2022-08-26,0.023618865598633996,0.0284902703996275,0.03207989346341168,0.03304785404620035,0.033144598592302024,0.03343477608623739
2022-08-29,0.024204688696817394,0.029267497680568088,0.032660782239548374,0.0337248694016209,0.03362818097998405,0.03391821820346067
2022-08-30,0.02400945246035187,0.029267497680568088,0.03256399087326267,0.03420817132973701,0.03401487858727765,0.034111529628767866
2022-08-31,0.023716526617316044,0.029170377299779858,0.032660782239548374,0.0344014267173324,0.03391821820346067,0.03401487858727765
2022-09-01,0.0249852526939085,0.029267497680568088,0.03285433687094718,0.03449804040756744,0.03449804040756744,0.03478782548566393
2022-09-02,0.02459504685538021,0.028976108236517098,0.03275756423817219,0.034111529628767866,0.03343477608623739,0.03382154847551067
2022-09-05,0.02459504685538021,0.028976108236517098,0.03275756423817219,0.034111529628767866,0.03343477608623739,0.03382154847551067
2022-09-06,0.024107075343233125,0.029947076367952116,0.03343477608623739,0.03546366427556904,0.0344014267173324,0.03488440185350179
2022-09-07,0.02273948696948943,0.030238183060609995,0.03362818097998405,0.03536714383729132,0.03391821820346067,0.0344014267173324
2022-09-08,0.02537530633122824,0.030141156911986846,0.03382154847551067,0.03536714383729132,0.03420817132973701,0.03478782548566393
2022-09-09,0.02537530633122824,0.030335199796072947,0.03459464476449907,0.036042591346929345,0.03498096889524552,0.03546366427556904
2022-09-12,0.02586265952572737,0.031207927124193163,0.03498096889524552,0.03633192924739028,0.035174075007654036,0.03536714383729132
2022-09-13,0.025180298530298247,0.03227356055029569,0.03681397312271631,0.03845118637425273,0.03681397312271631,0.03681397312271631
2022-09-14,0.025082780367463153,0.03188618886232175,0.03691035402009707,0.03873982831593056,0.03710308795150221,0.03719944098910626
2022-09-15,0.027225986253591457,0.03169244673248972,0.03710308795150221,0.039220713153281295,0.03796993125162867,0.03777736433402994
2022-09-16,0.026447170014848292,0.03149866705937099,0.03700672562909567,0.03883602378519814,0.03777736433402994,0.03739211921706267
2022-09-19,0.02586265952572737,0.033144598592302024,0.03796993125162867,0.03970136685155207,0.03873982831593056,0.03825871211709034
2022-09-20,0.02537530633122824,0.0329511001396859,0.037873652428081515,0.03950913309471249,0.03883602378519814,0.038643623592204426
2022-09-21,0.02557027611153001,0.03256399087326267,0.037873652428081515,0.03998964821615847,0.039413002356835036,0.039028386967478346
2022-09-22,0.026934001240080944,0.032370380030450716,0.03796993125162867,0.03998964821615847,0.04027784649857017,0.04037389413827326
2022-09-23,0.026349775322782015,0.03188618886232175,0.03777736433402994,0.040661981718889635,0.04114194333117518,0.041237908016244745
2022-09-26,0.026934001240080944,0.03333805961051037,0.03873982831593056,0.04085399400826605,0.04181350281341038,0.04277209184386899
2022-09-27,0.02673929718962161,0.0329511001396859,0.03835495387646399,0.04075799247216774,0.04210117601863539,0.04296369943211567
2022-09-28,0.025960101669531634,0.03343477608623739,0.03796993125162867,0.03912455468405004,0.039893563661676665,0.04037389413827326
2022-09-29,0.02742059557599217,0.03304785404620035,0.03796993125162867,0.039028386967478346,0.04075799247216774,0.04104596943600098
2022-09-30,0.027517886036739245,0.03275756423817219,0.03845118637425273,0.03970136685155207,0.04133386349297719,0.04162167469081946
2022-10-03,0.028295869154847303,0.03401487858727765,0.038932210001787475,0.03931686237695038,0.04037389413827326,0.04037389413827326
2022-10-04,0.028684633859908954,0.03391821820346067,0.039028386967478346,0.040661981718889635,0.040181789632831824,0.03998964821615847
2022-10-05,0.0284902703996275,0.03401487858727765,0.039220713153281295,0.04056596174666165,0.040661981718889635,0.04085399400826605
2022-10-06,0.030044121348376668,0.03401487858727765,0.039605254592359425,0.04104596943600098,0.041429809763139556,0.04152574682849831
2022-10-07,0.029850021968885296,0.03391821820346067,0.04008572353928564,0.04152574682849831,0.04210117601863539,0.04238876649178663
2022-10-10,0.029850021968885296,0.03391821820346067,0.04008572353928564,0.04152574682849831,0.04210117601863539,0.04238876649178663
2022-10-11,0.030238183060609995,0.036042591346929345,0.04085399400826605,0.04190940307720962,0.04210117601863539,0.04219704869978835
2022-10-12,0.030238183060609995,0.03633192924739028,0.04075799247216774,0.04190940307720962,0.04190940307720962,0.04200529414503013
2022-10-13,0.0329511001396859,0.03719944098910626,0.04210117601863539,0.04363403702006131,0.04372976286132523,0.04344255784283673
2022-10-14,0.032467190137501496,0.03739211921706267,0.04219704869978835,0.04401688541677432,0.04382547954002957,0.04372976286132523
2022-10-17,0.032467190137501496,0.038932210001787475,0.042867900227175806,0.04401688541677432,0.04353830201448343,0.04353830201448343
2022-10-18,0.03198304585305077,0.039605254592359425,0.04296369943211567,0.04401688541677432,0.04334680450336586,0.04334680450336586
2022-10-19,0.03256399087326267,0.039893563661676665,0.04353830201448343,0.044973365642731154,0.04449523988655121,0.044590883327875135
2022-10-20,0.035174075007654036,0.04008572353928564,0.04382547954002957,0.04554681495597039,0.04516455195437364,0.04554681495597039
2022-10-21,0.03488440185350179,0.04008572353928564,0.04334680450336586,0.044782142771893185,0.04392118705792815,0.044208254664320365
2022-10-24,0.0350775266126961,0.04075799247216774,0.044208254664320365,0.04506896336757812,0.04401688541677432,0.044208254664320365
2022-10-25,0.03498096889524552,0.04056596174666165,0.04401688541677432,0.044973365642731154,0.04325104199431493,0.04353830201448343
2022-10-26,0.03478782548566393,0.04027784649857017,0.04372976286132523,0.04439958729668442,0.04296369943211567,0.0431552703139276
2022-10-27,0.03691035402009707,0.040469932553713214,0.04344255784283673,0.04401688541677432,0.04210117601863539,0.04200529414503013
2022-10-28,0.03681397312271631,0.04094998632895411,0.04411257461832096,0.04449523988655121,0.0431552703139276,0.042867900227175806
2022-10-31,0.0366211834556453,0.04133386349297719,0.044686517622406025,0.04554681495597039,0.04411257461832096,0.04353830201448343
2022-11-01,0.03652477468237227,0.041429809763139556,0.044782142771893185,0.046406372814155744,0.04439958729668442,0.04382547954002957
2022-11-02,0.03633192924739028,0.04133386349297719,0.044686517622406025,0.04650183365141978,0.04506896336757812,0.04439958729668442
2022-11-03,0.03681397312271631,0.04162167469081946,0.044686517622406025,0.04669272799198229,0.046024438311279336,0.04526013140486457
2022-11-04,0.0366211834556453,0.041237908016244745,0.04449523988655121,0.04650183365141978,0.04554681495597039,0.044782142771893185
2022-11-07,0.03710308795150221,0.04200529414503013,0.04516455195437364,0.04688358589885042,0.04611993561355312,0.04526013140486457
2022-11-08,0.035946126773469124,0.04190940307720962,0.044973365642731154,0.04659728537678218,0.04564235787870107,0.04449523988655121
2022-11-09,0.03584965289369722,0.04200529414503013,0.044877758778085454,0.046406372814155744,0.04506896336757812,0.04392118705792815
2022-11-10,0.03642835661355149,0.04190940307720962,0.044208254664320365,0.044877758778085454,0.0424846116061553,0.04085399400826605
2022-11-11,0.03642835661355149,0.04190940307720962,0.044208254664320365,0.044877758778085454,0.0424846116061553,0.04085399400826605
2022-11-14,0.03652477468237227,0.0424846116061553,0.04449523988655121,0.04526013140486457,0.04305948946044698,0.04152574682849831
2022-11-15,0.03700672562909567,0.04219704869978835,0.04439958729668442,0.044973365642731154,0.04277209184386899,0.04085399400826605
2022-11-16,0.03739211921706267,0.042292912190251455,0.04439958729668442,0.04516455195437364,0.04258044753511839,0.040469932553713214
2022-11-17,0.03854740961223893,0.042292912190251455,0.044686517622406025,0.04573789167385373,0.04334680450336586,0.04133386349297719
2022-11-18,0.03854740961223893,0.0424846116061553,0.04506896336757812,0.04631090286325026,0.04411257461832096,0.04190940307720962
2022-11-21,0.038932210001787475,0.0431552703139276,0.04545126290391738,0.046406372814155744,0.04382547954002957,0.042292912190251455
2022-11-22,0.038932210001787475,0.04305948946044698,0.04573789167385373,0.046788161498758925,0.04372976286132523,0.04181350281341038
2022-11-23,0.04037389413827326,0.04305948946044698,0.04564235787870107,0.046406372814155744,0.04363403702006131,0.041429809763139556
2022-11-24,0.04037389413827326,0.04305948946044698,0.04564235787870107,0.046406372814155744,0.04363403702006131,0.041429809763139556
2022-11-25,0.04075799247216774,0.0431552703139276,0.04564235787870107,0.04650183365141978,0.04325104199431493,0.04114194333117518
2022-11-28,0.04027784649857017,0.0431552703139276,0.04611993561355312,0.04650183365141978,0.04363403702006131,0.04133386349297719
2022-11-29,0.03998964821615847,0.042867900227175806,0.04611993561355312,0.04669272799198229,0.04382547954002957,0.04152574682849831
2022-11-30,0.039893563661676665,0.04277209184386899,0.045928931888399804,0.04631090286325026,0.042867900227175806,0.040469932553713214
2022-12-01,0.039605254592359425,0.04238876649178663,0.04545126290391738,0.04554681495597039,0.04162167469081946,0.039028386967478346
2022-12-02,0.03835495387646399,0.0424846116061553,0.04545126290391738,0.045833416343172215,0.04190940307720962,0.03912455468405004
2022-12-05,0.03854740961223893,0.04267627428043631,0.04621542379696299,0.04659728537678218,0.0431552703139276,0.040469932553713214
2022-12-06,0.03796993125162867,0.04277209184386899,0.04631090286325026,0.04621542379696299,0.0424846116061553,0.039893563661676665
2022-12-07,0.03719944098910626,0.04200529414503013,0.04611993561355312,0.04564235787870107,0.0417175933518685,0.038932210001787475
2022-12-08,0.03681397312271631,0.04190940307720962,0.046024438311279336,0.046024438311279336,0.04219704869978835,0.039605254592359425
2022-12-09,0.03739211921706267,0.04219704869978835,0.04611993561355312,0.04611993561355312,0.04238876649178663,0.039893563661676665
2022-12-12,0.037873652428081515,0.042867900227175806,0.04669272799198229,0.046406372814155744,0.04296369943211567,0.040181789632831824
2022-12-13,0.03816246109434892,0.04258044753511839,0.045928931888399804,0.0453557017207972,0.04133386349297719,0.03883602378519814
2022-12-14,0.03835495387646399,0.04238876649178663,0.04573789167385373,0.0453557017207972,0.041429809763139556,0.038643623592204426
2022-12-15,0.03873982831593056,0.0424846116061553,0.045928931888399804,0.04545126290391738,0.041429809763139556,0.03883602378519814
2022-12-16,0.038643623592204426,0.04219704869978835,0.04573789167385373,0.04506896336757812,0.04085399400826605,0.03835495387646399
2022-12-19,0.03873982831593056,0.04277209184386899,0.046024438311279336,0.0453557017207972,0.04162167469081946,0.03912455468405004
2022-12-20,0.03816246109434892,0.04258044753511839,0.045928931888399804,0.0453557017207972,0.04162167469081946,0.03950913309471249
2022-12-21,0.03825871211709034,0.04238876649178663,0.04564235787870107,0.044973365642731154,0.041237908016244745,0.039220713153281295
2022-12-22,0.037295784743696894,0.04258044753511839,0.04554681495597039,0.0453557017207972,0.04152574682849831,0.039413002356835036
2022-12-23,0.037295784743696894,0.0424846116061553,0.04564235787870107,0.04554681495597039,0.04219704869978835,0.04008572353928564
2022-12-26,0.037295784743696894,0.0424846116061553,0.04564235787870107,0.04554681495597039,0.04219704869978835,0.04008572353928564
2022-12-27,0.03796993125162867,0.04363403702006131,0.04650183365141978,0.046406372814155744,0.042292912190251455,0.04085399400826605
2022-12-28,0.037873652428081515,0.04363403702006131,0.046406372814155744,0.046024438311279336,0.04219704869978835,0.04094998632895411
2022-12-29,0.039605254592359425,0.04353830201448343,0.04621542379696299,0.046024438311279336,0.0424846116061553,0.04075799247216774
2022-12-30,0.04037389413827326,0.04325104199431493,0.04650183365141978,0.04621542379696299,0.0431552703139276,0.04133386349297719
2023-01-02,0.04037389413827326,0.04325104199431493,0.04650183365141978,0.04621542379696299,0.0431552703139276,0.04133386349297719
2023-01-03,0.04085399400826605,0.04430392555652441,0.04659728537678218,0.04611993561355312,0.04305948946044698,0.04094998632895411
2023-01-04,0.04114194333117518,0.04449523988655121,0.04659728537678218,0.046024438311279336,0.04267627428043631,0.04027784649857017
2023-01-05,0.04210117601863539,0.04554681495597039,0.046979001193994605,0.04669272799198229,0.04353830201448343,0.04094998632895411
2023-01-06,0.042292912190251455,0.04564235787870107,0.046788161498758925,0.046024438311279336,0.04152574682849831,0.03883602378519814
2023-01-09,0.04277209184386899,0.045928931888399804,0.04716980447638992,0.045833416343172215,0.04104596943600098,0.03854740961223893
2023-01-10,0.0431552703139276,0.04621542379696299,0.04736057135983758,0.04631090286325026,0.04152574682849831,0.038643623592204426
2023-01-11,0.04325104199431493,0.04611993561355312,0.04726519246711422,0.04621542379696299,0.04114194333117518,0.03825871211709034
2023-01-12,0.044686517622406025,0.04554681495597039,0.04650183365141978,0.04554681495597039,0.04037389413827326,0.03719944098910626
2023-01-13,0.044782142771893185,0.04564235787870107,0.04659728537678218,0.045833416343172215,0.04133386349297719,0.03806620080645633
2023-01-16,0.044782142771893185,0.04564235787870107,0.04659728537678218,0.045833416343172215,0.04133386349297719,0.03806620080645633
2023-01-17,0.044973365642731154,0.046024438311279336,0.04707440738592883,0.04564235787870107,0.04094998632895411,0.037873652428081515
2023-01-18,0.044877758778085454,0.045833416343172215,0.046788161498758925,0.04526013140486457,0.039797469874066085,0.03652477468237227
2023-01-19,0.045833416343172215,0.046024438311279336,0.046788161498758925,0.04545126290391738,0.04008572353928564,0.03691035402009707
2023-01-20,0.045833416343172215,0.04611993561355312,0.04688358589885042,0.04573789167385373,0.04056596174666165,0.03758476032727121
2023-01-23,0.045833416343172215,0.04621542379696299,0.04707440738592883,0.045928931888399804,0.041237908016244745,0.03806620080645633
2023-01-24,0.045928931888399804,0.04611993561355312,0.04726519246711422,0.045928931888399804,0.04037389413827326,0.037873652428081515
2023-01-25,0.04564235787870107,0.04611993561355312,0.046788161498758925,0.04564235787870107,0.04027784649857017,0.03768106696768849
2023-01-26,0.04506896336757812,0.046024438311279336,0.046788161498758925,0.04573789167385373,0.04085399400826605,0.03806620080645633
2023-01-27,0.04506896336757812,0.04621542379696299,0.046979001193994605,0.04573789167385373,0.04104596943600098,0.03825871211709034
2023-01-30,0.044973365642731154,0.04611993561355312,0.04707440738592883,0.046024438311279336,0.04162167469081946,0.03883602378519814
2023-01-31,0.044782142771893185,0.045928931888399804,0.04688358589885042,0.04573789167385373,0.041237908016244745,0.03825871211709034
2023-02-01,0.044877758778085454,0.04554681495597039,0.046788161498758925,0.04554681495597039,0.04008572353928564,0.03681397312271631
2023-02-02,0.04516455195437364,0.04554681495597039,0.04650183365141978,0.0453557017207972,0.04008572353928564,0.03681397312271631
2023-02-03,0.04506896336757812,0.045928931888399804,0.04707440738592883,0.046788161498758925,0.04210117601863539,0.03883602378519814
2023-02-06,0.04506896336757812,0.046024438311279336,0.04774199598542116,0.04736057135983758,0.04344255784283673,0.040181789632831824
2023-02-07,0.04516455195437364,0.046024438311279336,0.04774199598542116,0.04764665346735303,0.04372976286132523,0.04027784649857017
2023-02-08,0.0453557017207972,0.04611993561355312,0.04764665346735303,0.047551301858222386,0.04353830201448343,0.03998964821615847
2023-02-09,0.04554681495597039,0.04659728537678218,0.04783732941416013,0.04764665346735303,0.04382547954002957,0.040661981718889635
2023-02-10,0.04554681495597039,0.046788161498758925,0.04774199598542116,0.04774199598542116,0.04401688541677432,0.04104596943600098
2023-02-13,0.04554681495597039,0.046979001193994605,0.04869492153875855,0.047932653755302805,0.044208254664320365,0.04133386349297719
2023-02-14,0.04526013140486457,0.04688358589885042,0.04859966983606235,0.04869492153875855,0.044973365642731154,0.042292912190251455
2023-02-15,0.0453557017207972,0.046788161498758925,0.04850440905961498,0.048409139207687545,0.04516455195437364,0.04258044753511839
2023-02-16,0.04554681495597039,0.04726519246711422,0.04859966983606235,0.04869492153875855,0.04516455195437364,0.04258044753511839
2023-02-17,0.0453557017207972,0.04726519246711422,0.04869492153875855,0.04879016416943201,0.044973365642731154,0.04238876649178663
2023-02-20,0.0453557017207972,0.04726519246711422,0.04869492153875855,0.04879016416943201,0.044973365642731154,0.04238876649178663
2023-02-21,0.04526013140486457,0.04745594115629536,0.049456608712592526,0.049456608712592526,0.04564235787870107,0.04344255784283673
2023-02-22,0.04516455195437364,0.04726519246711422,0.049551778829247745,0.049456608712592526,0.04554681495597039,0.04334680450336586
2023-02-23,0.04554681495597039,0.04726519246711422,0.049266241302918054,0.04907583764659264,0.04554681495597039,0.04305948946044698
2023-02-24,0.04573789167385373,0.04745594115629536,0.049361429537724114,0.049266241302918054,0.04669272799198229,0.044208254664320365
2023-02-27,0.04564235787870107,0.04774199598542116,0.05050298217310676,0.04907583764659264,0.04669272799198229,0.04392118705792815
2023-02-28,0.04545126290391738,0.04764665346735303,0.05040790254384569,0.048980622221621854,0.046979001193994605,0.04411257461832096
2023-03-01,0.04564235787870107,0.04783732941416013,0.05069311431551812,0.049361429537724114,0.04774199598542116,0.04506896336757812
2023-03-02,0.046406372814155744,0.047932653755302805,0.05050298217310676,0.04917104400644938,0.04774199598542116,0.04526013140486457
2023-03-03,0.046406372814155744,0.047932653755302805,0.05050298217310676,0.04907583764659264,0.04745594115629536,0.044973365642731154
2023-03-06,0.046406372814155744,0.04812327518172827,0.0508832103145698,0.049266241302918054,0.04774199598542116,0.04506896336757812
2023-03-07,0.04688358589885042,0.04917104400644938,0.05183314864001729,0.0508832103145698,0.04879016416943201,0.04554681495597039
2023-03-08,0.04659728537678218,0.049361429537724114,0.05202302806715191,0.05116828657439943,0.049266241302918054,0.046024438311279336
2023-03-09,0.04716980447638992,0.049266241302918054,0.05183314864001729,0.05050298217310676,0.04783732941416013,0.044590883327875135
2023-03-10,0.046979001193994605,0.04888539772981063,0.05040790254384569,0.04783732941416013,0.044973365642731154,0.04219704869978835
2023-03-13,0.04516455195437364,0.047551301858222386,0.046979001193994605,0.04210117601863539,0.03950913309471249,0.03806620080645633
2023-03-14,0.04372976286132523,0.04764665346735303,0.04812327518172827,0.04353830201448343,0.04114194333117518,0.03970136685155207
2023-03-15,0.041429809763139556,0.046406372814155744,0.04621542379696299,0.04104596943600098,0.03854740961223893,0.03758476032727121
2023-03-16,0.04133386349297719,0.04631090286325026,0.04821857227047434,0.04392118705792815,0.04056596174666165,0.03912455468405004
2023-03-17,0.04219704869978835,0.044208254664320365,0.046024438311279336,0.0417175933518685,0.03739211921706267,0.036139046615873194
2023-03-20,0.0424846116061553,0.046979001193994605,0.04688358589885042,0.0424846116061553,0.03845118637425273,0.03700672562909567
2023-03-21,0.039893563661676665,0.04669272799198229,0.048409139207687545,0.04573789167385373,0.04085399400826605,0.039028386967478346
2023-03-22,0.04075799247216774,0.046788161498758925,0.04831386027855063,0.044590883327875135,0.03883602378519814,0.03691035402009707
2023-03-23,0.0417175933518685,0.04621542379696299,0.04688358589885042,0.042867900227175806,0.03691035402009707,0.0350775266126961
2023-03-24,0.04190940307720962,0.04631090286325026,0.04650183365141978,0.042292912190251455,0.03691035402009707,0.035174075007654036
2023-03-27,0.04133386349297719,0.047932653755302805,0.04745594115629536,0.04411257461832096,0.038643623592204426,0.03719944098910626
2023-03-28,0.04152574682849831,0.04688358589885042,0.04783732941416013,0.04449523988655121,0.039413002356835036,0.03768106696768849
2023-03-29,0.0424846116061553,0.04688358589885042,0.04802796901058155,0.044877758778085454,0.03998964821615847,0.03796993125162867
2023-03-30,0.04631090286325026,0.04850440905961498,0.04802796901058155,0.04526013140486457,0.040181789632831824,0.03796993125162867
2023-03-31,0.04631090286325026,0.04736057135983758,0.04821857227047434,0.0453557017207972,0.039797469874066085,0.03739211921706267
2023-04-03,0.045928931888399804,0.04783732941416013,0.04764665346735303,0.044973365642731154,0.038932210001787475,0.0366211834556453
2023-04-04,0.04554681495597039,0.04764665346735303,0.04688358589885042,0.04401688541677432,0.03768106696768849,0.03536714383729132
2023-04-05,0.04516455195437364,0.04745594115629536,0.04707440738592883,0.04334680450336586,0.03719944098910626,0.03488440185350179
2023-04-06,0.044686517622406025,0.047932653755302805,0.04812327518172827,0.04411257461832096,0.0374884444109916,0.03527061408191929
2023-04-07,0.044590883327875135,0.04831386027855063,0.04831386027855063,0.04506896336757812,0.038932210001787475,0.03652477468237227
2023-04-10,0.04430392555652441,0.049551778829247745,0.04859966983606235,0.04545126290391738,0.039220713153281295,0.03681397312271631
2023-04-11,0.04181350281341038,0.04917104400644938,0.04869492153875855,0.04564235787870107,0.03950913309471249,0.03691035402009707
2023-04-12,0.04181350281341038,0.048980622221621854,0.04859966983606235,0.0453557017207972,0.03873982831593056,0.036139046615873194
2023-04-13,0.03998964821615847,0.04974209189481407,0.04831386027855063,0.04554681495597039,0.03883602378519814,0.03633192924739028
2023-04-14,0.04200529414503013,0.050122609403210616,0.04907583764659264,0.04659728537678218,0.03998964821615847,0.03758476032727121
2023-04-17,0.04008572353928564,0.05078816683210506,0.049456608712592526,0.04688358589885042,0.04094998632895411,0.03845118637425273
2023-04-18,0.03816246109434892,0.05069311431551812,0.04964693988941377,0.046979001193994605,0.04104596943600098,0.03845118637425273
2023-04-19,0.03873982831593056,0.050312813873589095,0.04974209189481407,0.04726519246711422,0.04152574682849831,0.038932210001787475
2023-04-20,0.03343477608623739,0.04993236874820901,0.049361429537724114,0.04659728537678218,0.04056596174666165,0.03796993125162867
2023-04-21,0.03304785404620035,0.050122609403210616,0.049456608712592526,0.04669272799198229,0.04085399400826605,0.03816246109434892
2023-04-24,0.03478782548566393,0.05069311431551812,0.049361429537724114,0.04650183365141978,0.04037389413827326,0.03768106696768849
2023-04-25,0.04027784649857017,0.04993236874820901,0.04859966983606235,0.044973365642731154,0.037873652428081515,0.03556017539855087
2023-04-26,0.03835495387646399,0.050312813873589095,0.04879016416943201,0.0453557017207972,0.03825871211709034,0.03584965289369722
2023-04-27,0.04181350281341038,0.05050298217310676,0.049266241302918054,0.04669272799198229,0.039893563661676665,0.0374884444109916
2023-04-28,0.04258044753511839,0.04974209189481407,0.049361429537724114,0.04688358589885042,0.039605254592359425,0.03681397312271631
2023-05-01,0.04392118705792815,0.05135829227514207,0.050122609403210616,0.04745594115629536,0.04056596174666165,0.03777736433402994
2023-05-02,0.044590883327875135,0.05107327018400062,0.049361429537724114,0.04631090286325026,0.038932210001787475,0.036042591346929345
2023-05-03,0.045928931888399804,0.05126329393754153,0.049551778829247745,0.045928931888399804,0.03816246109434892,0.035174075007654036
2023-05-04,0.05600219011528479,0.05126329393754153,0.04917104400644938,0.044877758778085454,0.03681397312271631,0.034111529628767866
2023-05-05,0.054393483830331636,0.05126329393754153,0.050027493599648164,0.04621542379696299,0.03845118637425273,0.035656677208034684
2023-05-08,0.05363554916590941,0.05173819540441443,0.050122609403210616,0.046788161498758925,0.039220713153281295,0.03633192924739028
2023-05-09,0.05410932564703195,0.0515482618805766,0.05050298217310676,0.046979001193994605,0.03931686237695038,0.036042591346929345
2023-05-10,0.053540766928029816,0.05107327018400062,0.050027493599648164,0.045928931888399804,0.03825871211709034,0.03488440185350179
2023-05-11,0.056474846927978946,0.05069311431551812,0.050122609403210616,0.045928931888399804,0.03816246109434892,0.03498096889524552
2023-05-12,0.056285811010591824,0.05116828657439943,0.050312813873589095,0.046406372814155744,0.039028386967478346,0.03584965289369722
2023-05-15,0.054866901440840096,0.05078816683210506,0.05107327018400062,0.04621542379696299,0.03912455468405004,0.036042591346929345
2023-05-16,0.054298773407378806,0.05097824476462945,0.05126329393754153,0.04764665346735303,0.039797469874066085,0.036717582935162765
2023-05-17,0.053540766928029816,0.05126329393754153,0.05164323315183845,0.04802796901058155,0.04037389413827326,0.037295784743696894
2023-05-18,0.054393483830331636,0.05173819540441443,0.05240267879304835,0.048980622221621854,0.04152574682849831,0.038643623592204426
2023-05-19,0.05467756129069573,0.0515482618805766,0.052212871446934234,0.048980622221621854,0.04190940307720962,0.039028386967478346
2023-05-22,0.055340095033164595,0.05259245011917059,0.052877039600766916,0.049456608712592526,0.04200529414503013,0.039028386967478346
2023-05-23,0.05515084446484804,0.05202302806715191,0.05249756895775399,0.049361429537724114,0.0417175933518685,0.03912455468405004
2023-05-24,0.05571848875634379,0.05230777962334486,0.05278218543896945,0.04993236874820901,0.04219704869978835,0.039605254592359425
2023-05-25,0.05779709872621671,0.05240267879304835,0.053161548114232356,0.05107327018400062,0.04401688541677432,0.041237908016244745
2023-05-26,0.05845756957156866,0.05202302806715191,0.052971884766105724,0.05116828657439943,0.04439958729668442,0.041429809763139556
2023-05-29,0.05845756957156866,0.05202302806715191,0.052971884766105724,0.05116828657439943,0.04439958729668442,0.041429809763139556
2023-05-30,0.05173819540441443,0.05401458830623825,0.05373032242096779,0.0508832103145698,0.04363403702006131,0.040181789632831824
2023-05-31,0.051453281588915704,0.05373032242096779,0.053161548114232356,0.05050298217310676,0.04305948946044698,0.039605254592359425
2023-06-01,0.05164323315183845,0.053540766928029816,0.052971884766105724,0.04983723484717166,0.04238876649178663,0.039028386967478346
2023-06-02,0.051453281588915704,0.053540766928029816,0.053540766928029816,0.0508832103145698,0.04401688541677432,0.040469932553713214
2023-06-05,0.05116828657439943,0.053161548114232356,0.053161548114232356,0.05040790254384569,0.04363403702006131,0.040181789632831824
2023-06-06,0.050217716160617425,0.052971884766105724,0.052971884766105724,0.05069311431551812,0.04411257461832096,0.040661981718889635
2023-06-07,0.049456608712592526,0.05278218543896945,0.052877039600766916,0.050312813873589095,0.044590883327875135,0.041237908016244745
2023-06-08,0.05116828657439943,0.05240267879304835,0.05249756895775399,0.04993236874820901,0.044208254664320365,0.04085399400826605
2023-06-09,0.05116828657439943,0.05230777962334486,0.05249756895775399,0.05040790254384569,0.044877758778085454,0.041429809763139556
2023-06-12,0.05107327018400062,0.05259245011917059,0.05240267879304835,0.05050298217310676,0.04449523988655121,0.04075799247216774
2023-06-13,0.05059805276309138,0.052212871446934234,0.052212871446934234,0.05126329393754153,0.04564235787870107,0.04210117601863539
2023-06-14,0.05050298217310676,0.052212871446934234,0.052212871446934234,0.05135829227514207,0.04631090286325026,0.04277209184386899
2023-06-15,0.05050298217310676,0.051928092860359196,0.051928092860359196,0.05078816683210506,0.04516455195437364,0.041429809763139556
2023-06-16,0.05050298217310676,0.05202302806715191,0.05211795426210667,0.05107327018400062,0.045928931888399804,0.042292912190251455
2023-06-19,0.05050298217310676,0.05202302806715191,0.05211795426210667,0.05107327018400062,0.045928931888399804,0.042292912190251455
2023-06-20,0.05040790254384569,0.05249756895775399,0.052687322279006465,0.05107327018400062,0.04573789167385373,0.04200529414503013
2023-06-21,0.050312813873589095,0.05259245011917059,0.052687322279006465,0.05116828657439943,0.04573789167385373,0.04200529414503013
2023-06-22,0.05050298217310676,0.05259245011917059,0.052687322279006465,0.0515482618805766,0.04659728537678218,0.04277209184386899
2023-06-23,0.05040790254384569,0.052687322279006465,0.052687322279006465,0.05116828657439943,0.046024438311279336,0.042292912190251455
2023-06-26,0.05040790254384569,0.053540766928029816,0.053066720936692235,0.05135829227514207,0.04545126290391738,0.04210117601863539
2023-06-27,0.05040790254384569,0.052971884766105724,0.053161548114232356,0.051928092860359196,0.04631090286325026,0.042867900227175806
2023-06-28,0.05040790254384569,0.052971884766105724,0.05325636630043149,0.05183314864001729,0.046024438311279336,0.042292912190251455
2023-06-29,0.05116828657439943,0.053161548114232356,0.053540766928029816,0.052687322279006465,0.047551301858222386,0.04392118705792815
2023-06-30,0.05107327018400062,0.052877039600766916,0.05325636630043149,0.05259245011917059,0.047551301858222386,0.04392118705792815
2023-07-03,0.05135829227514207,0.052971884766105724,0.05382508669490746,0.052877039600766916,0.04821857227047434,0.044590883327875135
2023-07-04,0.05135829227514207,0.052971884766105724,0.05382508669490746,0.052877039600766916,0.04821857227047434,0.044590883327875135
2023-07-05,0.051453281588915704,0.052971884766105724,0.05373032242096779,0.05259245011917059,0.04821857227047434,0.044877758778085454
2023-07-06,0.05183314864001729,0.053161548114232356,0.05391984198943043,0.052971884766105724,0.04869492153875855,0.04573789167385373
2023-07-07,0.05183314864001729,0.053161548114232356,0.05382508669490746,0.052687322279006465,0.04821857227047434,0.0453557017207972
2023-07-10,0.05202302806715191,0.05335117549699457,0.05391984198943043,0.05240267879304835,0.04736057135983758,0.04439958729668442
2023-07-11,0.05211795426210667,0.05344597570562603,0.05401458830623825,0.052971884766105724,0.04764665346735303,0.044208254664320365
2023-07-12,0.052212871446934234,0.05325636630043149,0.05382508669490746,0.05211795426210667,0.04611993561355312,0.04267627428043631
2023-07-13,0.05230777962334486,0.05325636630043149,0.05344597570562603,0.05135829227514207,0.044877758778085454,0.041237908016244745
2023-07-14,0.05230777962334486,0.05344597570562603,0.05373032242096779,0.05202302806715191,0.04631090286325026,0.04258044753511839
2023-07-17,0.05230777962334486,0.05344597570562603,0.05373032242096779,0.051928092860359196,0.04631090286325026,0.0424846116061553
2023-07-18,0.05230777962334486,0.05344597570562603,0.05363554916590941,0.05183314864001729,0.04631090286325026,0.04258044753511839
2023-07-19,0.05230777962334486,0.05344597570562603,0.05363554916590941,0.05183314864001729,0.04631090286325026,0.0424846116061553
2023-07-20,0.052971884766105724,0.05344597570562603,0.05373032242096779,0.05211795426210667,0.04688358589885042,0.04334680450336586
2023-07-21,0.052877039600766916,0.053540766928029816,0.05382508669490746,0.05211795426210667,0.04707440738592883,0.04344255784283673
2023-07-24,0.052971884766105724,0.05363554916590941,0.05401458830623825,0.05240267879304835,0.046979001193994605,0.04382547954002957
2023-07-25,0.053161548114232356,0.05363554916590941,0.05420405401351211,0.05240267879304835,0.04736057135983758,0.04430392555652441
2023-07-26,0.053161548114232356,0.05363554916590941,0.05401458830623825,0.05230777962334486,0.04707440738592883,0.04372976286132523
2023-07-27,0.05325636630043149,0.05363554916590941,0.05410932564703195,0.05259245011917059,0.047932653755302805,0.044782142771893185
2023-07-28,0.05325636630043149,0.05373032242096779,0.05391984198943043,0.05230777962334486,0.047551301858222386,0.044208254664320365
2023-07-31,0.05335117549699457,0.05401458830623825,0.05382508669490746,0.05230777962334486,0.04764665346735303,0.04411257461832096
2023-08-01,0.05344597570562603,0.05391984198943043,0.05391984198943043,0.05240267879304835,0.04802796901058155,0.044686517622406025
2023-08-02,0.05335117549699457,0.05382508669490746,0.05373032242096779,0.052212871446934234,0.04764665346735303,0.04439958729668442
2023-08-03,0.05391984198943043,0.05391984198943043,0.05373032242096779,0.05230777962334486,0.04783732941416013,0.044782142771893185
2023-08-04,0.05391984198943043,0.05391984198943043,0.053540766928029816,0.051928092860359196,0.04669272799198229,0.04353830201448343
2023-08-07,0.05391984198943043,0.05410932564703195,0.05382508669490746,0.05164323315183845,0.04650183365141978,0.04344255784283673
2023-08-08,0.05391984198943043,0.05420405401351211,0.05382508669490746,0.05211795426210667,0.04631090286325026,0.04267627428043631
2023-08-09,0.05363554916590941,0.05401458830623825,0.05391984198943043,0.05211795426210667,0.046788161498758925,0.0431552703139276
2023-08-10,0.05401458830623825,0.05391984198943043,0.05373032242096779,0.051928092860359196,0.04707440738592883,0.04372976286132523
2023-08-11,0.05391984198943043,0.05391984198943043,0.05373032242096779,0.052212871446934234,0.04774199598542116,0.044590883327875135
2023-08-14,0.05401458830623825,0.05410932564703195,0.05410932564703195,0.05230777962334486,0.048409139207687545,0.0453557017207972
2023-08-15,0.05382508669490746,0.05410932564703195,0.05401458830623825,0.052212871446934234,0.04802796901058155,0.0453557017207972
2023-08-16,0.05373032242096779,0.05410932564703195,0.05391984198943043,0.05230777962334486,0.04850440905961498,0.04573789167385373
2023-08-17,0.05401458830623825,0.05410932564703195,0.05382508669490746,0.052212871446934234,0.04821857227047434,0.04564235787870107
2023-08-18,0.05382508669490746,0.05401458830623825,0.05373032242096779,0.05211795426210667,0.04802796901058155,0.04526013140486457
2023-08-21,0.05401458830623825,0.05420405401351211,0.054298773407378806,0.05230777962334486,0.04850440905961498,0.045928931888399804
2023-08-22,0.05391984198943043,0.05420405401351211,0.05420405401351211,0.05249756895775399,0.048980622221621854,0.046406372814155744
2023-08-23,0.05391984198943043,0.05420405401351211,0.05401458830623825,0.05211795426210667,0.04831386027855063,0.0453557017207972
2023-08-24,0.05401458830623825,0.054298773407378806,0.054393483830331636,0.05249756895775399,0.04859966983606235,0.045833416343172215
2023-08-25,0.05410932564703195,0.054582877770291714,0.054582877770291714,0.052971884766105724,0.04907583764659264,0.04611993561355312
2023-08-28,0.05410932564703195,0.054298773407378806,0.05410932564703195,0.052971884766105724,0.04859966983606235,0.045833416343172215
2023-08-29,0.05391984198943043,0.05410932564703195,0.05373032242096779,0.05230777962334486,0.047551301858222386,0.044590883327875135
2023-08-30,0.05401458830623825,0.05410932564703195,0.05363554916590941,0.05249756895775399,0.04783732941416013,0.044686517622406025
2023-08-31,0.05373032242096779,0.05410932564703195,0.05335117549699457,0.05230777962334486,0.04736057135983758,0.04439958729668442
2023-09-01,0.05363554916590941,0.05382508669490746,0.05325636630043149,0.052212871446934234,0.047551301858222386,0.044686517622406025
2023-09-04,0.05363554916590941,0.05382508669490746,0.05325636630043149,0.052212871446934234,0.047551301858222386,0.044686517622406025
2023-09-05,0.05363554916590941,0.05401458830623825,0.05363554916590941,0.05278218543896945,0.04821857227047434,0.04545126290391738
2023-09-06,0.05373032242096779,0.05401458830623825,0.05373032242096779,0.052971884766105724,0.04888539772981063,0.04621542379696299
2023-09-07,0.05373032242096779,0.05382508669490746,0.053540766928029816,0.05259245011917059,0.04821857227047434,0.04554681495597039
2023-09-08,0.05373032242096779,0.05401458830623825,0.05344597570562603,0.05278218543896945,0.04859966983606235,0.04573789167385373
2023-09-11,0.05373032242096779,0.05401458830623825,0.05363554916590941,0.05259245011917059,0.04850440905961498,0.0453557017207972
2023-09-12,0.05373032242096779,0.05410932564703195,0.05382508669490746,0.05278218543896945,0.04859966983606235,0.04554681495597039
2023-09-13,0.05382508669490746,0.05401458830623825,0.05363554916590941,0.05278218543896945,0.048409139207687545,0.0453557017207972
2023-09-14,0.05373032242096779,0.05401458830623825,0.053540766928029816,0.05278218543896945,0.04879016416943201,0.04573789167385373
2023-09-15,0.05363554916590941,0.05410932564703195,0.05344597570562603,0.052877039600766916,0.048980622221621854,0.04611993561355312
2023-09-18,0.05382508669490746,0.05401458830623825,0.05363554916590941,0.052971884766105724,0.049266241302918054,0.04631090286325026
2023-09-19,0.05382508669490746,0.05391984198943043,0.05363554916590941,0.053066720936692235,0.049551778829247745,0.046788161498758925
2023-09-20,0.05382508669490746,0.05410932564703195,0.05363554916590941,0.05325636630043149,0.04993236874820901,0.04707440738592883
2023-09-21,0.05373032242096779,0.05420405401351211,0.05373032242096779,0.053161548114232356,0.04993236874820901,0.04736057135983758
2023-09-22,0.05373032242096779,0.05410932564703195,0.05373032242096779,0.053161548114232356,0.04974209189481407,0.04688358589885042
2023-09-25,0.05391984198943043,0.054298773407378806,0.05373032242096779,0.053066720936692235,0.04964693988941377,0.04716980447638992
2023-09-26,0.05391984198943043,0.054298773407378806,0.05382508669490746,0.053066720936692235,0.04917104400644938,0.04726519246711422
2023-09-27,0.05391984198943043,0.054298773407378806,0.05382508669490746,0.05344597570562603,0.04974209189481407,0.04774199598542116
2023-09-28,0.05410932564703195,0.05410932564703195,0.05382508669490746,0.053161548114232356,0.04917104400644938,0.04716980447638992
2023-09-29,0.05401458830623825,0.05401458830623825,0.05382508669490746,0.053161548114232356,0.04907583764659264,0.04688358589885042
2023-10-02,0.05410932564703195,0.05467756129069573,0.054298773407378806,0.05344597570562603,0.04993236874820901,0.04764665346735303
2023-10-03,0.05401458830623825,0.05467756129069573,0.054298773407378806,0.05344597570562603,0.050217716160617425,0.04831386027855063
2023-10-04,0.05410932564703195,0.054582877770291714,0.05420405401351211,0.05278218543896945,0.049266241302918054,0.04736057135983758
2023-10-05,0.05420405401351211,0.054582877770291714,0.05410932564703195,0.05249756895775399,0.04907583764659264,0.04707440738592883
2023-10-06,0.054393483830331636,0.05477223584697946,0.054393483830331636,0.052877039600766916,0.049551778829247745,0.047551301858222386
2023-10-09,0.054393483830331636,0.05477223584697946,0.054393483830331636,0.052877039600766916,0.049551778829247745,0.047551301858222386
2023-10-10,0.05448818528406973,0.054582877770291714,0.05420405401351211,0.05230777962334486,0.048409139207687545,0.04631090286325026
2023-10-11,0.054298773407378806,0.054582877770291714,0.05410932564703195,0.05240267879304835,0.04869492153875855,0.04621542379696299
2023-10-12,0.054582877770291714,0.05477223584697946,0.054298773407378806,0.052877039600766916,0.049361429537724114,0.04707440738592883
2023-10-13,0.05448818528406973,0.05467756129069573,0.05420405401351211,0.052687322279006465,0.04917104400644938,0.04688358589885042
2023-10-16,0.05420405401351211,0.054582877770291714,0.054298773407378806,0.05278218543896945,0.04964693988941377,0.047551301858222386
2023-10-17,0.054298773407378806,0.05467756129069573,0.05448818528406973,0.05335117549699457,0.05059805276309138,0.04888539772981063
2023-10-18,0.05420405401351211,0.054582877770291714,0.054298773407378806,0.05325636630043149,0.05059805276309138,0.04907583764659264
2023-10-19,0.054298773407378806,0.05448818528406973,0.05410932564703195,0.052971884766105724,0.050122609403210616,0.04888539772981063
2023-10-20,0.05410932564703195,0.054298773407378806,0.05391984198943043,0.052687322279006465,0.049456608712592526,0.04812327518172827
2023-10-23,0.05420405401351211,0.054298773407378806,0.05410932564703195,0.05278218543896945,0.049266241302918054,0.04774199598542116
2023-10-24,0.05420405401351211,0.054298773407378806,0.05420405401351211,0.052687322279006465,0.048980622221621854,0.047932653755302805
2023-10-25,0.05410932564703195,0.054393483830331636,0.05420405401351211,0.052877039600766916,0.049551778829247745,0.04859966983606235
2023-10-26,0.05420405401351211,0.054393483830331636,0.05401458830623825,0.05249756895775399,0.048980622221621854,0.04774199598542116
2023-10-27,0.05420405401351211,0.054393483830331636,0.05401458830623825,0.05249756895775399,0.04869492153875855,0.04726519246711422
2023-10-30,0.05410932564703195,0.05448818528406973,0.05382508669490746,0.052687322279006465,0.04907583764659264,0.047551301858222386
2023-10-31,0.05410932564703195,0.054393483830331636,0.05391984198943043,0.052971884766105724,0.049456608712592526,0.04783732941416013
2023-11-01,0.05410932564703195,0.05420405401351211,0.05363554916590941,0.05230777962334486,0.04831386027855063,0.04650183365141978
2023-11-02,0.05373032242096779,0.05391984198943043,0.053540766928029816,0.05240267879304835,0.04859966983606235,0.04669272799198229
2023-11-03,0.05382508669490746,0.05382508669490746,0.053066720936692235,0.0515482618805766,0.04716980447638992,0.04516455195437364
2023-11-06,0.05382508669490746,0.05410932564703195,0.05325636630043149,0.051928092860359196,0.04812327518172827,0.04611993561355312
2023-11-07,0.05382508669490746,0.05401458830623825,0.05325636630043149,0.051928092860359196,0.047932653755302805,0.0453557017207972
2023-11-08,0.05373032242096779,0.05391984198943043,0.053161548114232356,0.05202302806715191,0.04812327518172827,0.04545126290391738
2023-11-09,0.05382508669490746,0.05391984198943043,0.053161548114232356,0.05249756895775399,0.04907583764659264,0.04659728537678218
2023-11-10,0.05382508669490746,0.05382508669490746,0.053161548114232356,0.05240267879304835,0.04917104400644938,0.04688358589885042
2023-11-13,0.05382508669490746,0.05401458830623825,0.05335117549699457,0.05230777962334486,0.048980622221621854,0.04688358589885042
2023-11-14,0.05373032242096779,0.05373032242096779,0.052687322279006465,0.05107327018400062,0.04688358589885042,0.044590883327875135
2023-11-15,0.05373032242096779,0.05382508669490746,0.052687322279006465,0.05135829227514207,0.04783732941416013,0.04573789167385373
2023-11-16,0.05382508669490746,0.05363554916590941,0.05240267879304835,0.05097824476462945,0.04716980447638992,0.044877758778085454
2023-11-17,0.05373032242096779,0.053540766928029816,0.05249756895775399,0.05107327018400062,0.04764665346735303,0.0453557017207972
2023-11-20,0.05382508669490746,0.05391984198943043,0.052877039600766916,0.05116828657439943,0.04774199598542116,0.04516455195437364
2023-11-21,0.05373032242096779,0.05382508669490746,0.05278218543896945,0.05107327018400062,0.04745594115629536,0.044973365642731154
2023-11-22,0.05391984198943043,0.05391984198943043,0.05278218543896945,0.05126329393754153,0.04774199598542116,0.04516455195437364
2023-11-23,0.05391984198943043,0.05391984198943043,0.05278218543896945,0.05126329393754153,0.04774199598542116,0.04516455195437364
2023-11-24,0.05401458830623825,0.05391984198943043,0.053066720936692235,0.05135829227514207,0.04802796901058155,0.04564235787870107
2023-11-27,0.05391984198943043,0.05344597570562603,0.053066720936692235,0.05107327018400062,0.04726519246711422,0.044973365642731154
2023-11-28,0.05382508669490746,0.05325636630043149,0.05278218543896945,0.05078816683210506,0.04621542379696299,0.04392118705792815
2023-11-29,0.05382508669490746,0.053066720936692235,0.05240267879304835,0.04993236874820901,0.0453557017207972,0.04305948946044698
2023-11-30,0.05410932564703195,0.053066720936692235,0.05240267879304835,0.050312813873589095,0.04621542379696299,0.04382547954002957
2023-12-01,0.05401458830623825,0.052877039600766916,0.051928092860359196,0.049266241302918054,0.044590883327875135,0.04219704869978835
2023-12-04,0.05401458830623825,0.053161548114232356,0.052687322279006465,0.04974209189481407,0.0453557017207972,0.04305948946044698
2023-12-05,0.05391984198943043,0.053066720936692235,0.05230777962334486,0.049361429537724114,0.044686517622406025,0.04238876649178663
2023-12-06,0.05391984198943043,0.053066720936692235,0.05240267879304835,0.049456608712592526,0.044973365642731154,0.04238876649178663
2023-12-07,0.05382508669490746,0.052971884766105724,0.052212871446934234,0.049266241302918054,0.044782142771893185,0.04219704869978835
2023-12-08,0.05391984198943043,0.052971884766105724,0.05249756895775399,0.050027493599648164,0.046024438311279336,0.04353830201448343
2023-12-11,0.05401458830623825,0.05325636630043149,0.05259245011917059,0.050122609403210616,0.046024438311279336,0.04325104199431493
2023-12-12,0.05382508669490746,0.053161548114232356,0.052687322279006465,0.050122609403210616,0.04621542379696299,0.04325104199431493
2023-12-13,0.05373032242096779,0.052971884766105724,0.051928092860359196,0.04821857227047434,0.04363403702006131,0.04094998632895411
2023-12-14,0.05391984198943043,0.052877039600766916,0.05173819540441443,0.04783732941416013,0.04277209184386899,0.04008572353928564
2023-12-15,0.05391984198943043,0.052971884766105724,0.051928092860359196,0.04831386027855063,0.04344255784283673,0.040469932553713214
2023-12-18,0.05373032242096779,0.053161548114232356,0.052212871446934234,0.04831386027855063,0.04334680450336586,0.040661981718889635
2023-12-19,0.05363554916590941,0.052877039600766916,0.05211795426210667,0.04812327518172827,0.0431552703139276,0.040661981718889635
2023-12-20,0.053540766928029816,0.052971884766105724,0.051928092860359196,0.04764665346735303,0.0424846116061553,0.039797469874066085
2023-12-21,0.05391984198943043,0.05278218543896945,0.05173819540441443,0.04726519246711422,0.04238876649178663,0.039797469874066085
2023-12-22,0.05391984198943043,0.052971884766105724,0.05173819540441443,0.04707440738592883,0.04219704869978835,0.039605254592359425
2023-12-25,0.05391984198943043,0.052971884766105724,0.05173819540441443,0.04707440738592883,0.04219704869978835,0.039605254592359425
2023-12-26,0.05382508669490746,0.053066720936692235,0.051453281588915704,0.04716980447638992,0.0417175933518685,0.03970136685155207
2023-12-27,0.05401458830623825,0.052971884766105724,0.05126329393754153,0.046788161498758925,0.04114194333117518,0.038932210001787475
2023-12-28,0.05420405401351211,0.053066720936692235,0.051453281588915704,0.04707440738592883,0.0417175933518685,0.039413002356835036
2023-12-29,0.05448818528406973,0.05259245011917059,0.05126329393754153,0.046788161498758925,0.041429809763139556,0.03931686237695038
